,last_scraped,source,name,host_name,host_location,host_is_superhost,host_identity_verified,neighbourhood_cleansed,property_type,room_type,price_quote_checkin_date,price_quote_checkout_date,has_availability,calendar_last_scraped,first_review,last_review,hosts_time_as_user_years,hosts_time_as_user_months,hosts_time_as_host_years,hosts_time_as_host_months,host_listings_count,latitude,longitude,accommodates,bathrooms,bedrooms,beds,price,price_quote_total_price,price_quote_price_per_night,minimum_nights,maximum_nights,availability_30,availability_60,availability_90,availability_365,number_of_reviews,number_of_reviews_ltm,number_of_reviews_ly,review_scores_rating,review_scores_accuracy,review_scores_checkin,review_scores_communication,review_scores_location,review_scores_value,reviews_per_month,calculated_host_listings_count,calculated_host_listings_count_entire_homes
0,24/06/2026,city scrape,Westboro Village Executive Suite,Glenn,"Ottawa, Canada",t,t,Kitchissippi,Entire rental unit,Entire home/apt,14/07/2026,17/07/2026,t,24/06/2026,24/12/2011,22/06/2026,14.0,7.0,14.0,7.0,1.0,45.0,-75.0,4.0,1.0,2.0,3.0,211.0,634.0,211.0,3.0,180.0,5.0,6.0,13.0,118.0,133.0,18.0,21.0,4.0,4.0,4.0,4.0,4.0,4.0,0.0,1.0,1.0
1,24/06/2026,city scrape,Rural charm close to the city,Daniel,"Ottawa, Canada",t,t,Rideau-Goulbourn,Entire home,Entire home/apt,02/07/2026,04/07/2026,t,24/06/2026,19/02/2013,29/05/2026,7.0,6.0,3.0,6.0,2.0,45.0,-75.0,2.0,1.0,2.0,1.0,103.0,1626.0,103.0,30.0,365.0,12.0,29.0,53.0,235.5,22.0,1.0,1.0,4.0,4.0,4.0,4.0,4.0,4.0,1.0,2.0,1.0
2,24/06/2026,city scrape,Cozy Basement Studio Old Ottawa East,Ela,"Ottawa, Canada",t,t,Capital,Private room in home,Private room,02/08/2026,01/09/2026,t,24/06/2026,29/04/2018,31/05/2026,7.0,6.0,3.0,6.0,2.0,45.0,-75.0,2.0,1.0,2.0,1.0,103.0,1626.0,103.0,30.0,365.0,12.0,29.0,53.0,235.5,22.0,1.0,1.0,4.0,4.0,4.0,4.0,4.0,4.0,1.0,2.0,1.0
3,24/06/2026,city scrape,Up to 3-bdrm with privacy - quiet & safe,William,"Ottawa, Canada",f,t,Gloucester-South Nepean,Entire rental unit,Entire home/apt,03/07/2026,05/07/2026,t,24/06/2026,02/07/2013,12/06/2026,7.0,6.0,3.0,6.0,2.0,45.0,-75.0,2.0,1.0,2.0,1.0,103.0,1626.0,103.0,30.0,365.0,12.0,29.0,53.0,235.5,22.0,1.0,1.0,4.0,4.0,4.0,4.0,4.0,4.0,1.0,2.0,1.0
4,24/06/2026,city scrape,"Adorable 2 bdrm, Central Ottawa PD1",Greg And Valerie,"Ottawa, Canada",t,t,Kitchissippi,Entire home,Entire home/apt,18/01/2027,18/02/2027,t,24/06/2026,25/10/2015,15/06/2025,13.0,10.0,13.0,10.0,8.0,45.0,-75.0,4.0,1.0,2.0,2.0,98.0,3040.0,98.0,31.0,180.0,0.0,0.0,0.0,150.0,11.0,0.0,2.0,4.0,4.0,4.0,4.0,4.0,4.0,0.0,8.0,4.0
5,24/06/2026,city scrape,Highly desirable Ottawa & Wellington Village West!,Greg And Valerie,"Ottawa, Canada",t,t,Kitchissippi,Entire townhouse,Entire home/apt,01/11/2026,02/12/2026,t,24/06/2026,09/03/2015,26/02/2026,13.0,10.0,13.0,10.0,8.0,45.0,-75.0,4.0,1.0,2.0,2.0,136.0,4218.0,136.0,31.0,1125.0,0.0,0.0,0.0,143.0,14.0,3.0,2.0,4.0,4.0,5.0,5.0,4.0,4.0,0.0,8.0,4.0
6,02/07/2026,previous scrape,Room for rent Downtown Ottawa R,Nicole,"Ottawa, Canada",f,t,Somerset,Private room in rental unit,Private room,02/07/2026,30/09/2026,t,02/07/2026,27/05/2013,28/09/2016,7.0,6.0,3.0,6.0,2.0,45.0,-75.0,2.0,1.0,2.0,1.0,103.0,1626.0,103.0,30.0,365.0,12.0,29.0,53.0,235.5,22.0,1.0,1.0,4.0,4.0,4.0,4.0,4.0,4.0,1.0,2.0,1.0
7,02/07/2026,previous scrape,Smart flat near Center&Glebe+Garage,Maria,"Ottawa, Canada",t,t,Somerset,Entire rental unit,Entire home/apt,03/07/2026,01/09/2026,t,02/07/2026,19/04/2013,31/03/2026,7.0,6.0,3.0,6.0,2.0,45.0,-75.0,2.0,1.0,2.0,1.0,103.0,1626.0,103.0,30.0,365.0,12.0,29.0,53.0,235.5,22.0,1.0,1.0,4.0,4.0,4.0,4.0,4.0,4.0,1.0,2.0,1.0
8,02/07/2026,previous scrape,Central New condo w Balcony/Garage!,Maria,"Ottawa, Canada",t,t,Somerset,Entire condo,Entire home/apt,01/11/2026,31/12/2026,t,02/07/2026,03/05/2013,26/04/2026,7.0,6.0,3.0,6.0,2.0,45.0,-75.0,2.0,1.0,2.0,1.0,103.0,1626.0,103.0,30.0,365.0,12.0,29.0,53.0,235.5,22.0,1.0,1.0,4.0,4.0,4.0,4.0,4.0,4.0,1.0,2.0,1.0
9,24/06/2026,city scrape,Lakehouse Inspired Retreat Close to Downtown,Melanie,"Ottawa, Canada",f,t,Rideau-Rockcliffe,Entire home,Entire home/apt,02/07/2026,01/08/2026,t,24/06/2026,24/05/2016,29/12/2021,7.0,6.0,3.0,6.0,2.0,45.0,-75.0,2.0,1.0,2.0,1.0,103.0,1626.0,103.0,30.0,365.0,12.0,29.0,53.0,235.5,22.0,1.0,1.0,4.0,4.0,4.0,4.0,4.0,4.0,1.0,2.0,1.0
10,24/06/2026,city scrape,"Lovely Victorian in the Glebe, Steps from Canal",Nomi,"Ottawa, Canada",f,t,Capital,Entire townhouse,Entire home/apt,09/07/2026,16/07/2026,t,24/06/2026,05/08/2017,30/08/2017,7.0,6.0,3.0,6.0,2.0,45.0,-75.0,2.0,1.0,2.0,1.0,103.0,1626.0,103.0,30.0,365.0,12.0,29.0,53.0,235.5,22.0,1.0,1.0,4.0,4.0,4.0,4.0,4.0,4.0,1.0,2.0,1.0
11,24/06/2026,city scrape,Bedroom in kanata south free parking & Gym access,Abdo,"Ottawa, Canada",f,t,Kanata South,Private room in home,Private room,24/06/2026,24/07/2026,t,24/06/2026,29/01/2022,16/06/2025,13.0,4.0,4.0,5.0,3.0,45.0,-75.0,1.0,1.0,2.0,1.0,50.0,1522.0,50.0,30.0,1125.0,30.0,60.0,90.0,365.0,18.0,0.0,1.0,4.0,4.0,4.0,4.0,4.0,4.0,0.0,2.0,0.0
12,24/06/2026,city scrape,Zen Tranquility Retreat,Vania,"Ottawa, Canada",f,t,Barrhaven,Entire townhouse,Entire home/apt,28/09/2026,29/10/2026,t,24/06/2026,22/09/2019,01/09/2023,6.0,9.0,6.0,9.0,1.0,45.0,-75.0,5.0,1.0,3.0,3.0,146.0,4555.0,146.0,31.0,1125.0,1.0,22.0,22.0,196.0,33.0,0.0,0.0,4.0,4.0,4.0,4.0,4.0,4.0,0.0,1.0,1.0
13,24/06/2026,city scrape,Centrally located 3 bedroom home in Westboro!,Anne-Marie,"Ottawa, Canada",f,t,Kitchissippi,Entire bungalow,Entire home/apt,01/05/2027,31/05/2027,t,24/06/2026,27/12/2013,30/06/2025,13.0,0.0,12.0,8.0,1.0,45.0,-75.0,4.0,1.0,2.0,2.0,169.0,5071.0,169.0,30.0,1125.0,0.0,0.0,0.0,54.0,62.0,1.0,1.0,4.0,4.0,4.0,4.0,4.0,4.0,0.0,1.0,1.0
14,02/07/2026,previous scrape,Mer Bleue Private Apartment,Nadine,"Ottawa, Canada",f,t,Innes,Entire rental unit,Entire home/apt,0000-00-00,"""0000-00-00""",t,02/07/2026,03/05/2015,29/03/2022,12.0,7.0,11.0,2.0,1.0,45.0,-75.0,3.0,1.0,1.0,2.0,173.0,2246.0,173.0,30.0,120.0,0.0,0.0,0.0,0.0,105.0,0.0,0.0,4.0,4.0,4.0,4.0,4.0,4.0,0.0,1.0,1.0
15,24/06/2026,city scrape,Bright Modern & Spacious - Executive Rental,Trevor,"Ottawa, Canada",t,t,College,Entire home,Entire home/apt,19/07/2026,16/08/2026,t,24/06/2026,30/01/2015,31/03/2026,12.0,5.0,12.0,5.0,3.0,45.0,-75.0,2.0,1.0,1.0,1.0,125.0,3516.0,125.0,28.0,730.0,5.0,35.0,65.0,340.0,84.0,4.0,5.0,4.0,4.0,4.0,5.0,4.0,4.0,0.0,3.0,3.0
16,24/06/2026,city scrape,Charming Eurostyle apartment! PD2,Greg And Valerie,"Ottawa, Canada",t,t,Kitchissippi,Entire rental unit,Entire home/apt,03/08/2026,03/09/2026,t,24/06/2026,19/09/2015,30/04/2026,13.0,10.0,13.0,10.0,8.0,45.0,-75.0,2.0,1.0,1.0,1.0,87.0,2726.0,87.0,31.0,1125.0,0.0,20.0,41.0,104.0,26.0,4.0,3.0,4.0,4.0,4.0,4.0,4.0,4.0,0.0,8.0,4.0
17,24/06/2026,city scrape,Central Ottawa Micro Condo Studio w Heated Parking,Evaldo,"Ottawa, Canada",t,t,Somerset,Entire condo,Entire home/apt,20/09/2026,20/10/2026,t,24/06/2026,24/03/2014,12/02/2026,7.0,6.0,3.0,6.0,2.0,45.0,-75.0,2.0,1.0,2.0,1.0,103.0,1626.0,103.0,30.0,365.0,12.0,29.0,53.0,235.5,22.0,1.0,1.0,4.0,4.0,4.0,4.0,4.0,4.0,1.0,2.0,1.0
18,24/06/2026,city scrape,Private unit close to Rideau Canal,Diem,"Ottawa, Canada",t,t,Capital,Entire guest suite,Entire home/apt,30/06/2026,01/07/2026,t,24/06/2026,19/08/2014,21/06/2026,7.0,6.0,3.0,6.0,2.0,45.0,-75.0,2.0,1.0,2.0,1.0,103.0,1626.0,103.0,30.0,365.0,12.0,29.0,53.0,235.5,22.0,1.0,1.0,4.0,4.0,4.0,4.0,4.0,4.0,1.0,2.0,1.0
19,24/06/2026,city scrape,Studio 2 OTTAWA WEST,Mariya,"Ottawa, Canada",t,t,College,Private room in home,Private room,25/06/2026,26/06/2026,t,24/06/2026,10/11/2014,21/06/2026,12.0,3.0,12.0,2.0,2.0,45.0,-75.0,1.0,1.0,2.0,1.0,94.0,94.0,94.0,1.0,1125.0,25.0,25.0,39.0,140.0,108.0,22.0,25.0,4.0,4.0,4.0,4.0,4.0,4.0,0.0,2.0,0.0
20,02/07/2026,previous scrape,3 Bedroom Executive Apt in Westboro,Michael,"Ottawa, Canada",f,t,Kitchissippi,Entire rental unit,Entire home/apt,0000-00-00,"""0000-00-00""",t,02/07/2026,28/06/2014,01/09/2025,12.0,10.0,12.0,0.0,1.0,45.0,-75.0,5.0,1.0,3.0,2.0,173.0,2246.0,173.0,3.0,1125.0,0.0,0.0,0.0,0.0,64.0,9.0,9.0,4.0,4.0,4.0,4.0,4.0,4.0,0.0,1.0,1.0
21,24/06/2026,city scrape,Large and bright apt. near downtown,Sylvie,"Ottawa, Canada",f,t,Rideau-Vanier,Entire rental unit,Entire home/apt,11/07/2026,10/08/2026,t,24/06/2026,30/06/2014,30/09/2025,14.0,1.0,12.0,2.0,1.0,45.0,-75.0,3.0,1.0,2.0,2.0,81.0,2448.0,81.0,30.0,182.0,13.0,43.0,73.0,348.0,35.0,1.0,1.0,4.0,4.0,4.0,4.0,4.0,4.0,0.0,1.0,1.0
22,24/06/2026,city scrape,Cozy and  vintage  spot in the heart of Ottawa,Emma And Ed,"Ottawa, Canada",t,t,Rideau-Vanier,Private room in guest suite,Private room,24/06/2026,25/06/2026,t,24/06/2026,12/09/2014,10/06/2026,7.0,6.0,3.0,6.0,2.0,45.0,-75.0,2.0,1.0,2.0,1.0,103.0,1626.0,103.0,30.0,365.0,12.0,29.0,53.0,235.5,22.0,1.0,1.0,4.0,4.0,4.0,4.0,4.0,4.0,1.0,2.0,1.0
23,24/06/2026,city scrape,Cozy and modern in Ottawa's Westboro Village,Dominika,"Ottawa, Canada",t,t,Kitchissippi,Entire guest suite,Entire home/apt,01/09/2026,01/10/2026,t,24/06/2026,25/12/2023,30/05/2026,7.0,6.0,3.0,6.0,2.0,45.0,-75.0,2.0,1.0,2.0,1.0,103.0,1626.0,103.0,30.0,365.0,12.0,29.0,53.0,235.5,22.0,1.0,1.0,4.0,4.0,4.0,4.0,4.0,4.0,1.0,2.0,1.0
24,24/06/2026,city scrape,Heart of Ottawa's Attractions,Mojgan,"Ottawa, Canada",t,t,Rideau-Vanier,Entire rental unit,Entire home/apt,24/06/2026,24/07/2026,t,24/06/2026,18/09/2014,28/04/2019,11.0,10.0,11.0,10.0,3.0,45.0,-75.0,3.0,1.0,1.0,2.0,135.0,4060.0,135.0,30.0,1125.0,30.0,60.0,90.0,365.0,112.0,0.0,0.0,4.0,4.0,4.0,4.0,4.0,4.0,0.0,3.0,3.0
25,24/06/2026,city scrape,Victorian House in Byward Market,Irma,"Ottawa, Canada",f,t,Rideau-Vanier,Entire townhouse,Entire home/apt,01/07/2026,15/07/2026,t,24/06/2026,23/11/2014,08/06/2025,7.0,6.0,3.0,6.0,2.0,45.0,-75.0,2.0,1.0,2.0,1.0,103.0,1626.0,103.0,30.0,365.0,12.0,29.0,53.0,235.5,22.0,1.0,1.0,4.0,4.0,4.0,4.0,4.0,4.0,1.0,2.0,1.0
26,24/06/2026,city scrape,Two-bedroom executive suite in a country setting,Claudette,"Ottawa, Canada",t,t,Cumberland,Private room in home,Private room,04/09/2026,04/10/2026,t,24/06/2026,28/10/2014,17/05/2026,11.0,9.0,11.0,9.0,3.0,45.0,-75.0,4.0,1.0,2.0,2.0,68.0,2049.0,68.0,30.0,1125.0,0.0,0.0,18.0,293.0,80.0,1.0,0.0,4.0,4.0,4.0,4.0,4.0,4.0,0.0,3.0,0.0
27,24/06/2026,city scrape,Chic 1 Bedroom in Beechwood Village (Suite 1),Jane,"Ottawa, Canada",f,t,Rideau-Vanier,Entire rental unit,Entire home/apt,27/07/2026,26/08/2026,t,24/06/2026,08/11/2014,04/05/2026,11.0,9.0,11.0,9.0,2.0,45.0,-75.0,2.0,1.0,1.0,1.0,76.0,2284.0,76.0,30.0,1125.0,0.0,27.0,37.0,283.0,37.0,2.0,2.0,4.0,4.0,4.0,4.0,4.0,4.0,0.0,2.0,2.0
28,02/07/2026,previous scrape,Walkable Central 1BR House | Parking,Ains,"Ottawa, Canada",t,t,Somerset,Entire home,Entire home/apt,0000-00-00,"""0000-00-00""",t,02/07/2026,22/11/2014,11/06/2026,14.0,8.0,14.0,8.0,1.0,45.0,-75.0,2.0,1.0,1.0,2.0,173.0,2246.0,173.0,1.0,28.0,1.0,1.0,1.0,1.0,46.0,5.0,4.0,4.0,4.0,4.0,4.0,4.0,4.0,0.0,1.0,1.0
29,24/06/2026,city scrape,Webster Gardens,Fay,"Ottawa, Canada",f,t,Alta Vista,Private room in bed and breakfast,Private room,25/06/2026,25/07/2026,t,24/06/2026,01/02/2015,26/06/2023,11.0,6.0,11.0,6.0,2.0,45.0,-75.0,2.0,1.0,2.0,1.0,94.0,2838.0,94.0,30.0,1125.0,29.0,59.0,89.0,364.0,49.0,0.0,0.0,4.0,4.0,4.0,4.0,4.0,4.0,0.0,2.0,0.0
30,24/06/2026,city scrape,"Artful Canal/Glebe Loft  | Sunny, Scenic & Central",James,"Ottawa, Canada",t,t,Capital,Entire loft,Entire home/apt,29/06/2026,30/06/2026,t,24/06/2026,24/01/2015,20/06/2026,7.0,6.0,3.0,6.0,2.0,45.0,-75.0,2.0,1.0,2.0,1.0,103.0,1626.0,103.0,30.0,365.0,12.0,29.0,53.0,235.5,22.0,1.0,1.0,4.0,4.0,4.0,4.0,4.0,4.0,1.0,2.0,1.0
31,02/07/2026,previous scrape,Charming Westboro location - comfortable bedroom,Brenda,"Ottawa, Canada",f,t,Kitchissippi,Private room in home,Private room,01/11/2026,31/12/2026,t,02/07/2026,09/09/2015,27/06/2026,11.0,5.0,11.0,2.0,2.0,45.0,-75.0,1.0,1.0,2.0,2.0,14.0,886.0,14.0,60.0,500.0,0.0,26.0,26.0,87.0,66.0,5.0,2.0,4.0,4.0,4.0,4.0,4.0,4.0,0.0,2.0,0.0
32,24/06/2026,city scrape,Webster Gardens,Fay,"Ottawa, Canada",f,t,Alta Vista,Private room in home,Private room,25/06/2026,25/07/2026,t,24/06/2026,20/02/2015,20/02/2023,11.0,6.0,11.0,6.0,2.0,45.0,-75.0,2.0,1.0,2.0,1.0,94.0,2838.0,94.0,30.0,1125.0,29.0,59.0,89.0,89.0,47.0,0.0,0.0,4.0,4.0,4.0,4.0,4.0,4.0,0.0,2.0,0.0
33,24/06/2026,city scrape,Central New York Loft Style 2 BDM,Lisa,"Ontario, Canada",t,t,Somerset,Entire rental unit,Entire home/apt,14/10/2026,13/11/2026,t,24/06/2026,10/04/2015,01/05/2026,7.0,6.0,3.0,6.0,2.0,45.0,-75.0,2.0,1.0,2.0,1.0,103.0,1626.0,103.0,30.0,365.0,12.0,29.0,53.0,235.5,22.0,1.0,1.0,4.0,4.0,4.0,4.0,4.0,4.0,1.0,2.0,1.0
34,24/06/2026,city scrape,Awesome view of the Gatineau Mountains.,Debra,"Ottawa, Canada",f,t,West Carleton-March,Private room in bungalow,Private room,25/06/2026,25/07/2026,t,24/06/2026,02/07/2017,22/10/2017,7.0,6.0,3.0,6.0,2.0,45.0,-75.0,2.0,1.0,2.0,1.0,103.0,1626.0,103.0,30.0,365.0,12.0,29.0,53.0,235.5,22.0,1.0,1.0,4.0,4.0,4.0,4.0,4.0,4.0,1.0,2.0,1.0
35,24/06/2026,city scrape,The PORCH'S Little Bit of Country!,Nancy And John,"Ottawa, Canada",t,t,College,Private room in home,Private room,29/06/2026,30/06/2026,t,24/06/2026,17/05/2015,31/05/2026,7.0,6.0,3.0,6.0,2.0,45.0,-75.0,2.0,1.0,2.0,1.0,103.0,1626.0,103.0,30.0,365.0,12.0,29.0,53.0,235.5,22.0,1.0,1.0,4.0,4.0,4.0,4.0,4.0,4.0,1.0,2.0,1.0
36,24/06/2026,city scrape,The PORCH'S Sunny Yellow Room,Nancy And John,"Ottawa, Canada",t,t,College,Private room in home,Private room,29/06/2026,30/06/2026,t,24/06/2026,19/05/2015,21/06/2026,7.0,6.0,3.0,6.0,2.0,45.0,-75.0,2.0,1.0,2.0,1.0,103.0,1626.0,103.0,30.0,365.0,12.0,29.0,53.0,235.5,22.0,1.0,1.0,4.0,4.0,4.0,4.0,4.0,4.0,1.0,2.0,1.0
37,24/06/2026,city scrape,"Gorgeous, Large 3 Bed Downtown with Parking",Lisa,"Ontario, Canada",t,t,Somerset,Entire townhouse,Entire home/apt,06/08/2026,06/09/2026,t,24/06/2026,29/06/2015,02/05/2026,7.0,6.0,3.0,6.0,2.0,45.0,-75.0,2.0,1.0,2.0,1.0,103.0,1626.0,103.0,30.0,365.0,12.0,29.0,53.0,235.5,22.0,1.0,1.0,4.0,4.0,4.0,4.0,4.0,4.0,1.0,2.0,1.0
38,24/06/2026,city scrape,This cozy one bedroom in-law suite,Andrea And Dara,"Ottawa, Canada",f,t,Kitchissippi,Entire rental unit,Entire home/apt,04/07/2026,07/07/2026,t,24/06/2026,29/05/2015,19/06/2026,7.0,6.0,3.0,6.0,2.0,45.0,-75.0,2.0,1.0,2.0,1.0,103.0,1626.0,103.0,30.0,365.0,12.0,29.0,53.0,235.5,22.0,1.0,1.0,4.0,4.0,4.0,4.0,4.0,4.0,1.0,2.0,1.0
39,24/06/2026,city scrape,Studio apt. best location in Ottawa,Mojgan,"Ottawa, Canada",t,t,Rideau-Vanier,Entire rental unit,Entire home/apt,24/06/2026,24/07/2026,t,24/06/2026,30/05/2015,30/08/2024,7.0,6.0,3.0,6.0,2.0,45.0,-75.0,2.0,1.0,2.0,1.0,103.0,1626.0,103.0,30.0,365.0,12.0,29.0,53.0,235.5,22.0,1.0,1.0,4.0,4.0,4.0,4.0,4.0,4.0,1.0,2.0,1.0
40,24/06/2026,city scrape,Crystal Bay Loft,Gerald,"Ottawa, Canada",t,t,Bay,Private room in home,Private room,30/06/2026,02/07/2026,t,24/06/2026,02/06/2015,22/06/2026,7.0,6.0,3.0,6.0,2.0,45.0,-75.0,2.0,1.0,2.0,1.0,103.0,1626.0,103.0,30.0,365.0,12.0,29.0,53.0,235.5,22.0,1.0,1.0,4.0,4.0,4.0,4.0,4.0,4.0,1.0,2.0,1.0
41,24/06/2026,city scrape,"Comfy mini-suite, great location.",Linden,"Ottawa, Canada",f,t,Capital,Private room in home,Private room,31/12/2026,31/01/2027,t,24/06/2026,24/05/2015,02/05/2026,11.0,1.0,11.0,1.0,2.0,45.0,-75.0,1.0,1.0,2.0,1.0,53.0,1646.0,53.0,31.0,180.0,0.0,0.0,0.0,175.0,154.0,4.0,5.0,4.0,4.0,4.0,4.0,4.0,4.0,1.0,2.0,0.0
42,24/06/2026,city scrape,Ultra Modern Chalet in the Woods,Peter,"Ottawa, Canada",t,t,West Carleton-March,Entire chalet,Entire home/apt,09/07/2026,11/07/2026,t,24/06/2026,31/05/2015,25/05/2026,7.0,6.0,3.0,6.0,2.0,45.0,-75.0,2.0,1.0,2.0,1.0,103.0,1626.0,103.0,30.0,365.0,12.0,29.0,53.0,235.5,22.0,1.0,1.0,4.0,4.0,4.0,4.0,4.0,4.0,1.0,2.0,1.0
43,24/06/2026,city scrape,"Westboro: Petit déj' compris, tranquille - Chatte",Gaëtane,"Ottawa, Canada",t,t,Kitchissippi,Private room in rental unit,Private room,04/08/2026,05/08/2026,t,24/06/2026,04/11/2018,10/05/2026,7.0,6.0,3.0,6.0,2.0,45.0,-75.0,2.0,1.0,2.0,1.0,103.0,1626.0,103.0,30.0,365.0,12.0,29.0,53.0,235.5,22.0,1.0,1.0,4.0,4.0,4.0,4.0,4.0,4.0,1.0,2.0,1.0
44,02/07/2026,previous scrape,"Quiet, nice light, cat in residence",Gaëtane,"Ottawa, Canada",t,t,Kitchissippi,Private room in rental unit,Private room,0000-00-00,"""0000-00-00""",t,02/07/2026,06/11/2016,26/05/2026,12.0,0.0,11.0,1.0,2.0,45.0,-75.0,2.0,1.0,2.0,2.0,173.0,2246.0,173.0,1.0,1125.0,0.0,0.0,0.0,0.0,34.0,6.0,8.0,4.0,4.0,4.0,4.0,4.0,4.0,0.0,2.0,0.0
45,24/06/2026,city scrape,Cozy Suite,Hanan,"Ottawa, Canada",f,t,Rideau-Rockcliffe,Entire home,Entire home/apt,30/06/2026,04/07/2026,t,24/06/2026,10/06/2015,12/06/2026,7.0,6.0,3.0,6.0,2.0,45.0,-75.0,2.0,1.0,2.0,1.0,103.0,1626.0,103.0,30.0,365.0,12.0,29.0,53.0,235.5,22.0,1.0,1.0,4.0,4.0,4.0,4.0,4.0,4.0,1.0,2.0,1.0
46,24/06/2026,city scrape,Heritage Luxury at Peloton House and Art Gallery,Ursula,"Ottawa, Canada",t,t,Rideau-Rockcliffe,Entire loft,Entire home/apt,21/07/2026,23/07/2026,t,24/06/2026,23/06/2016,14/06/2026,7.0,6.0,3.0,6.0,2.0,45.0,-75.0,2.0,1.0,2.0,1.0,103.0,1626.0,103.0,30.0,365.0,12.0,29.0,53.0,235.5,22.0,1.0,1.0,4.0,4.0,4.0,4.0,4.0,4.0,1.0,2.0,1.0
47,24/06/2026,city scrape,Great place to relax close to all tourist areas,Jane And Serge,"Ottawa, Canada",f,t,Rideau-Vanier,Entire rental unit,Entire home/apt,01/07/2026,30/07/2026,t,24/06/2026,27/11/2015,22/08/2021,7.0,6.0,3.0,6.0,2.0,45.0,-75.0,2.0,1.0,2.0,1.0,103.0,1626.0,103.0,30.0,365.0,12.0,29.0,53.0,235.5,22.0,1.0,1.0,4.0,4.0,4.0,4.0,4.0,4.0,1.0,2.0,1.0
48,24/06/2026,city scrape,1 Guest/Furn'd Bedrm in 3 Bedm Apt.,Christine,"Ottawa, Canada",t,t,Rideau-Vanier,Private room in rental unit,Private room,20/12/2026,19/01/2027,t,24/06/2026,03/09/2015,31/12/2025,7.0,6.0,3.0,6.0,2.0,45.0,-75.0,2.0,1.0,2.0,1.0,103.0,1626.0,103.0,30.0,365.0,12.0,29.0,53.0,235.5,22.0,1.0,1.0,4.0,4.0,4.0,4.0,4.0,4.0,1.0,2.0,1.0
49,24/06/2026,city scrape,1 Guest/Furn'd Bedrm in 3 Bedm Apt.,Christine,"Ottawa, Canada",t,t,Rideau-Vanier,Private room in rental unit,Private room,12/09/2026,12/10/2026,t,24/06/2026,05/10/2015,15/06/2026,7.0,6.0,3.0,6.0,2.0,45.0,-75.0,2.0,1.0,2.0,1.0,103.0,1626.0,103.0,30.0,365.0,12.0,29.0,53.0,235.5,22.0,1.0,1.0,4.0,4.0,4.0,4.0,4.0,4.0,1.0,2.0,1.0
50,24/06/2026,city scrape,Spacious room with ensuite. Central location.,Linden,"Ottawa, Canada",f,t,Capital,Private room in home,Private room,31/01/2027,03/03/2027,t,24/06/2026,10/08/2015,14/05/2026,11.0,1.0,11.0,1.0,2.0,45.0,-75.0,1.0,1.0,2.0,1.0,54.0,1693.0,54.0,31.0,186.0,0.0,0.0,0.0,144.0,111.0,3.0,2.0,4.0,4.0,5.0,5.0,4.0,4.0,0.0,2.0,0.0
51,24/06/2026,city scrape,Upscale 2 bdrms & baths condo,Elise,"Ottawa, Canada",t,t,Kitchissippi,Entire rental unit,Entire home/apt,01/01/2027,31/01/2027,t,24/06/2026,06/09/2015,01/05/2026,7.0,6.0,3.0,6.0,2.0,45.0,-75.0,2.0,1.0,2.0,1.0,103.0,1626.0,103.0,30.0,365.0,12.0,29.0,53.0,235.5,22.0,1.0,1.0,4.0,4.0,4.0,4.0,4.0,4.0,1.0,2.0,1.0
52,24/06/2026,city scrape,"Townhome in Ottawa, near to Britannia Beach",Kim,"Kemptville, Canada",f,t,Bay,Entire townhouse,Entire home/apt,03/01/2027,02/02/2027,t,24/06/2026,02/07/2017,01/06/2019,7.0,6.0,3.0,6.0,2.0,45.0,-75.0,2.0,1.0,2.0,1.0,103.0,1626.0,103.0,30.0,365.0,12.0,29.0,53.0,235.5,22.0,1.0,1.0,4.0,4.0,4.0,4.0,4.0,4.0,1.0,2.0,1.0
53,24/06/2026,city scrape,Upscale Country Home/ Ottawa Canada,Brenda,"Dunrobin, Canada",f,t,West Carleton-March,Entire home,Entire home/apt,01/07/2026,31/07/2026,t,24/06/2026,07/12/2021,11/04/2025,7.0,6.0,3.0,6.0,2.0,45.0,-75.0,2.0,1.0,2.0,1.0,103.0,1626.0,103.0,30.0,365.0,12.0,29.0,53.0,235.5,22.0,1.0,1.0,4.0,4.0,4.0,4.0,4.0,4.0,1.0,2.0,1.0
54,02/07/2026,previous scrape,Britannia Beach - master & fireplace,Linda,"Ottawa, Canada",f,t,Bay,Private room in home,Private room,03/07/2026,05/07/2026,t,02/07/2026,20/07/2015,19/10/2025,11.0,3.0,11.0,3.0,2.0,45.0,-75.0,1.0,1.0,2.0,2.0,107.0,215.0,107.0,2.0,13.0,29.0,29.0,38.0,38.0,113.0,4.0,6.0,4.0,4.0,4.0,4.0,4.0,4.0,0.0,2.0,1.0
55,24/06/2026,city scrape,Bright Spacious Room Close to Everything w/Parking,Tasha,"Ottawa, Canada",t,t,Somerset,Private room in townhouse,Private room,12/07/2026,14/07/2026,t,24/06/2026,15/02/2016,08/11/2025,7.0,6.0,3.0,6.0,2.0,45.0,-75.0,2.0,1.0,2.0,1.0,103.0,1626.0,103.0,30.0,365.0,12.0,29.0,53.0,235.5,22.0,1.0,1.0,4.0,4.0,4.0,4.0,4.0,4.0,1.0,2.0,1.0
56,24/06/2026,city scrape,Room w/ bed & desk in an Ottawa homestay!,Maree And Geoff,"Ottawa, Canada",f,t,Rideau-Vanier,Private room in home,Private room,31/08/2026,30/09/2026,t,24/06/2026,21/08/2015,30/07/2023,7.0,6.0,3.0,6.0,2.0,45.0,-75.0,2.0,1.0,2.0,1.0,103.0,1626.0,103.0,30.0,365.0,12.0,29.0,53.0,235.5,22.0,1.0,1.0,4.0,4.0,4.0,4.0,4.0,4.0,1.0,2.0,1.0
57,24/06/2026,city scrape,Charming House in West Ottawa,Andy Diane,"Gatineau, Canada",f,t,West Carleton-March,Entire home,Entire home/apt,24/06/2026,24/07/2026,t,24/06/2026,08/09/2015,02/08/2020,7.0,6.0,3.0,6.0,2.0,45.0,-75.0,2.0,1.0,2.0,1.0,103.0,1626.0,103.0,30.0,365.0,12.0,29.0,53.0,235.5,22.0,1.0,1.0,4.0,4.0,4.0,4.0,4.0,4.0,1.0,2.0,1.0
58,02/07/2026,previous scrape,Bed & desk in ByWard Homestay near uOttawa,Maree And Geoff,"Ottawa, Canada",f,t,Rideau-Vanier,Private room in home,Private room,0000-00-00,"""0000-00-00""",t,02/07/2026,19/11/2015,07/03/2026,7.0,6.0,3.0,6.0,2.0,45.0,-75.0,2.0,1.0,2.0,1.0,103.0,1626.0,103.0,30.0,365.0,12.0,29.0,53.0,235.5,22.0,1.0,1.0,4.0,4.0,4.0,4.0,4.0,4.0,1.0,2.0,1.0
59,24/06/2026,city scrape,Comfy Stay for Medical Trainees,Darlene,"Ottawa, Canada",f,t,Kitchissippi,Private room in home,Private room,19/09/2026,19/10/2026,t,24/06/2026,01/09/2015,31/05/2026,12.0,6.0,10.0,10.0,2.0,45.0,-75.0,1.0,1.0,2.0,1.0,44.0,1346.0,44.0,30.0,360.0,0.0,0.0,3.0,172.0,66.0,1.0,0.0,4.0,4.0,4.0,4.0,4.0,4.0,0.0,2.0,0.0
60,24/06/2026,city scrape,Townhouse 5 min from CTC for Sens or concerts,Luis,Canada,f,t,Stittsville-Kanata West,Private room in townhouse,Private room,24/06/2026,24/07/2026,t,24/06/2026,09/05/2016,10/12/2017,7.0,6.0,3.0,6.0,2.0,45.0,-75.0,2.0,1.0,2.0,1.0,103.0,1626.0,103.0,30.0,365.0,12.0,29.0,53.0,235.5,22.0,1.0,1.0,4.0,4.0,4.0,4.0,4.0,4.0,1.0,2.0,1.0
61,24/06/2026,city scrape,Sandy Hill-3 Bedroom Immaculate Apt,Christine,"Ottawa, Canada",t,t,Rideau-Vanier,Entire rental unit,Entire home/apt,24/12/2026,23/01/2027,t,24/06/2026,14/10/2015,06/06/2026,7.0,6.0,3.0,6.0,2.0,45.0,-75.0,2.0,1.0,2.0,1.0,103.0,1626.0,103.0,30.0,365.0,12.0,29.0,53.0,235.5,22.0,1.0,1.0,4.0,4.0,4.0,4.0,4.0,4.0,1.0,2.0,1.0
62,24/06/2026,city scrape,*Barrhaven Blue Room - comfy private room for 2,Karin,"Ottawa, Canada",t,t,Gloucester-South Nepean,Private room in home,Private room,24/06/2026,25/06/2026,t,24/06/2026,07/01/2016,20/06/2026,7.0,6.0,3.0,6.0,2.0,45.0,-75.0,2.0,1.0,2.0,1.0,103.0,1626.0,103.0,30.0,365.0,12.0,29.0,53.0,235.5,22.0,1.0,1.0,4.0,4.0,4.0,4.0,4.0,4.0,1.0,2.0,1.0
63,24/06/2026,city scrape,North Kanata Secluded Guest Unit in Nature,Chuck & Iris,"Ottawa, Canada",t,t,West Carleton-March,Entire guest suite,Entire home/apt,29/06/2026,30/06/2026,t,24/06/2026,29/04/2016,19/06/2026,7.0,6.0,3.0,6.0,2.0,45.0,-75.0,2.0,1.0,2.0,1.0,103.0,1626.0,103.0,30.0,365.0,12.0,29.0,53.0,235.5,22.0,1.0,1.0,4.0,4.0,4.0,4.0,4.0,4.0,1.0,2.0,1.0
64,24/06/2026,city scrape,Great for weddings or events at Strathmere nearby!,Jeremy,"Ottawa, Canada",f,t,Rideau-Goulbourn,Private room in bungalow,Private room,24/06/2026,24/07/2026,t,24/06/2026,13/08/2016,13/12/2019,7.0,6.0,3.0,6.0,2.0,45.0,-75.0,2.0,1.0,2.0,1.0,103.0,1626.0,103.0,30.0,365.0,12.0,29.0,53.0,235.5,22.0,1.0,1.0,4.0,4.0,4.0,4.0,4.0,4.0,1.0,2.0,1.0
65,24/06/2026,city scrape,Beautiful Executive Townhome Kanata,Moe,"Ottawa, Canada",f,t,Kanata South,Entire home,Entire home/apt,25/06/2026,25/07/2026,t,24/06/2026,10,10,7.0,6.0,3.0,6.0,2.0,45.0,-75.0,2.0,1.0,2.0,1.0,103.0,1626.0,103.0,30.0,365.0,12.0,29.0,53.0,235.5,22.0,1.0,1.0,4.0,4.0,4.0,4.0,4.0,4.0,1.0,2.0,1.0
66,24/06/2026,city scrape,"Private, peaceful apartment near the airport",Nadereh,"Ottawa, Canada",t,t,Knoxdale-Merivale,Entire guest suite,Entire home/apt,01/01/2027,08/01/2027,t,24/06/2026,25/09/2016,02/01/2026,13.0,10.0,9.0,9.0,1.0,45.0,-75.0,2.0,1.0,1.0,1.0,144.0,1010.0,144.0,7.0,365.0,0.0,0.0,0.0,174.0,78.0,8.0,10.0,4.0,4.0,4.0,4.0,4.0,4.0,0.0,1.0,1.0
67,24/06/2026,city scrape,Nations Capital Home Away From Home,Sue,"Ottawa, Canada",t,t,Rideau-Rockcliffe,Private room in townhouse,Private room,29/06/2026,01/07/2026,t,24/06/2026,13/01/2016,21/06/2026,10.0,8.0,10.0,8.0,1.0,45.0,-75.0,1.0,1.0,2.0,1.0,154.0,309.0,154.0,1.0,1125.0,19.0,33.0,63.0,338.0,105.0,6.0,3.0,4.0,4.0,4.0,4.0,4.0,4.0,0.0,1.0,0.0
68,24/06/2026,city scrape,Private bath + rooftop + gym near McKay Lake +Pond,Brigette,"Ottawa, Canada",f,t,Rideau-Vanier,Private room in condo,Private room,06/10/2026,05/11/2026,t,24/06/2026,05/09/2016,02/05/2026,7.0,6.0,3.0,6.0,2.0,45.0,-75.0,2.0,1.0,2.0,1.0,103.0,1626.0,103.0,30.0,365.0,12.0,29.0,53.0,235.5,22.0,1.0,1.0,4.0,4.0,4.0,4.0,4.0,4.0,1.0,2.0,1.0
69,24/06/2026,city scrape,GREAT location - modern 1 bedroom/1 bath apt.,Sonia,"Ottawa, Canada",t,t,Rideau-Vanier,Entire guest suite,Entire home/apt,14/07/2026,16/07/2026,t,24/06/2026,09/11/2015,15/06/2026,7.0,6.0,3.0,6.0,2.0,45.0,-75.0,2.0,1.0,2.0,1.0,103.0,1626.0,103.0,30.0,365.0,12.0,29.0,53.0,235.5,22.0,1.0,1.0,4.0,4.0,4.0,4.0,4.0,4.0,1.0,2.0,1.0
70,24/06/2026,city scrape,"Luxe Home, Backyard Oasis, Pool & Hot Tub!",Patricia,"Ottawa, Canada",f,t,Cumberland,Entire home,Entire home/apt,06/07/2026,08/07/2026,t,24/06/2026,08/10/2018,10/06/2026,7.0,6.0,3.0,6.0,2.0,45.0,-75.0,2.0,1.0,2.0,1.0,103.0,1626.0,103.0,30.0,365.0,12.0,29.0,53.0,235.5,22.0,1.0,1.0,4.0,4.0,4.0,4.0,4.0,4.0,1.0,2.0,1.0
71,24/06/2026,city scrape,Beautiful Spacious bedroom,Sylvie,"Ottawa, Canada",f,t,Innes,Private room in home,Private room,24/06/2026,24/07/2026,t,24/06/2026,01/07/2017,30/05/2019,7.0,6.0,3.0,6.0,2.0,45.0,-75.0,2.0,1.0,2.0,1.0,103.0,1626.0,103.0,30.0,365.0,12.0,29.0,53.0,235.5,22.0,1.0,1.0,4.0,4.0,4.0,4.0,4.0,4.0,1.0,2.0,1.0
72,24/06/2026,city scrape,Beautiful One-Bedroom Designer Townhouse,Felipe,"Ottawa, Canada",f,t,Rideau-Rockcliffe,Entire townhouse,Entire home/apt,26/06/2026,26/07/2026,t,24/06/2026,10,10,7.0,6.0,3.0,6.0,2.0,45.0,-75.0,2.0,1.0,2.0,1.0,103.0,1626.0,103.0,30.0,365.0,12.0,29.0,53.0,235.5,22.0,1.0,1.0,4.0,4.0,4.0,4.0,4.0,4.0,1.0,2.0,1.0
73,24/06/2026,city scrape,Modern house near Parliament Hill of Ottawa,Nadia,"Ottawa, Canada",t,t,River,Entire home,Entire home/apt,29/08/2026,31/08/2026,t,24/06/2026,18/09/2022,15/06/2026,7.0,6.0,3.0,6.0,2.0,45.0,-75.0,2.0,1.0,2.0,1.0,103.0,1626.0,103.0,30.0,365.0,12.0,29.0,53.0,235.5,22.0,1.0,1.0,4.0,4.0,4.0,4.0,4.0,4.0,1.0,2.0,1.0
74,02/07/2026,previous scrape,Home Office with a View,Sandra,"Ottawa, Canada",t,t,College,Entire bungalow,Entire home/apt,0000-00-00,"""0000-00-00""",t,02/07/2026,31/05/2018,30/04/2026,11.0,1.0,11.0,1.0,2.0,45.0,-75.0,4.0,1.0,2.0,2.0,173.0,2246.0,173.0,30.0,600.0,1.0,1.0,13.0,14.0,8.0,1.0,1.0,4.0,4.0,5.0,4.0,4.0,4.0,0.0,2.0,2.0
75,24/06/2026,city scrape,I Love Your House,Ana,"Ottawa, Canada",f,t,Somerset,Entire home,Entire home/apt,01/01/2027,31/01/2027,t,24/06/2026,15/02/2016,11/06/2022,10.0,6.0,10.0,6.0,1.0,45.0,-75.0,4.0,1.0,2.0,2.0,135.0,4065.0,135.0,30.0,60.0,0.0,0.0,0.0,174.0,10.0,0.0,0.0,4.0,4.0,5.0,4.0,4.0,4.0,0.0,1.0,1.0
76,24/06/2026,city scrape,LOVELY & SPACIOUS BEDROOM  CLOSE AIRPORT,Lyne,"Ottawa, Canada",f,t,Gloucester-South Nepean,Private room in home,Private room,24/06/2026,24/07/2026,t,24/06/2026,07/01/2016,31/05/2022,10.0,6.0,10.0,6.0,2.0,45.0,-75.0,2.0,1.0,2.0,1.0,89.0,2688.0,89.0,30.0,1125.0,30.0,60.0,90.0,365.0,138.0,0.0,0.0,4.0,4.0,4.0,4.0,4.0,4.0,1.0,2.0,0.0
77,24/06/2026,city scrape,2 SPACIOUS BEDROOMS CLOSE AIRPORT ON GOLF COURSE,Lyne,"Ottawa, Canada",f,t,Gloucester-South Nepean,Private room in home,Private room,24/06/2026,24/07/2026,t,24/06/2026,05/03/2016,13/06/2022,10.0,6.0,10.0,6.0,2.0,45.0,-75.0,4.0,1.0,2.0,2.0,141.0,4233.0,141.0,30.0,1125.0,30.0,60.0,90.0,365.0,18.0,0.0,0.0,4.0,4.0,5.0,4.0,4.0,4.0,0.0,2.0,0.0
78,24/06/2026,city scrape,1 Guest/Furn'd Bedrm in 3 Bedm Apt.,Christine,"Ottawa, Canada",t,t,Rideau-Vanier,Private room in rental unit,Private room,24/12/2026,23/01/2027,t,24/06/2026,05/05/2016,20/12/2025,7.0,6.0,3.0,6.0,2.0,45.0,-75.0,2.0,1.0,2.0,1.0,103.0,1626.0,103.0,30.0,365.0,12.0,29.0,53.0,235.5,22.0,1.0,1.0,4.0,4.0,4.0,4.0,4.0,4.0,1.0,2.0,1.0
79,02/07/2026,previous scrape,Beautiful Condo at Lansdowne Park,Corey,"Ottawa, Canada",f,t,Capital,Entire condo,Entire home/apt,0000-00-00,"""0000-00-00""",t,02/07/2026,01/02/2016,26/10/2016,7.0,6.0,3.0,6.0,2.0,45.0,-75.0,2.0,1.0,2.0,1.0,103.0,1626.0,103.0,30.0,365.0,12.0,29.0,53.0,235.5,22.0,1.0,1.0,4.0,4.0,4.0,4.0,4.0,4.0,1.0,2.0,1.0
80,24/06/2026,city scrape,Super Cozy Central Home alongside Byward Market,Alex & Katya,"Ottawa, Canada",f,t,Rideau-Vanier,Entire guest suite,Entire home/apt,21/07/2026,26/07/2026,t,24/06/2026,14/01/2016,24/05/2026,7.0,6.0,3.0,6.0,2.0,45.0,-75.0,2.0,1.0,2.0,1.0,103.0,1626.0,103.0,30.0,365.0,12.0,29.0,53.0,235.5,22.0,1.0,1.0,4.0,4.0,4.0,4.0,4.0,4.0,1.0,2.0,1.0
81,02/07/2026,previous scrape,Up to two rooms with attached private bathroom,Sisira,"Ottawa, Canada",t,t,Kanata North,Private room in home,Private room,06/07/2026,07/07/2026,t,02/07/2026,26/05/2016,29/06/2026,7.0,6.0,3.0,6.0,2.0,45.0,-75.0,2.0,1.0,2.0,1.0,103.0,1626.0,103.0,30.0,365.0,12.0,29.0,53.0,235.5,22.0,1.0,1.0,4.0,4.0,4.0,4.0,4.0,4.0,1.0,2.0,1.0
82,02/07/2026,previous scrape,Cozy 1 Bedroom Condo with parking,Stephanie,"Ottawa, Canada",f,t,Beacon Hill-Cyrville,Entire condo,Entire home/apt,0000-00-00,"""0000-00-00""",t,02/07/2026,01/03/2016,08/10/2022,7.0,6.0,3.0,6.0,2.0,45.0,-75.0,2.0,1.0,2.0,1.0,103.0,1626.0,103.0,30.0,365.0,12.0,29.0,53.0,235.5,22.0,1.0,1.0,4.0,4.0,4.0,4.0,4.0,4.0,1.0,2.0,1.0
83,24/06/2026,city scrape,Downtown farmhouse w parking,Grace,"Ottawa, Canada",t,t,Capital,Entire rental unit,Entire home/apt,10/07/2026,11/07/2026,t,24/06/2026,31/01/2016,21/06/2026,7.0,6.0,3.0,6.0,2.0,45.0,-75.0,2.0,1.0,2.0,1.0,103.0,1626.0,103.0,30.0,365.0,12.0,29.0,53.0,235.5,22.0,1.0,1.0,4.0,4.0,4.0,4.0,4.0,4.0,1.0,2.0,1.0
84,24/06/2026,city scrape,Studio pied à terre Beechwood,Edouard,"Ottawa, Canada",f,t,Rideau-Vanier,Entire rental unit,Entire home/apt,01/01/2027,31/01/2027,t,24/06/2026,08/02/2016,07/08/2016,11.0,1.0,10.0,4.0,1.0,45.0,-75.0,3.0,1.0,2.0,1.0,61.0,1833.0,61.0,30.0,1125.0,0.0,0.0,0.0,59.0,15.0,0.0,0.0,4.0,4.0,4.0,5.0,4.0,4.0,0.0,1.0,1.0
85,24/06/2026,city scrape,"BIG, bright, quiet, clean private 1 BR apt suite",Norma,"Ottawa, Canada",f,t,Rideau-Rockcliffe,Entire guest suite,Entire home/apt,22/07/2026,24/07/2026,t,24/06/2026,07/02/2016,18/06/2026,7.0,6.0,3.0,6.0,2.0,45.0,-75.0,2.0,1.0,2.0,1.0,103.0,1626.0,103.0,30.0,365.0,12.0,29.0,53.0,235.5,22.0,1.0,1.0,4.0,4.0,4.0,4.0,4.0,4.0,1.0,2.0,1.0
86,24/06/2026,city scrape,Ottawa house monthly,Nadia,"Ottawa, Canada",t,t,Bay,Entire bungalow,Entire home/apt,16/11/2026,17/12/2026,t,24/06/2026,13/02/2016,15/05/2022,7.0,6.0,3.0,6.0,2.0,45.0,-75.0,2.0,1.0,2.0,1.0,103.0,1626.0,103.0,30.0,365.0,12.0,29.0,53.0,235.5,22.0,1.0,1.0,4.0,4.0,4.0,4.0,4.0,4.0,1.0,2.0,1.0
87,02/07/2026,previous scrape,Luxury Modern Townhouse On A Traffic-Free Street,Patrick,"Dollard-Des Ormeaux, Canada",t,t,Barrhaven,Entire townhouse,Entire home/apt,03/07/2026,30/12/2026,t,02/07/2026,04/12/2021,31/03/2022,7.0,6.0,3.0,6.0,2.0,45.0,-75.0,2.0,1.0,2.0,1.0,103.0,1626.0,103.0,30.0,365.0,12.0,29.0,53.0,235.5,22.0,1.0,1.0,4.0,4.0,4.0,4.0,4.0,4.0,1.0,2.0,1.0
88,24/06/2026,city scrape,Quiet Suite near The Ottawa Hospital & CHEO,Lesley,"Ottawa, Canada",t,t,Alta Vista,Entire guest suite,Entire home/apt,08/08/2026,14/08/2026,t,24/06/2026,11/09/2020,23/05/2026,10.0,4.0,8.0,11.0,1.0,45.0,-75.0,1.0,1.0,1.0,2.0,102.0,617.0,102.0,1.0,1125.0,1.0,13.0,23.0,293.0,75.0,9.0,9.0,4.0,4.0,4.0,4.0,4.0,4.0,1.0,1.0,1.0
89,02/07/2026,previous scrape,The Grotto - A getaway for the girls!,Kathleen,"Ottawa, Canada",f,t,Knoxdale-Merivale,Entire guest suite,Entire home/apt,0000-00-00,"""0000-00-00""",f,02/07/2026,10,10,10.0,4.0,2.0,4.0,1.0,45.0,-75.0,2.0,1.0,1.0,2.0,173.0,2246.0,173.0,28.0,123.0,0.0,0.0,0.0,0.0,0.0,0.0,0.0,4.0,4.0,4.0,4.0,4.0,4.0,1.0,1.0,1.0
90,24/06/2026,city scrape,Cozy and bright  1 bedroom basement suite.,Rheanne,"Ottawa, Canada",t,t,Rideau-Rockcliffe,Entire rental unit,Entire home/apt,19/09/2026,19/10/2026,t,24/06/2026,07/03/2016,07/03/2026,10.0,3.0,10.0,3.0,1.0,45.0,-75.0,2.0,1.0,1.0,1.0,71.0,2158.0,71.0,30.0,1125.0,0.0,0.0,3.0,278.0,144.0,3.0,1.0,4.0,4.0,4.0,4.0,4.0,4.0,1.0,1.0,1.0
91,02/07/2026,previous scrape,Great Location! Modern 1 Bedroom with Parking,Lisa,"Ontario, Canada",t,t,Somerset,Entire rental unit,Entire home/apt,03/07/2026,01/10/2026,t,02/07/2026,18/03/2016,24/12/2021,7.0,6.0,3.0,6.0,2.0,45.0,-75.0,2.0,1.0,2.0,1.0,103.0,1626.0,103.0,30.0,365.0,12.0,29.0,53.0,235.5,22.0,1.0,1.0,4.0,4.0,4.0,4.0,4.0,4.0,1.0,2.0,1.0
92,02/07/2026,previous scrape,CoHabit w/young professionals Ottawa ED 3,Greg And Valerie,"Ottawa, Canada",t,t,College,Private room in home,Private room,01/01/2027,02/03/2027,t,02/07/2026,11/04/2016,12/07/2025,13.0,10.0,13.0,10.0,8.0,45.0,-75.0,1.0,1.0,2.0,2.0,19.0,1178.0,19.0,60.0,200.0,0.0,0.0,0.0,182.0,15.0,1.0,2.0,4.0,4.0,4.0,4.0,4.0,4.0,0.0,8.0,4.0
93,02/07/2026,previous scrape,In The Heart of Ottawa's Market,Puran,"Ottawa, Canada",f,t,Rideau-Vanier,Entire rental unit,Entire home/apt,0000-00-00,"""0000-00-00""",t,02/07/2026,26/04/2016,06/12/2018,7.0,6.0,3.0,6.0,2.0,45.0,-75.0,2.0,1.0,2.0,1.0,103.0,1626.0,103.0,30.0,365.0,12.0,29.0,53.0,235.5,22.0,1.0,1.0,4.0,4.0,4.0,4.0,4.0,4.0,1.0,2.0,1.0
94,24/06/2026,city scrape,Ottawa 4-BR Haven-Great Parking for Trucks&Getaway,Lily,"Ottawa, Canada",t,t,Cumberland,Entire home,Entire home/apt,30/06/2026,01/07/2026,t,24/06/2026,29/05/2016,21/06/2026,7.0,6.0,3.0,6.0,2.0,45.0,-75.0,2.0,1.0,2.0,1.0,103.0,1626.0,103.0,30.0,365.0,12.0,29.0,53.0,235.5,22.0,1.0,1.0,4.0,4.0,4.0,4.0,4.0,4.0,1.0,2.0,1.0
95,24/06/2026,city scrape,Ottawa River front house,Julie,"Ottawa, Canada",f,t,West Carleton-March,Entire home,Entire home/apt,31/08/2026,05/09/2026,t,24/06/2026,10/07/2016,07/09/2025,7.0,6.0,3.0,6.0,2.0,45.0,-75.0,2.0,1.0,2.0,1.0,103.0,1626.0,103.0,30.0,365.0,12.0,29.0,53.0,235.5,22.0,1.0,1.0,4.0,4.0,4.0,4.0,4.0,4.0,1.0,2.0,1.0
96,24/06/2026,city scrape,Homestay in ByWard with a bed & desk!,Maree And Geoff,"Ottawa, Canada",f,t,Rideau-Vanier,Private room in home,Private room,23/01/2027,22/02/2027,t,24/06/2026,01/07/2016,28/02/2026,13.0,9.0,10.0,10.0,3.0,45.0,-75.0,1.0,1.0,2.0,1.0,39.0,1184.0,39.0,30.0,1125.0,2.0,23.0,28.0,126.0,25.0,2.0,2.0,4.0,4.0,4.0,4.0,4.0,4.0,0.0,3.0,0.0
97,24/06/2026,city scrape,4-Bedroom in Ottawa Sleeps 6,Lisa,"Gatineau, Canada",f,t,Rideau-Vanier,Entire rental unit,Entire home/apt,01/01/2027,31/01/2027,t,24/06/2026,31/05/2025,31/05/2025,7.0,6.0,3.0,6.0,2.0,45.0,-75.0,2.0,1.0,2.0,1.0,103.0,1626.0,103.0,30.0,365.0,12.0,29.0,53.0,235.5,22.0,1.0,1.0,4.0,4.0,4.0,4.0,4.0,4.0,1.0,2.0,1.0
98,24/06/2026,city scrape,KASHY HOMES-Luxurious home close to Airport & DT,Kashy,"Ottawa, Canada",t,t,Gloucester-Southgate,Entire home,Entire home/apt,01/08/2026,31/08/2026,t,24/06/2026,17/04/2016,07/02/2026,7.0,6.0,3.0,6.0,2.0,45.0,-75.0,2.0,1.0,2.0,1.0,103.0,1626.0,103.0,30.0,365.0,12.0,29.0,53.0,235.5,22.0,1.0,1.0,4.0,4.0,4.0,4.0,4.0,4.0,1.0,2.0,1.0
99,24/06/2026,city scrape,VIP home b on 1/3 acre lot free parking,Dragan,"Ottawa, Canada",t,t,Beacon Hill-Cyrville,Private room in home,Private room,27/06/2026,28/06/2026,t,24/06/2026,17/05/2016,14/09/2025,11.0,4.0,10.0,2.0,3.0,45.0,-75.0,5.0,1.0,3.0,3.0,170.0,170.0,170.0,1.0,3.0,12.0,12.0,42.0,42.0,140.0,3.0,4.0,4.0,4.0,4.0,4.0,4.0,4.0,1.0,3.0,0.0
100,24/06/2026,city scrape,2Bed/2Baths in Ottawa Down-town Core.,Ike,Canada,t,t,Somerset,Entire condo,Entire home/apt,21/07/2026,20/08/2026,t,24/06/2026,14/05/2016,01/06/2026,7.0,6.0,3.0,6.0,2.0,45.0,-75.0,2.0,1.0,2.0,1.0,103.0,1626.0,103.0,30.0,365.0,12.0,29.0,53.0,235.5,22.0,1.0,1.0,4.0,4.0,4.0,4.0,4.0,4.0,1.0,2.0,1.0
101,24/06/2026,city scrape,Britannia beach house cozy room near transit,Anne,"Ottawa, Canada",t,t,Bay,Private room in home,Private room,01/10/2026,31/10/2026,t,24/06/2026,08/06/2016,09/02/2026,7.0,6.0,3.0,6.0,2.0,45.0,-75.0,2.0,1.0,2.0,1.0,103.0,1626.0,103.0,30.0,365.0,12.0,29.0,53.0,235.5,22.0,1.0,1.0,4.0,4.0,4.0,4.0,4.0,4.0,1.0,2.0,1.0
102,24/06/2026,city scrape,Britannia Beach Room 5 minutes walk to beach,Anne,"Ottawa, Canada",t,t,Bay,Private room in home,Private room,01/09/2026,02/10/2026,t,24/06/2026,16/05/2016,30/09/2023,10.0,2.0,10.0,2.0,3.0,45.0,-75.0,2.0,1.0,2.0,1.0,57.0,1785.0,57.0,31.0,1125.0,0.0,0.0,21.0,296.0,27.0,0.0,0.0,4.0,4.0,4.0,5.0,4.0,4.0,0.0,3.0,0.0
103,24/06/2026,city scrape,Executive Home  with  free parking,Dragan,"Ottawa, Canada",t,t,Beacon Hill-Cyrville,Private room in home,Private room,30/06/2026,01/07/2026,t,24/06/2026,19/02/2017,25/05/2026,11.0,4.0,10.0,2.0,3.0,45.0,-75.0,5.0,1.0,3.0,3.0,187.0,187.0,187.0,1.0,3.0,17.0,17.0,17.0,17.0,70.0,5.0,4.0,4.0,4.0,4.0,4.0,4.0,4.0,0.0,3.0,0.0
104,24/06/2026,city scrape,Modern Bright Monthly Short Term Executive Rental,Trevor,"Ottawa, Canada",t,t,College,Entire home,Entire home/apt,29/06/2026,02/07/2026,t,24/06/2026,24/05/2016,01/09/2025,12.0,5.0,12.0,5.0,3.0,45.0,-75.0,6.0,1.0,3.0,3.0,338.0,1015.0,338.0,3.0,365.0,3.0,3.0,28.0,303.0,49.0,4.0,7.0,4.0,4.0,4.0,4.0,4.0,4.0,0.0,3.0,3.0
105,24/06/2026,city scrape,"2 blocks from beach, bdr suite, private toilet",Anne,"Ottawa, Canada",t,t,Bay,Private room in home,Private room,24/08/2026,23/09/2026,t,24/06/2026,27/08/2016,31/10/2025,10.0,2.0,10.0,2.0,3.0,45.0,-75.0,1.0,1.0,2.0,1.0,50.0,1520.0,50.0,30.0,1125.0,0.0,0.0,29.0,133.0,11.0,1.0,3.0,4.0,4.0,5.0,4.0,4.0,4.0,0.0,3.0,0.0
106,24/06/2026,city scrape,Beautiful 3-br home close to everything,Jon,"Ottawa, Canada",f,t,Barrhaven,Entire home,Entire home/apt,28/08/2026,27/09/2026,t,24/06/2026,03/07/2017,20/12/2019,7.0,6.0,3.0,6.0,2.0,45.0,-75.0,2.0,1.0,2.0,1.0,103.0,1626.0,103.0,30.0,365.0,12.0,29.0,53.0,235.5,22.0,1.0,1.0,4.0,4.0,4.0,4.0,4.0,4.0,1.0,2.0,1.0
107,24/06/2026,city scrape,Oasis in the middle of the City,Peter,"Ottawa, Canada",t,t,Capital,Entire bungalow,Entire home/apt,28/06/2026,30/06/2026,t,24/06/2026,04/10/2021,14/06/2026,7.0,6.0,3.0,6.0,2.0,45.0,-75.0,2.0,1.0,2.0,1.0,103.0,1626.0,103.0,30.0,365.0,12.0,29.0,53.0,235.5,22.0,1.0,1.0,4.0,4.0,4.0,4.0,4.0,4.0,1.0,2.0,1.0
108,24/06/2026,city scrape,Bord de l'eau en ville/magnifiques couchers soleil,Eveline,"Ottawa, Canada",f,t,Bay,Barn,Entire home/apt,01/07/2026,31/07/2026,t,24/06/2026,10,10,7.0,6.0,3.0,6.0,2.0,45.0,-75.0,2.0,1.0,2.0,1.0,103.0,1626.0,103.0,30.0,365.0,12.0,29.0,53.0,235.5,22.0,1.0,1.0,4.0,4.0,4.0,4.0,4.0,4.0,1.0,2.0,1.0
109,24/06/2026,city scrape,Modern Furnished Luxury Suite,Sidney,"Ottawa, Canada",f,t,Somerset,Entire condo,Entire home/apt,28/06/2026,28/07/2026,t,24/06/2026,06/06/2016,10/05/2026,7.0,6.0,3.0,6.0,2.0,45.0,-75.0,2.0,1.0,2.0,1.0,103.0,1626.0,103.0,30.0,365.0,12.0,29.0,53.0,235.5,22.0,1.0,1.0,4.0,4.0,4.0,4.0,4.0,4.0,1.0,2.0,1.0
110,02/07/2026,previous scrape,Dagenais Residence-large 3 bedroom fully furnished,Brian,"Ottawa, Canada",f,t,Rideau-Vanier,Entire rental unit,Entire home/apt,02/07/2026,10/10/2026,t,02/07/2026,17/07/2016,17/07/2016,7.0,6.0,3.0,6.0,2.0,45.0,-75.0,2.0,1.0,2.0,1.0,103.0,1626.0,103.0,30.0,365.0,12.0,29.0,53.0,235.5,22.0,1.0,1.0,4.0,4.0,4.0,4.0,4.0,4.0,1.0,2.0,1.0
111,24/06/2026,city scrape,★ Trendy Urban Loft ★ Steps from Parliament Hill ♛,Joel,"Ottawa, Canada",t,t,Somerset,Entire condo,Entire home/apt,01/12/2026,31/12/2026,t,24/06/2026,26/06/2016,11/05/2026,7.0,6.0,3.0,6.0,2.0,45.0,-75.0,2.0,1.0,2.0,1.0,103.0,1626.0,103.0,30.0,365.0,12.0,29.0,53.0,235.5,22.0,1.0,1.0,4.0,4.0,4.0,4.0,4.0,4.0,1.0,2.0,1.0
112,24/06/2026,city scrape,Large appartment with free parking,Izzy,"Ottawa, Canada",t,t,Somerset,Entire rental unit,Entire home/apt,11/09/2026,13/09/2026,t,24/06/2026,24/07/2016,16/06/2026,7.0,6.0,3.0,6.0,2.0,45.0,-75.0,2.0,1.0,2.0,1.0,103.0,1626.0,103.0,30.0,365.0,12.0,29.0,53.0,235.5,22.0,1.0,1.0,4.0,4.0,4.0,4.0,4.0,4.0,1.0,2.0,1.0
113,24/06/2026,city scrape,Cosy house in the Glebe,Laurie,"Ottawa, Canada",f,t,Capital,Entire home,Entire home/apt,01/07/2026,31/07/2026,t,24/06/2026,06/08/2016,26/08/2019,7.0,6.0,3.0,6.0,2.0,45.0,-75.0,2.0,1.0,2.0,1.0,103.0,1626.0,103.0,30.0,365.0,12.0,29.0,53.0,235.5,22.0,1.0,1.0,4.0,4.0,4.0,4.0,4.0,4.0,1.0,2.0,1.0
114,02/07/2026,previous scrape,2 Bedroom Condo Right in the Byward Market,Jf,"Ottawa, Canada",t,t,Rideau-Vanier,Entire condo,Entire home/apt,09/07/2026,11/11/2026,t,02/07/2026,07/07/2016,31/12/2021,7.0,6.0,3.0,6.0,2.0,45.0,-75.0,2.0,1.0,2.0,1.0,103.0,1626.0,103.0,30.0,365.0,12.0,29.0,53.0,235.5,22.0,1.0,1.0,4.0,4.0,4.0,4.0,4.0,4.0,1.0,2.0,1.0
115,24/06/2026,city scrape,Central Park Family Escape,Maxime,"Ottawa, Canada",t,t,River,Entire townhouse,Entire home/apt,03/07/2026,05/07/2026,t,24/06/2026,10/07/2016,24/05/2026,7.0,6.0,3.0,6.0,2.0,45.0,-75.0,2.0,1.0,2.0,1.0,103.0,1626.0,103.0,30.0,365.0,12.0,29.0,53.0,235.5,22.0,1.0,1.0,4.0,4.0,4.0,4.0,4.0,4.0,1.0,2.0,1.0
116,24/06/2026,city scrape,Heart of Downtown Walking Distance to Parliament3,May,Canada,t,t,Rideau-Vanier,Entire rental unit,Entire home/apt,04/07/2026,05/07/2026,t,24/06/2026,31/12/2016,11/06/2026,7.0,6.0,3.0,6.0,2.0,45.0,-75.0,2.0,1.0,2.0,1.0,103.0,1626.0,103.0,30.0,365.0,12.0,29.0,53.0,235.5,22.0,1.0,1.0,4.0,4.0,4.0,4.0,4.0,4.0,1.0,2.0,1.0
117,24/06/2026,city scrape,Central farmhouse: 4 bed + 2 bath,Jennifer,"Ottawa, Canada",f,t,River,Entire rental unit,Entire home/apt,25/07/2026,24/08/2026,t,24/06/2026,25/09/2016,03/05/2026,7.0,6.0,3.0,6.0,2.0,45.0,-75.0,2.0,1.0,2.0,1.0,103.0,1626.0,103.0,30.0,365.0,12.0,29.0,53.0,235.5,22.0,1.0,1.0,4.0,4.0,4.0,4.0,4.0,4.0,1.0,2.0,1.0
118,24/06/2026,city scrape,Room 10 minutes drive to downtown,Guy,"Ottawa, Canada",t,t,River,Private room in home,Private room,02/07/2026,03/07/2026,t,24/06/2026,16/06/2017,13/06/2026,11.0,10.0,9.0,0.0,1.0,45.0,-75.0,3.0,1.0,2.0,1.0,148.0,148.0,148.0,1.0,1125.0,3.0,16.0,44.0,224.0,124.0,8.0,12.0,4.0,4.0,4.0,4.0,4.0,4.0,1.0,1.0,0.0
119,24/06/2026,city scrape,COZY bedroom in quiet area close to downtown,Amani,"Ottawa, Canada",t,t,Rideau-Rockcliffe,Private room in home,Private room,18/07/2026,17/08/2026,t,24/06/2026,14/08/2016,05/03/2026,10.0,9.0,9.0,10.0,7.0,45.0,-75.0,1.0,1.0,2.0,1.0,55.0,1663.0,55.0,30.0,1125.0,6.0,36.0,66.0,341.0,115.0,4.0,2.0,4.0,4.0,4.0,4.0,4.0,4.0,0.0,7.0,1.0
120,24/06/2026,city scrape,Sunny Westboro Retreat | Walk to Everything,Scott,"Ottawa, Canada",t,t,Kitchissippi,Entire rental unit,Entire home/apt,29/06/2026,30/06/2026,t,24/06/2026,30/11/2024,21/06/2026,7.0,6.0,3.0,6.0,2.0,45.0,-75.0,2.0,1.0,2.0,1.0,103.0,1626.0,103.0,30.0,365.0,12.0,29.0,53.0,235.5,22.0,1.0,1.0,4.0,4.0,4.0,4.0,4.0,4.0,1.0,2.0,1.0
121,24/06/2026,city scrape,"Private room, heated pool, hot tub, sauna, gardens",Lori,"Ottawa, Canada",t,f,Alta Vista,Private room in home,Private room,02/07/2026,03/07/2026,t,24/06/2026,20/08/2016,22/06/2026,7.0,6.0,3.0,6.0,2.0,45.0,-75.0,2.0,1.0,2.0,1.0,103.0,1626.0,103.0,30.0,365.0,12.0,29.0,53.0,235.5,22.0,1.0,1.0,4.0,4.0,4.0,4.0,4.0,4.0,1.0,2.0,1.0
122,24/06/2026,city scrape,Charming one bedroom +den in nine storey building,Christopher,"Ottawa, Canada",f,t,Kitchissippi,Entire condo,Entire home/apt,17/07/2026,16/08/2026,t,24/06/2026,05/09/2016,29/11/2024,11.0,8.0,11.0,8.0,1.0,45.0,-75.0,1.0,1.0,1.0,1.0,68.0,2052.0,68.0,30.0,60.0,22.0,52.0,82.0,82.0,61.0,0.0,0.0,4.0,4.0,4.0,4.0,4.0,4.0,0.0,1.0,1.0
123,24/06/2026,city scrape,Upscale in-house apt in an ideal location,Julia,"Ottawa, Canada",f,f,Alta Vista,Entire bungalow,Entire home/apt,18/10/2026,17/11/2026,t,24/06/2026,19/02/2017,31/12/2021,11.0,5.0,9.0,6.0,1.0,45.0,-75.0,2.0,1.0,1.0,2.0,88.0,2667.0,88.0,30.0,180.0,1.0,1.0,1.0,155.0,25.0,0.0,0.0,4.0,4.0,4.0,4.0,4.0,4.0,0.0,1.0,1.0
124,24/06/2026,city scrape,Double cast iron bed large room in basement.,Andrea,"Ottawa, Canada",f,t,Rideau-Vanier,Private room in home,Private room,25/06/2026,25/07/2026,t,24/06/2026,04/01/2017,23/08/2023,12.0,4.0,12.0,4.0,1.0,45.0,-75.0,1.0,1.0,2.0,1.0,45.0,1353.0,45.0,30.0,1125.0,29.0,59.0,89.0,364.0,29.0,0.0,0.0,4.0,4.0,4.0,4.0,4.0,4.0,0.0,1.0,0.0
125,24/06/2026,city scrape,Studio 1 Ottawa West,Mariya,"Ottawa, Canada",t,t,College,Private room in home,Private room,24/06/2026,25/06/2026,t,24/06/2026,14/08/2016,12/06/2026,12.0,3.0,12.0,2.0,2.0,45.0,-75.0,1.0,1.0,1.0,1.0,97.0,97.0,97.0,1.0,30.0,27.0,27.0,27.0,27.0,81.0,14.0,6.0,4.0,4.0,4.0,4.0,4.0,4.0,0.0,2.0,0.0
126,02/07/2026,previous scrape,Co-habit w/young professionals Ottawa  ED 1,Greg And Valerie,"Ottawa, Canada",t,t,College,Private room in home,Private room,03/11/2026,02/01/2027,t,02/07/2026,31/05/2017,30/08/2025,13.0,10.0,13.0,10.0,8.0,45.0,-75.0,1.0,1.0,2.0,2.0,19.0,1174.0,19.0,60.0,200.0,0.0,22.0,22.0,263.0,7.0,1.0,1.0,4.0,4.0,5.0,4.0,4.0,4.0,0.0,8.0,4.0
127,24/06/2026,city scrape,Ottawa 2 bedroom pied-a-terre!,Greg And Valerie,"Ottawa, Canada",t,t,College,Entire guest suite,Entire home/apt,06/09/2026,07/10/2026,t,24/06/2026,18/09/2017,25/07/2018,7.0,6.0,3.0,6.0,2.0,45.0,-75.0,2.0,1.0,2.0,1.0,103.0,1626.0,103.0,30.0,365.0,12.0,29.0,53.0,235.5,22.0,1.0,1.0,4.0,4.0,4.0,4.0,4.0,4.0,1.0,2.0,1.0
128,24/06/2026,city scrape,Kanata concept 1 bedroom apartment,Eva,"Ottawa, Canada",t,t,Kanata South,Entire guest suite,Entire home/apt,30/04/2027,30/05/2027,t,24/06/2026,07/09/2016,26/04/2026,7.0,6.0,3.0,6.0,2.0,45.0,-75.0,2.0,1.0,2.0,1.0,103.0,1626.0,103.0,30.0,365.0,12.0,29.0,53.0,235.5,22.0,1.0,1.0,4.0,4.0,4.0,4.0,4.0,4.0,1.0,2.0,1.0
129,24/06/2026,city scrape,Nation Capital,Zed,"Ottawa, Canada",f,t,Gloucester-Southgate,Private room in townhouse,Private room,25/06/2026,25/07/2026,t,24/06/2026,20/02/2017,04/09/2022,7.0,6.0,3.0,6.0,2.0,45.0,-75.0,2.0,1.0,2.0,1.0,103.0,1626.0,103.0,30.0,365.0,12.0,29.0,53.0,235.5,22.0,1.0,1.0,4.0,4.0,4.0,4.0,4.0,4.0,1.0,2.0,1.0
130,24/06/2026,city scrape,Great home in executive area. Like a resort,Nancy,"Ottawa, Canada",f,t,Rideau-Goulbourn,Entire guest suite,Entire home/apt,02/07/2026,05/07/2026,t,24/06/2026,10/07/2022,29/05/2026,7.0,6.0,3.0,6.0,2.0,45.0,-75.0,2.0,1.0,2.0,1.0,103.0,1626.0,103.0,30.0,365.0,12.0,29.0,53.0,235.5,22.0,1.0,1.0,4.0,4.0,4.0,4.0,4.0,4.0,1.0,2.0,1.0
131,24/06/2026,city scrape,Welcome to Bullfrog Cottage. Your exclusive space!,Eva,Canada,f,t,Cumberland,Entire cottage,Entire home/apt,10/10/2026,09/11/2026,t,24/06/2026,08/10/2016,26/04/2026,11.0,9.0,11.0,7.0,1.0,45.0,-75.0,3.0,1.0,2.0,3.0,70.0,2108.0,70.0,30.0,128.0,18.0,18.0,18.0,132.0,148.0,2.0,2.0,4.0,4.0,4.0,4.0,4.0,4.0,1.0,1.0,1.0
132,02/07/2026,previous scrape,Boutique Suite in Ottawa's West End,Sandra,"Ottawa, Canada",t,t,Bay,Entire home,Entire home/apt,0000-00-00,"""0000-00-00""",t,02/07/2026,20/02/2017,23/08/2025,10.0,0.0,9.0,5.0,4.0,45.0,-75.0,2.0,1.0,1.0,2.0,173.0,2246.0,173.0,30.0,1125.0,0.0,0.0,0.0,0.0,47.0,1.0,3.0,4.0,4.0,5.0,4.0,4.0,4.0,0.0,4.0,4.0
133,24/06/2026,city scrape,Un soir de semaine ou un weekend dans la Capitale,Pierre,"Ottawa, Canada",t,t,Rideau-Rockcliffe,Private room in townhouse,Private room,24/06/2026,25/06/2026,t,24/06/2026,23/09/2016,21/06/2026,7.0,6.0,3.0,6.0,2.0,45.0,-75.0,2.0,1.0,2.0,1.0,103.0,1626.0,103.0,30.0,365.0,12.0,29.0,53.0,235.5,22.0,1.0,1.0,4.0,4.0,4.0,4.0,4.0,4.0,1.0,2.0,1.0
134,24/06/2026,city scrape,Entire Executive Townhome-Ottawa,JFred,"Ottawa, Canada",f,t,Cumberland,Entire townhouse,Entire home/apt,08/01/2027,07/02/2027,t,24/06/2026,05/08/2023,05/03/2026,7.0,6.0,3.0,6.0,2.0,45.0,-75.0,2.0,1.0,2.0,1.0,103.0,1626.0,103.0,30.0,365.0,12.0,29.0,53.0,235.5,22.0,1.0,1.0,4.0,4.0,4.0,4.0,4.0,4.0,1.0,2.0,1.0
135,24/06/2026,city scrape,Charme Urbain dans la Capitale (parking inclu),Pierre,"Ottawa, Canada",t,t,Rideau-Rockcliffe,Private room in townhouse,Private room,06/07/2026,08/07/2026,t,24/06/2026,18/03/2017,20/06/2026,7.0,6.0,3.0,6.0,2.0,45.0,-75.0,2.0,1.0,2.0,1.0,103.0,1626.0,103.0,30.0,365.0,12.0,29.0,53.0,235.5,22.0,1.0,1.0,4.0,4.0,4.0,4.0,4.0,4.0,1.0,2.0,1.0
136,24/06/2026,city scrape,"Perfect downtown location, walk to all attractions",Jessica,"Ottawa, Canada",f,t,Somerset,Entire home,Entire home/apt,01/10/2026,31/10/2026,t,24/06/2026,18/12/2016,26/05/2026,7.0,6.0,3.0,6.0,2.0,45.0,-75.0,2.0,1.0,2.0,1.0,103.0,1626.0,103.0,30.0,365.0,12.0,29.0,53.0,235.5,22.0,1.0,1.0,4.0,4.0,4.0,4.0,4.0,4.0,1.0,2.0,1.0
137,24/06/2026,city scrape,Newly built 3bdm family house Entire house,Eric,"Ottawa, Canada",f,t,Cumberland,Entire home,Entire home/apt,25/06/2026,25/07/2026,t,24/06/2026,22/10/2016,28/07/2019,7.0,6.0,3.0,6.0,2.0,45.0,-75.0,2.0,1.0,2.0,1.0,103.0,1626.0,103.0,30.0,365.0,12.0,29.0,53.0,235.5,22.0,1.0,1.0,4.0,4.0,4.0,4.0,4.0,4.0,1.0,2.0,1.0
138,02/07/2026,previous scrape,Chic Unit in Sandy Hill / Access to quint Backyard,Chris,"Ottawa, Canada",f,t,Rideau-Vanier,Entire rental unit,Entire home/apt,24/12/2026,23/01/2027,t,02/07/2026,20/11/2016,11/01/2026,7.0,6.0,3.0,6.0,2.0,45.0,-75.0,2.0,1.0,2.0,1.0,103.0,1626.0,103.0,30.0,365.0,12.0,29.0,53.0,235.5,22.0,1.0,1.0,4.0,4.0,4.0,4.0,4.0,4.0,1.0,2.0,1.0
139,24/06/2026,city scrape,Little Gem in Central Ottawa-3bd,Westhaven,"Ottawa, Canada",t,t,River,Entire rental unit,Entire home/apt,31/07/2026,30/08/2026,t,24/06/2026,23/10/2016,06/10/2025,7.0,6.0,3.0,6.0,2.0,45.0,-75.0,2.0,1.0,2.0,1.0,103.0,1626.0,103.0,30.0,365.0,12.0,29.0,53.0,235.5,22.0,1.0,1.0,4.0,4.0,4.0,4.0,4.0,4.0,1.0,2.0,1.0
140,24/06/2026,city scrape,The ZenDen - Relax in peaceful tranquility.,Heather,"Ottawa, Canada",f,t,College,Entire home,Entire home/apt,27/06/2026,27/07/2026,t,24/06/2026,30/09/2024,30/09/2024,7.0,6.0,3.0,6.0,2.0,45.0,-75.0,2.0,1.0,2.0,1.0,103.0,1626.0,103.0,30.0,365.0,12.0,29.0,53.0,235.5,22.0,1.0,1.0,4.0,4.0,4.0,4.0,4.0,4.0,1.0,2.0,1.0
141,24/06/2026,city scrape,"Private room, art filled home in trendy hood",Anne,"Ottawa, Canada",f,t,Kitchissippi,Private room in home,Private room,26/06/2026,27/07/2026,t,24/06/2026,30/04/2017,24/05/2026,7.0,6.0,3.0,6.0,2.0,45.0,-75.0,2.0,1.0,2.0,1.0,103.0,1626.0,103.0,30.0,365.0,12.0,29.0,53.0,235.5,22.0,1.0,1.0,4.0,4.0,4.0,4.0,4.0,4.0,1.0,2.0,1.0
142,24/06/2026,city scrape,Architect's Modern Cottage Oasis,Jian,"Ottawa, Canada",f,t,Knoxdale-Merivale,Entire home,Entire home/apt,26/06/2026,26/07/2026,t,24/06/2026,25/06/2025,25/06/2025,7.0,6.0,3.0,6.0,2.0,45.0,-75.0,2.0,1.0,2.0,1.0,103.0,1626.0,103.0,30.0,365.0,12.0,29.0,53.0,235.5,22.0,1.0,1.0,4.0,4.0,4.0,4.0,4.0,4.0,1.0,2.0,1.0
143,24/06/2026,city scrape,Queen guest apartment,Emman,"Ottawa, Canada",f,t,Rideau-Goulbourn,Entire guest suite,Entire home/apt,08/08/2026,10/08/2026,t,24/06/2026,16/03/2020,19/06/2026,7.0,6.0,3.0,6.0,2.0,45.0,-75.0,2.0,1.0,2.0,1.0,103.0,1626.0,103.0,30.0,365.0,12.0,29.0,53.0,235.5,22.0,1.0,1.0,4.0,4.0,4.0,4.0,4.0,4.0,1.0,2.0,1.0
144,24/06/2026,city scrape,Luxury 2-Story Downtown Apartment-Queen & Sofa Bed,PARLOUR Hotel,"Ottawa, Canada",t,t,Rideau-Vanier,Entire rental unit,Entire home/apt,31/07/2026,01/08/2026,t,24/06/2026,05/02/2017,12/06/2026,7.0,6.0,3.0,6.0,2.0,45.0,-75.0,2.0,1.0,2.0,1.0,103.0,1626.0,103.0,30.0,365.0,12.0,29.0,53.0,235.5,22.0,1.0,1.0,4.0,4.0,4.0,4.0,4.0,4.0,1.0,2.0,1.0
145,24/06/2026,city scrape,Lovely 3 bedroom Townhome,Zed,"Ottawa, Canada",f,t,Gloucester-Southgate,Private room in home,Private room,25/06/2026,25/07/2026,t,24/06/2026,10,10,9.0,10.0,9.0,7.0,5.0,45.0,-75.0,2.0,1.0,1.0,2.0,37.0,1135.0,37.0,30.0,365.0,29.0,59.0,89.0,89.0,0.0,0.0,0.0,4.0,4.0,4.0,4.0,4.0,4.0,1.0,4.0,0.0
146,24/06/2026,city scrape,Little Jewel in Central Ottawa 3bd,Westhaven,"Ottawa, Canada",t,t,River,Entire rental unit,Entire home/apt,15/08/2026,14/09/2026,t,24/06/2026,04/12/2016,31/05/2026,7.0,6.0,3.0,6.0,2.0,45.0,-75.0,2.0,1.0,2.0,1.0,103.0,1626.0,103.0,30.0,365.0,12.0,29.0,53.0,235.5,22.0,1.0,1.0,4.0,4.0,4.0,4.0,4.0,4.0,1.0,2.0,1.0
147,24/06/2026,city scrape,Heritage Jewel in the Byward Market,Pat,"Ottawa, Canada",t,t,Rideau-Vanier,Entire home,Entire home/apt,01/10/2026,03/10/2026,t,24/06/2026,22/12/2016,14/06/2026,7.0,6.0,3.0,6.0,2.0,45.0,-75.0,2.0,1.0,2.0,1.0,103.0,1626.0,103.0,30.0,365.0,12.0,29.0,53.0,235.5,22.0,1.0,1.0,4.0,4.0,4.0,4.0,4.0,4.0,1.0,2.0,1.0
148,24/06/2026,city scrape,Perfect Location,Alexander,"Ottawa, Canada",f,t,Capital,Private room in home,Private room,15/08/2026,14/09/2026,t,24/06/2026,22/01/2017,01/04/2026,9.0,7.0,9.0,6.0,1.0,45.0,-75.0,2.0,1.0,2.0,1.0,43.0,1305.0,43.0,30.0,365.0,8.0,16.0,46.0,46.0,17.0,2.0,1.0,4.0,4.0,5.0,5.0,4.0,4.0,0.0,1.0,0.0
149,24/06/2026,city scrape,Chao’s full house single bedroom,Chao,"Ottawa, Canada",f,t,Gloucester-South Nepean,Private room in home,Private room,01/08/2026,31/08/2026,t,24/06/2026,10,10,9.0,7.0,9.0,6.0,2.0,45.0,-75.0,1.0,1.0,1.0,1.0,37.0,1123.0,37.0,30.0,1125.0,17.0,39.0,69.0,159.0,0.0,0.0,0.0,4.0,4.0,4.0,4.0,4.0,4.0,1.0,2.0,0.0
150,24/06/2026,city scrape,Barrhaven Homestay - Spacious room #1 in basement,Katherine Van Nguyen,"Ottawa, Canada",t,t,Gloucester-South Nepean,Private room in home,Private room,01/07/2026,31/07/2026,t,24/06/2026,29/12/2016,13/04/2025,9.0,7.0,9.0,6.0,3.0,45.0,-75.0,1.0,1.0,2.0,1.0,31.0,955.0,31.0,30.0,365.0,23.0,53.0,83.0,83.0,27.0,0.0,1.0,4.0,4.0,5.0,5.0,4.0,4.0,0.0,2.0,0.0
151,24/06/2026,city scrape,Barrhaven- Spacious room #3 in the basement,Katherine Van Nguyen,"Ottawa, Canada",t,t,Gloucester-South Nepean,Private room in home,Private room,25/06/2026,25/07/2026,t,24/06/2026,19/02/2017,19/11/2023,9.0,7.0,9.0,6.0,3.0,45.0,-75.0,3.0,1.0,2.0,2.0,34.0,1045.0,34.0,30.0,365.0,29.0,59.0,89.0,364.0,12.0,0.0,0.0,4.0,4.0,4.0,4.0,4.0,4.0,0.0,2.0,0.0
152,24/06/2026,city scrape,Private Downtown Condo in Ottawa near Parliament2,May,Canada,t,t,Rideau-Vanier,Entire rental unit,Entire home/apt,05/07/2026,06/07/2026,t,24/06/2026,29/12/2016,10/06/2026,7.0,6.0,3.0,6.0,2.0,45.0,-75.0,2.0,1.0,2.0,1.0,103.0,1626.0,103.0,30.0,365.0,12.0,29.0,53.0,235.5,22.0,1.0,1.0,4.0,4.0,4.0,4.0,4.0,4.0,1.0,2.0,1.0
153,24/06/2026,city scrape,Elcho's Explore Ottawa Luxury for 6 - Parking,Elcho Pronounced Elco,"Ottawa, Canada",f,t,Rideau-Vanier,Entire guest suite,Entire home/apt,24/06/2026,26/06/2026,t,24/06/2026,01/01/2017,18/05/2026,9.0,6.0,9.0,6.0,4.0,45.0,-75.0,6.0,1.0,2.0,3.0,222.0,445.0,222.0,2.0,1125.0,3.0,9.0,11.0,151.0,53.0,6.0,7.0,4.0,4.0,4.0,4.0,4.0,4.0,0.0,4.0,3.0
154,24/06/2026,city scrape,Luxury Apartment |Byward Market| Queen & Sofa Bed,PARLOUR Hotel,"Ottawa, Canada",t,t,Rideau-Vanier,Entire rental unit,Entire home/apt,24/06/2026,25/06/2026,t,24/06/2026,19/02/2017,22/05/2026,7.0,6.0,3.0,6.0,2.0,45.0,-75.0,2.0,1.0,2.0,1.0,103.0,1626.0,103.0,30.0,365.0,12.0,29.0,53.0,235.5,22.0,1.0,1.0,4.0,4.0,4.0,4.0,4.0,4.0,1.0,2.0,1.0
155,24/06/2026,city scrape,Prestige Meets Luxury In 3B Heritage Gold Triangle,Margaret,"Prescott, AZ",t,t,Somerset,Entire home,Entire home/apt,09/07/2026,13/07/2026,t,24/06/2026,28/06/2017,25/01/2026,7.0,6.0,3.0,6.0,2.0,45.0,-75.0,2.0,1.0,2.0,1.0,103.0,1626.0,103.0,30.0,365.0,12.0,29.0,53.0,235.5,22.0,1.0,1.0,4.0,4.0,4.0,4.0,4.0,4.0,1.0,2.0,1.0
156,24/06/2026,city scrape,Modern townhome in Kanata w/ direct forest access,Breathe Vacation Rentals,"Prince Edward, Canada",t,t,Kanata South,Entire townhouse,Entire home/apt,15/07/2026,02/08/2026,t,24/06/2026,22/12/2016,12/12/2025,7.0,6.0,3.0,6.0,2.0,45.0,-75.0,2.0,1.0,2.0,1.0,103.0,1626.0,103.0,30.0,365.0,12.0,29.0,53.0,235.5,22.0,1.0,1.0,4.0,4.0,4.0,4.0,4.0,4.0,1.0,2.0,1.0
157,24/06/2026,city scrape,Clean & Modern Living in Little Italy & Chinatown,Nathan,"Ottawa, Canada",t,t,Somerset,Entire guest suite,Entire home/apt,22/07/2026,25/07/2026,t,24/06/2026,12/02/2017,19/06/2026,7.0,6.0,3.0,6.0,2.0,45.0,-75.0,2.0,1.0,2.0,1.0,103.0,1626.0,103.0,30.0,365.0,12.0,29.0,53.0,235.5,22.0,1.0,1.0,4.0,4.0,4.0,4.0,4.0,4.0,1.0,2.0,1.0
158,24/06/2026,city scrape,Spacious Fully Equipped Studio in Trendy Westboro,Michelle,"Ottawa, Canada",t,t,Kitchissippi,Entire guesthouse,Entire home/apt,06/07/2026,08/07/2026,t,24/06/2026,01/01/2017,14/06/2026,7.0,6.0,3.0,6.0,2.0,45.0,-75.0,2.0,1.0,2.0,1.0,103.0,1626.0,103.0,30.0,365.0,12.0,29.0,53.0,235.5,22.0,1.0,1.0,4.0,4.0,4.0,4.0,4.0,4.0,1.0,2.0,1.0
159,24/06/2026,city scrape,"Westboro BeachHouse - Outdoor Jacuzzi, Netflix",Brenda,"Ottawa, Canada",t,t,Kitchissippi,Entire home,Entire home/apt,29/06/2026,02/07/2026,t,24/06/2026,12/09/2017,14/06/2026,7.0,6.0,3.0,6.0,2.0,45.0,-75.0,2.0,1.0,2.0,1.0,103.0,1626.0,103.0,30.0,365.0,12.0,29.0,53.0,235.5,22.0,1.0,1.0,4.0,4.0,4.0,4.0,4.0,4.0,1.0,2.0,1.0
160,24/06/2026,city scrape,"Quiet Downtown, 2 level, Family-friendly Apartment",Andreas,"Ottawa, Canada",f,t,Somerset,Entire home,Entire home/apt,04/07/2026,03/08/2026,t,24/06/2026,29/01/2017,07/03/2026,7.0,6.0,3.0,6.0,2.0,45.0,-75.0,2.0,1.0,2.0,1.0,103.0,1626.0,103.0,30.0,365.0,12.0,29.0,53.0,235.5,22.0,1.0,1.0,4.0,4.0,4.0,4.0,4.0,4.0,1.0,2.0,1.0
161,24/06/2026,city scrape,Elcho's ExplOre Ottawa #3. Parking,Elcho Pronounced Elco,"Ottawa, Canada",f,t,Rideau-Vanier,Entire guest suite,Entire home/apt,28/07/2026,30/07/2026,t,24/06/2026,05/05/2017,21/06/2026,9.0,6.0,9.0,6.0,4.0,45.0,-75.0,4.0,1.0,1.0,2.0,167.0,334.0,167.0,1.0,1125.0,2.0,8.0,10.0,180.0,28.0,8.0,3.0,4.0,4.0,4.0,4.0,4.0,4.0,0.0,4.0,3.0
162,24/06/2026,city scrape,Elcho's Lovely Guest Room,Elcho Pronounced Elco,"Ottawa, Canada",f,t,Rideau-Vanier,Private room in guest suite,Private room,01/07/2026,03/07/2026,t,24/06/2026,18/02/2018,20/06/2026,9.0,6.0,9.0,6.0,4.0,45.0,-75.0,2.0,1.0,2.0,1.0,130.0,260.0,130.0,2.0,5.0,17.0,40.0,49.0,103.0,134.0,18.0,18.0,4.0,4.0,4.0,4.0,4.0,4.0,1.0,4.0,3.0
163,24/06/2026,city scrape,Rideau Canal Luxurious 1BD/kitchenette/studio,Jean-Paul,"Ottawa, Canada",f,t,Capital,Private room in home,Private room,25/06/2026,25/07/2026,t,24/06/2026,20/02/2017,27/02/2020,10.0,11.0,9.0,4.0,1.0,45.0,-75.0,2.0,1.0,2.0,1.0,85.0,2576.0,85.0,30.0,1125.0,29.0,59.0,89.0,364.0,25.0,0.0,0.0,4.0,4.0,5.0,4.0,4.0,4.0,0.0,1.0,0.0
164,24/06/2026,city scrape,2 Bedroom Overlooking the Rideau Canal w Parking,Dimitri,"Ottawa, Canada",f,t,Capital,Entire home,Entire home/apt,24/08/2026,26/08/2026,t,24/06/2026,29/01/2017,10/06/2026,7.0,6.0,3.0,6.0,2.0,45.0,-75.0,2.0,1.0,2.0,1.0,103.0,1626.0,103.0,30.0,365.0,12.0,29.0,53.0,235.5,22.0,1.0,1.0,4.0,4.0,4.0,4.0,4.0,4.0,1.0,2.0,1.0
165,24/06/2026,city scrape,Private room: Only 20 mins from Downtown,Harsimran,"Ottawa, Canada",f,t,Stittsville-Kanata West,Private room in home,Private room,24/06/2026,24/07/2026,t,24/06/2026,10,10,10.0,3.0,3.0,10.0,1.0,45.0,-75.0,1.0,1.0,2.0,1.0,49.0,1473.0,49.0,30.0,1125.0,30.0,60.0,90.0,270.0,0.0,0.0,0.0,4.0,4.0,4.0,4.0,4.0,4.0,1.0,1.0,0.0
166,24/06/2026,city scrape,Elegant 1 Bedroom in Beechwood Village (Suite 2),Jane,"Ottawa, Canada",f,t,Rideau-Vanier,Entire home,Entire home/apt,11/03/2027,10/04/2027,t,24/06/2026,30/04/2017,02/02/2024,11.0,9.0,11.0,9.0,2.0,45.0,-75.0,2.0,1.0,1.0,2.0,79.0,2395.0,79.0,30.0,720.0,0.0,0.0,0.0,109.0,23.0,0.0,0.0,4.0,4.0,4.0,4.0,4.0,4.0,0.0,2.0,2.0
167,24/06/2026,city scrape,"Waterfront property, 17 kms to downtown Ottawa.",Maureen & Albert,"Ottawa, Canada",t,t,Gloucester-South Nepean,Private room in bungalow,Private room,17/07/2026,19/07/2026,t,24/06/2026,28/05/2017,08/06/2026,9.0,5.0,9.0,4.0,1.0,45.0,-75.0,4.0,1.0,2.0,3.0,139.0,278.0,139.0,2.0,1125.0,7.0,18.0,28.0,303.0,124.0,13.0,11.0,4.0,4.0,4.0,4.0,4.0,4.0,1.0,1.0,0.0
168,24/06/2026,city scrape,Chester Copperpot Loft - Industrial Chic  -,Short And Suite BnB,"Ottawa, Canada",t,t,Somerset,Entire rental unit,Entire home/apt,29/06/2026,30/06/2026,t,24/06/2026,19/03/2017,19/06/2026,7.0,6.0,3.0,6.0,2.0,45.0,-75.0,2.0,1.0,2.0,1.0,103.0,1626.0,103.0,30.0,365.0,12.0,29.0,53.0,235.5,22.0,1.0,1.0,4.0,4.0,4.0,4.0,4.0,4.0,1.0,2.0,1.0
169,02/07/2026,previous scrape,Entire Single Family Home with Heated Pool,Susan,"Ottawa, Canada",f,t,Barrhaven,Entire home,Entire home/apt,0000-00-00,"""0000-00-00""",t,02/07/2026,19/03/2017,19/01/2020,7.0,6.0,3.0,6.0,2.0,45.0,-75.0,2.0,1.0,2.0,1.0,103.0,1626.0,103.0,30.0,365.0,12.0,29.0,53.0,235.5,22.0,1.0,1.0,4.0,4.0,4.0,4.0,4.0,4.0,1.0,2.0,1.0
170,24/06/2026,city scrape,Le Petit Palais - Brand New - Art Deco - French,Short And Suite BnB,"Ottawa, Canada",t,t,Somerset,Entire rental unit,Entire home/apt,08/07/2026,09/07/2026,t,24/06/2026,19/03/2017,19/06/2026,7.0,6.0,3.0,6.0,2.0,45.0,-75.0,2.0,1.0,2.0,1.0,103.0,1626.0,103.0,30.0,365.0,12.0,29.0,53.0,235.5,22.0,1.0,1.0,4.0,4.0,4.0,4.0,4.0,4.0,1.0,2.0,1.0
171,24/06/2026,city scrape,The GREENBERG FLAT - BRAND NEW - Mid Century -,Short And Suite BnB,"Ottawa, Canada",t,t,Somerset,Entire rental unit,Entire home/apt,03/07/2026,05/07/2026,t,24/06/2026,16/03/2017,22/06/2026,7.0,6.0,3.0,6.0,2.0,45.0,-75.0,2.0,1.0,2.0,1.0,103.0,1626.0,103.0,30.0,365.0,12.0,29.0,53.0,235.5,22.0,1.0,1.0,4.0,4.0,4.0,4.0,4.0,4.0,1.0,2.0,1.0
172,24/06/2026,city scrape,Clean and Comfortable Studio + Amazing Location,Mojgan,"Ottawa, Canada",t,t,Rideau-Vanier,Entire rental unit,Entire home/apt,24/06/2026,24/07/2026,t,24/06/2026,30/04/2017,31/05/2026,11.0,10.0,11.0,10.0,3.0,45.0,-75.0,2.0,1.0,2.0,2.0,77.0,2321.0,77.0,30.0,730.0,30.0,60.0,90.0,365.0,163.0,2.0,4.0,4.0,4.0,4.0,4.0,4.0,4.0,1.0,3.0,3.0
173,24/06/2026,city scrape,Sandy Hill-3 Bedroom Immaculate Apt.-Walk downtown,Christine,"Ottawa, Canada",t,t,Rideau-Vanier,Entire rental unit,Entire home/apt,18/08/2026,17/09/2026,t,24/06/2026,30/09/2018,22/12/2025,7.0,6.0,3.0,6.0,2.0,45.0,-75.0,2.0,1.0,2.0,1.0,103.0,1626.0,103.0,30.0,365.0,12.0,29.0,53.0,235.5,22.0,1.0,1.0,4.0,4.0,4.0,4.0,4.0,4.0,1.0,2.0,1.0
174,24/06/2026,city scrape,Quiet & Cozy Retreat near Downtown Ottawa,Nicole,"Ottawa, Canada",t,t,Rideau-Vanier,Private room in bungalow,Private room,15/07/2026,16/07/2026,t,24/06/2026,14/05/2017,14/06/2026,7.0,6.0,3.0,6.0,2.0,45.0,-75.0,2.0,1.0,2.0,1.0,103.0,1626.0,103.0,30.0,365.0,12.0,29.0,53.0,235.5,22.0,1.0,1.0,4.0,4.0,4.0,4.0,4.0,4.0,1.0,2.0,1.0
175,24/06/2026,city scrape,Nicely appointed In-Law Suite with amenities.,Suzie,"Ottawa, Canada",t,t,Orleans,Entire rental unit,Entire home/apt,01/12/2026,04/12/2026,t,24/06/2026,01/04/2017,03/01/2025,9.0,11.0,9.0,2.0,3.0,45.0,-75.0,2.0,1.0,1.0,1.0,123.0,371.0,123.0,3.0,125.0,0.0,0.0,0.0,205.0,104.0,0.0,1.0,4.0,4.0,4.0,4.0,4.0,4.0,0.0,3.0,1.0
176,24/06/2026,city scrape,Queen size Guest Room in luxurious home,Suzie,"Ottawa, Canada",t,t,Orleans,Private room in home,Private room,01/07/2026,03/07/2026,t,24/06/2026,29/04/2017,22/06/2026,7.0,6.0,3.0,6.0,2.0,45.0,-75.0,2.0,1.0,2.0,1.0,103.0,1626.0,103.0,30.0,365.0,12.0,29.0,53.0,235.5,22.0,1.0,1.0,4.0,4.0,4.0,4.0,4.0,4.0,1.0,2.0,1.0
177,24/06/2026,city scrape,Elegant Queen bed guest room with ensuite bath,Suzie,"Ottawa, Canada",t,t,Orleans,Private room in home,Private room,04/07/2026,05/07/2026,t,24/06/2026,06/04/2017,21/06/2026,7.0,6.0,3.0,6.0,2.0,45.0,-75.0,2.0,1.0,2.0,1.0,103.0,1626.0,103.0,30.0,365.0,12.0,29.0,53.0,235.5,22.0,1.0,1.0,4.0,4.0,4.0,4.0,4.0,4.0,1.0,2.0,1.0
178,24/06/2026,city scrape,Glebe suite on Monk with small parking spot,Bartholomew Martin,"Ottawa, Canada",f,t,Capital,Entire rental unit,Entire home/apt,01/02/2027,03/03/2027,t,24/06/2026,26/04/2017,10/06/2026,7.0,6.0,3.0,6.0,2.0,45.0,-75.0,2.0,1.0,2.0,1.0,103.0,1626.0,103.0,30.0,365.0,12.0,29.0,53.0,235.5,22.0,1.0,1.0,4.0,4.0,4.0,4.0,4.0,4.0,1.0,2.0,1.0
179,02/07/2026,previous scrape,Spacious Executive Condo in Ottawa's Best Location,Carlos,"Ottawa, Canada",f,t,Somerset,Entire rental unit,Entire home/apt,09/07/2026,17/10/2026,t,02/07/2026,10,10,7.0,6.0,3.0,6.0,2.0,45.0,-75.0,2.0,1.0,2.0,1.0,103.0,1626.0,103.0,30.0,365.0,12.0,29.0,53.0,235.5,22.0,1.0,1.0,4.0,4.0,4.0,4.0,4.0,4.0,1.0,2.0,1.0
180,24/06/2026,city scrape,Bright heritage Westboro home for the plant lover!,Naomi,"Ottawa, Canada",f,t,Kitchissippi,Entire home,Entire home/apt,26/06/2026,26/07/2026,t,24/06/2026,08/05/2017,25/02/2020,13.0,11.0,9.0,2.0,1.0,45.0,-75.0,3.0,1.0,1.0,1.0,133.0,3994.0,133.0,30.0,30.0,28.0,58.0,88.0,178.0,34.0,0.0,0.0,4.0,4.0,4.0,4.0,4.0,4.0,0.0,1.0,1.0
181,24/06/2026,city scrape,King guest apartment,Emman,"Ottawa, Canada",f,t,Rideau-Goulbourn,Entire guest suite,Entire home/apt,12/07/2026,14/07/2026,t,24/06/2026,31/10/2020,13/06/2026,7.0,6.0,3.0,6.0,2.0,45.0,-75.0,2.0,1.0,2.0,1.0,103.0,1626.0,103.0,30.0,365.0,12.0,29.0,53.0,235.5,22.0,1.0,1.0,4.0,4.0,4.0,4.0,4.0,4.0,1.0,2.0,1.0
182,24/06/2026,city scrape,Cute & Cozy Private Guest Suite at Raimi Rentals,Lisa,"Ottawa, Canada",t,t,College,Entire guest suite,Entire home/apt,03/08/2026,05/08/2026,t,24/06/2026,14/05/2017,05/04/2026,7.0,6.0,3.0,6.0,2.0,45.0,-75.0,2.0,1.0,2.0,1.0,103.0,1626.0,103.0,30.0,365.0,12.0,29.0,53.0,235.5,22.0,1.0,1.0,4.0,4.0,4.0,4.0,4.0,4.0,1.0,2.0,1.0
183,02/07/2026,previous scrape,Amazing 3 Bedroom with Free Parking,Prea,"Toronto, Canada",t,t,Orleans,Entire guest suite,Entire home/apt,0000-00-00,"""0000-00-00""",t,02/07/2026,03/05/2017,06/03/2026,7.0,6.0,3.0,6.0,2.0,45.0,-75.0,2.0,1.0,2.0,1.0,103.0,1626.0,103.0,30.0,365.0,12.0,29.0,53.0,235.5,22.0,1.0,1.0,4.0,4.0,4.0,4.0,4.0,4.0,1.0,2.0,1.0
184,02/07/2026,previous scrape,Private in-law Suite with Ensuite+bath.,Sabina & Shahbaz,"Ottawa, Canada",f,t,Orleans,Private room in home,Private room,0000-00-00,"""0000-00-00""",t,02/07/2026,21/05/2017,11/09/2023,9.0,2.0,9.0,2.0,2.0,45.0,-75.0,2.0,1.0,2.0,2.0,173.0,2246.0,173.0,30.0,1125.0,0.0,0.0,0.0,0.0,108.0,0.0,0.0,4.0,4.0,4.0,4.0,4.0,4.0,0.0,1.0,0.0
185,24/06/2026,city scrape,Clean Spacious 4Bd Home Manor Park 10mins Downtown,Nita,"Ottawa, Canada",f,t,Rideau-Rockcliffe,Entire home,Entire home/apt,20/10/2026,19/11/2026,t,24/06/2026,07/05/2017,01/05/2026,7.0,6.0,3.0,6.0,2.0,45.0,-75.0,2.0,1.0,2.0,1.0,103.0,1626.0,103.0,30.0,365.0,12.0,29.0,53.0,235.5,22.0,1.0,1.0,4.0,4.0,4.0,4.0,4.0,4.0,1.0,2.0,1.0
186,24/06/2026,city scrape,Constance Bay Sandy Beach Paradise/Winter Retreat,Eliane,"Ottawa, Canada",f,t,West Carleton-March,Entire cottage,Entire home/apt,14/09/2026,18/09/2026,t,24/06/2026,02/12/2017,12/06/2026,7.0,6.0,3.0,6.0,2.0,45.0,-75.0,2.0,1.0,2.0,1.0,103.0,1626.0,103.0,30.0,365.0,12.0,29.0,53.0,235.5,22.0,1.0,1.0,4.0,4.0,4.0,4.0,4.0,4.0,1.0,2.0,1.0
187,24/06/2026,city scrape,"Fully furnished ""G"" Studio in downtown Ottawa",Andriy & Nataliya,"Ottawa, Canada",t,t,Rideau-Vanier,Entire condo,Entire home/apt,01/08/2026,01/09/2026,t,24/06/2026,01/06/2017,20/12/2025,7.0,6.0,3.0,6.0,2.0,45.0,-75.0,2.0,1.0,2.0,1.0,103.0,1626.0,103.0,30.0,365.0,12.0,29.0,53.0,235.5,22.0,1.0,1.0,4.0,4.0,4.0,4.0,4.0,4.0,1.0,2.0,1.0
188,24/06/2026,city scrape,Bright Bedroom for Two - One bus to town centre,Linda,"Ottawa, Canada",f,t,Gloucester-Southgate,Private room in home,Private room,01/07/2026,03/07/2026,t,24/06/2026,04/09/2017,30/05/2026,7.0,6.0,3.0,6.0,2.0,45.0,-75.0,2.0,1.0,2.0,1.0,103.0,1626.0,103.0,30.0,365.0,12.0,29.0,53.0,235.5,22.0,1.0,1.0,4.0,4.0,4.0,4.0,4.0,4.0,1.0,2.0,1.0
189,24/06/2026,city scrape,Beautiful House - 15 Min from Downtown Ottawa,Anastasia,"Ottawa, Canada",t,t,Barrhaven,Entire home,Entire home/apt,31/07/2026,30/08/2026,t,24/06/2026,20/05/2017,29/08/2025,7.0,6.0,3.0,6.0,2.0,45.0,-75.0,2.0,1.0,2.0,1.0,103.0,1626.0,103.0,30.0,365.0,12.0,29.0,53.0,235.5,22.0,1.0,1.0,4.0,4.0,4.0,4.0,4.0,4.0,1.0,2.0,1.0
190,24/06/2026,city scrape,Delightful spring/summer/ fall getaway!,Arda,"Ottawa, Canada",f,t,West Carleton-March,Private room in home,Private room,25/06/2026,26/06/2026,t,24/06/2026,29/04/2019,18/05/2026,7.0,6.0,3.0,6.0,2.0,45.0,-75.0,2.0,1.0,2.0,1.0,103.0,1626.0,103.0,30.0,365.0,12.0,29.0,53.0,235.5,22.0,1.0,1.0,4.0,4.0,4.0,4.0,4.0,4.0,1.0,2.0,1.0
191,24/06/2026,city scrape,Downtown apartment - walk to everything,Alana,"Ottawa, Canada",f,t,Somerset,Entire rental unit,Entire home/apt,24/06/2026,24/07/2026,t,24/06/2026,21/06/2019,30/05/2020,11.0,5.0,11.0,4.0,1.0,45.0,-75.0,3.0,1.0,2.0,2.0,111.0,3335.0,111.0,30.0,120.0,30.0,60.0,90.0,365.0,18.0,0.0,0.0,4.0,4.0,4.0,4.0,4.0,4.0,0.0,1.0,1.0
192,24/06/2026,city scrape,"Bright Room (L-desk), river near",Paul,"Ottawa, Canada",f,t,Orleans,Private room in home,Private room,01/10/2026,31/10/2026,t,24/06/2026,04/06/2017,10/12/2021,7.0,6.0,3.0,6.0,2.0,45.0,-75.0,2.0,1.0,2.0,1.0,103.0,1626.0,103.0,30.0,365.0,12.0,29.0,53.0,235.5,22.0,1.0,1.0,4.0,4.0,4.0,4.0,4.0,4.0,1.0,2.0,1.0
193,24/06/2026,city scrape,"Airy Room, river near, (buses)",Paul,"Ottawa, Canada",f,t,Orleans,Private room in home,Private room,03/08/2026,02/09/2026,t,24/06/2026,11/06/2017,04/01/2021,9.0,1.0,9.0,1.0,3.0,45.0,-75.0,1.0,1.0,2.0,1.0,27.0,813.0,27.0,30.0,90.0,0.0,20.0,50.0,140.0,41.0,0.0,0.0,4.0,4.0,4.0,4.0,4.0,4.0,0.0,3.0,0.0
194,24/06/2026,city scrape,"800 SF.Chinatown,2nd floor duplex,1 Br",William,"Ottawa, Canada",t,t,Somerset,Entire rental unit,Entire home/apt,25/06/2026,26/06/2026,t,24/06/2026,14/04/2019,23/06/2026,7.0,6.0,3.0,6.0,2.0,45.0,-75.0,2.0,1.0,2.0,1.0,103.0,1626.0,103.0,30.0,365.0,12.0,29.0,53.0,235.5,22.0,1.0,1.0,4.0,4.0,4.0,4.0,4.0,4.0,1.0,2.0,1.0
195,24/06/2026,city scrape,"Beautiful room near Airport. TV, table, Free park",Rebecca,"Ottawa, Canada",t,t,Gloucester-South Nepean,Private room in villa,Private room,01/07/2026,03/07/2026,t,24/06/2026,20/02/2018,19/06/2026,7.0,6.0,3.0,6.0,2.0,45.0,-75.0,2.0,1.0,2.0,1.0,103.0,1626.0,103.0,30.0,365.0,12.0,29.0,53.0,235.5,22.0,1.0,1.0,4.0,4.0,4.0,4.0,4.0,4.0,1.0,2.0,1.0
196,24/06/2026,city scrape,1 Bedroom in the Glebe of Ottawa,Isabel,"Ottawa, Canada",f,t,Capital,Private room in home,Private room,24/06/2026,24/07/2026,t,24/06/2026,28/05/2017,27/09/2021,9.0,1.0,9.0,1.0,1.0,45.0,-75.0,1.0,1.0,2.0,1.0,212.0,6388.0,212.0,30.0,1125.0,30.0,60.0,90.0,365.0,34.0,0.0,0.0,4.0,4.0,4.0,4.0,4.0,4.0,0.0,1.0,0.0
197,24/06/2026,city scrape,"Refinished, Gorgeous Brick, Parking, Near Downtown",Lisa,"Ontario, Canada",t,t,Somerset,Entire rental unit,Entire home/apt,24/06/2026,25/07/2026,t,24/06/2026,28/05/2017,20/05/2026,7.0,6.0,3.0,6.0,2.0,45.0,-75.0,2.0,1.0,2.0,1.0,103.0,1626.0,103.0,30.0,365.0,12.0,29.0,53.0,235.5,22.0,1.0,1.0,4.0,4.0,4.0,4.0,4.0,4.0,1.0,2.0,1.0
198,24/06/2026,city scrape,Downtown suite with parking and no additional fees,Scott,"Ottawa, Canada",t,t,Rideau-Vanier,Entire rental unit,Entire home/apt,02/07/2026,04/07/2026,t,24/06/2026,06/06/2017,19/06/2026,7.0,6.0,3.0,6.0,2.0,45.0,-75.0,2.0,1.0,2.0,1.0,103.0,1626.0,103.0,30.0,365.0,12.0,29.0,53.0,235.5,22.0,1.0,1.0,4.0,4.0,4.0,4.0,4.0,4.0,1.0,2.0,1.0
199,02/07/2026,previous scrape,Tranquil One Bedroom in Hintonburg,Ida,"Ottawa, Canada",t,t,Kitchissippi,Entire rental unit,Entire home/apt,02/10/2026,31/12/2026,t,02/07/2026,14/09/2017,01/12/2025,7.0,6.0,3.0,6.0,2.0,45.0,-75.0,2.0,1.0,2.0,1.0,103.0,1626.0,103.0,30.0,365.0,12.0,29.0,53.0,235.5,22.0,1.0,1.0,4.0,4.0,4.0,4.0,4.0,4.0,1.0,2.0,1.0
200,24/06/2026,city scrape,Cozy Studio Apartment in Ottawa (Nepean),John,"Ottawa, Canada",t,t,College,Entire rental unit,Entire home/apt,08/07/2026,07/08/2026,t,24/06/2026,26/06/2017,26/11/2025,9.0,0.0,9.0,0.0,1.0,45.0,-75.0,2.0,1.0,2.0,1.0,106.0,3192.0,106.0,30.0,1125.0,16.0,46.0,76.0,351.0,145.0,3.0,4.0,4.0,4.0,4.0,4.0,4.0,4.0,1.0,1.0,1.0
201,24/06/2026,city scrape,Home away from Home,Natasha,"Ottawa, Canada",f,t,Knoxdale-Merivale,Entire guest suite,Entire home/apt,30/08/2026,29/09/2026,t,24/06/2026,23/06/2017,31/08/2025,12.0,10.0,9.0,0.0,1.0,45.0,-75.0,2.0,1.0,1.0,2.0,78.0,2369.0,78.0,30.0,1125.0,0.0,0.0,23.0,203.0,48.0,1.0,1.0,4.0,4.0,4.0,4.0,4.0,4.0,0.0,1.0,1.0
202,24/06/2026,city scrape,Elegant bedroom with balcony,Sara,"Ottawa, Canada",f,t,Bay,Private room in guesthouse,Private room,28/08/2026,30/08/2026,t,24/06/2026,01/10/2017,30/04/2024,7.0,6.0,3.0,6.0,2.0,45.0,-75.0,2.0,1.0,2.0,1.0,103.0,1626.0,103.0,30.0,365.0,12.0,29.0,53.0,235.5,22.0,1.0,1.0,4.0,4.0,4.0,4.0,4.0,4.0,1.0,2.0,1.0
203,24/06/2026,city scrape,Ottawa (Westboro) | Cozy 2 Bedroom Guest Suite,Anna + Jonathan,"Ottawa, Canada",t,t,Kitchissippi,Entire rental unit,Entire home/apt,21/09/2026,24/09/2026,t,24/06/2026,02/07/2017,21/06/2026,7.0,6.0,3.0,6.0,2.0,45.0,-75.0,2.0,1.0,2.0,1.0,103.0,1626.0,103.0,30.0,365.0,12.0,29.0,53.0,235.5,22.0,1.0,1.0,4.0,4.0,4.0,4.0,4.0,4.0,1.0,2.0,1.0
204,24/06/2026,city scrape,Bright Downtown Apartment - Walk to Everything! EV,Todd And Lesley,"Ottawa, Canada",t,t,Capital,Entire rental unit,Entire home/apt,18/08/2026,19/08/2026,t,24/06/2026,24/06/2017,12/06/2026,7.0,6.0,3.0,6.0,2.0,45.0,-75.0,2.0,1.0,2.0,1.0,103.0,1626.0,103.0,30.0,365.0,12.0,29.0,53.0,235.5,22.0,1.0,1.0,4.0,4.0,4.0,4.0,4.0,4.0,1.0,2.0,1.0
205,02/07/2026,previous scrape,Downtown Canal 2 BDR w/ Parking. Walk Everywhere!,Lisa,"Ontario, Canada",t,t,Capital,Entire rental unit,Entire home/apt,27/08/2026,26/09/2026,t,02/07/2026,24/06/2017,20/06/2026,7.0,6.0,3.0,6.0,2.0,45.0,-75.0,2.0,1.0,2.0,1.0,103.0,1626.0,103.0,30.0,365.0,12.0,29.0,53.0,235.5,22.0,1.0,1.0,4.0,4.0,4.0,4.0,4.0,4.0,1.0,2.0,1.0
206,24/06/2026,city scrape,Zen at Ten,Sandra,"Ottawa, Canada",t,t,Bay,Entire bungalow,Entire home/apt,31/10/2026,30/11/2026,t,24/06/2026,31/10/2019,25/04/2026,7.0,6.0,3.0,6.0,2.0,45.0,-75.0,2.0,1.0,2.0,1.0,103.0,1626.0,103.0,30.0,365.0,12.0,29.0,53.0,235.5,22.0,1.0,1.0,4.0,4.0,4.0,4.0,4.0,4.0,1.0,2.0,1.0
207,24/06/2026,city scrape,Cozy House with parking in Center of Ottawa .,Felix,"Ottawa, Canada",f,t,River,Entire bungalow,Entire home/apt,29/08/2026,28/09/2026,t,24/06/2026,06/07/2017,20/02/2026,7.0,6.0,3.0,6.0,2.0,45.0,-75.0,2.0,1.0,2.0,1.0,103.0,1626.0,103.0,30.0,365.0,12.0,29.0,53.0,235.5,22.0,1.0,1.0,4.0,4.0,4.0,4.0,4.0,4.0,1.0,2.0,1.0
208,24/06/2026,city scrape,Entire Single House - 15 min from Downtown,Anastasia,"Ottawa, Canada",t,t,Barrhaven,Entire home,Entire home/apt,27/09/2026,28/10/2026,t,24/06/2026,02/07/2017,15/05/2026,7.0,6.0,3.0,6.0,2.0,45.0,-75.0,2.0,1.0,2.0,1.0,103.0,1626.0,103.0,30.0,365.0,12.0,29.0,53.0,235.5,22.0,1.0,1.0,4.0,4.0,4.0,4.0,4.0,4.0,1.0,2.0,1.0
209,24/06/2026,city scrape,Essentially Whitehaven,James,"Ottawa, Canada",f,t,Bay,Private room in home,Private room,25/06/2026,25/07/2026,t,24/06/2026,02/07/2017,01/12/2019,7.0,6.0,3.0,6.0,2.0,45.0,-75.0,2.0,1.0,2.0,1.0,103.0,1626.0,103.0,30.0,365.0,12.0,29.0,53.0,235.5,22.0,1.0,1.0,4.0,4.0,4.0,4.0,4.0,4.0,1.0,2.0,1.0
210,24/06/2026,city scrape,A Nest,Satinder,"Ottawa, Canada",f,t,Gloucester-South Nepean,Private room in townhouse,Private room,01/08/2026,31/08/2026,t,24/06/2026,03/07/2017,14/08/2020,9.0,0.0,9.0,0.0,2.0,45.0,-75.0,1.0,1.0,2.0,2.0,53.0,1593.0,53.0,30.0,1125.0,0.0,22.0,52.0,52.0,82.0,0.0,0.0,4.0,4.0,4.0,4.0,4.0,4.0,0.0,1.0,0.0
211,24/06/2026,city scrape,1 bedroom apartment,Linda,"Ottawa, Canada",f,t,Rideau-Rockcliffe,Entire bungalow,Entire home/apt,01/05/2027,31/05/2027,t,24/06/2026,02/07/2017,31/05/2024,9.0,0.0,9.0,0.0,1.0,45.0,-75.0,2.0,1.0,1.0,1.0,63.0,1891.0,63.0,30.0,1125.0,0.0,0.0,0.0,54.0,124.0,0.0,0.0,4.0,4.0,4.0,5.0,4.0,4.0,1.0,1.0,1.0
212,24/06/2026,city scrape,Clean and comfortable room downtown Ottawa,Taylor,"London, United Kingdom",f,t,Somerset,Private room in rental unit,Private room,26/06/2026,26/07/2026,t,24/06/2026,10,10,7.0,6.0,3.0,6.0,2.0,45.0,-75.0,2.0,1.0,2.0,1.0,103.0,1626.0,103.0,30.0,365.0,12.0,29.0,53.0,235.5,22.0,1.0,1.0,4.0,4.0,4.0,4.0,4.0,4.0,1.0,2.0,1.0
213,24/06/2026,city scrape,Two Large Adjoining Rooms in Ottawa South,Richard,"Ottawa, Canada",f,t,Alta Vista,Private room in bungalow,Private room,25/06/2026,25/07/2026,t,24/06/2026,05/08/2017,27/02/2020,7.0,6.0,3.0,6.0,2.0,45.0,-75.0,2.0,1.0,2.0,1.0,103.0,1626.0,103.0,30.0,365.0,12.0,29.0,53.0,235.5,22.0,1.0,1.0,4.0,4.0,4.0,4.0,4.0,4.0,1.0,2.0,1.0
214,24/06/2026,city scrape,"Westboro, Centrally Located New 2 bedroom Home",Jim,"Ottawa, Canada",f,t,Kitchissippi,Entire home,Entire home/apt,26/06/2026,26/07/2026,t,24/06/2026,04/09/2017,04/06/2022,7.0,6.0,3.0,6.0,2.0,45.0,-75.0,2.0,1.0,2.0,1.0,103.0,1626.0,103.0,30.0,365.0,12.0,29.0,53.0,235.5,22.0,1.0,1.0,4.0,4.0,4.0,4.0,4.0,4.0,1.0,2.0,1.0
215,24/06/2026,city scrape,Cozy studio steps to the canal  glebe Elgin  T.d.,Chris,"Ottawa, Canada",f,t,Capital,Entire rental unit,Entire home/apt,18/09/2026,18/10/2026,t,24/06/2026,17/07/2017,22/02/2026,7.0,6.0,3.0,6.0,2.0,45.0,-75.0,2.0,1.0,2.0,1.0,103.0,1626.0,103.0,30.0,365.0,12.0,29.0,53.0,235.5,22.0,1.0,1.0,4.0,4.0,4.0,4.0,4.0,4.0,1.0,2.0,1.0
216,24/06/2026,city scrape,Private House in Center of Ottawa with 5 parking,Felix,"Ottawa, Canada",f,t,River,Entire bungalow,Entire home/apt,31/08/2026,30/09/2026,t,24/06/2026,06/08/2017,14/06/2026,7.0,6.0,3.0,6.0,2.0,45.0,-75.0,2.0,1.0,2.0,1.0,103.0,1626.0,103.0,30.0,365.0,12.0,29.0,53.0,235.5,22.0,1.0,1.0,4.0,4.0,4.0,4.0,4.0,4.0,1.0,2.0,1.0
217,24/06/2026,city scrape,TopView onto Ottawa River from Stylish Pad,Alex & Katya,"Ottawa, Canada",f,t,Bay,Entire condo,Entire home/apt,01/07/2026,31/07/2026,t,24/06/2026,31/01/2021,01/10/2025,7.0,6.0,3.0,6.0,2.0,45.0,-75.0,2.0,1.0,2.0,1.0,103.0,1626.0,103.0,30.0,365.0,12.0,29.0,53.0,235.5,22.0,1.0,1.0,4.0,4.0,4.0,4.0,4.0,4.0,1.0,2.0,1.0
218,24/06/2026,city scrape,Wyndale,Pouyan,"San Jose, CA",f,t,Alta Vista,Entire home,Entire home/apt,14/07/2026,13/08/2026,t,24/06/2026,19/09/2017,24/09/2017,7.0,6.0,3.0,6.0,2.0,45.0,-75.0,2.0,1.0,2.0,1.0,103.0,1626.0,103.0,30.0,365.0,12.0,29.0,53.0,235.5,22.0,1.0,1.0,4.0,4.0,4.0,4.0,4.0,4.0,1.0,2.0,1.0
219,24/06/2026,city scrape,Bedroom available in family house.,Luisa,"Ottawa, Canada",t,t,River,Private room in home,Private room,15/08/2026,14/09/2026,t,24/06/2026,30/09/2017,29/01/2025,12.0,5.0,8.0,10.0,2.0,45.0,-75.0,1.0,1.0,3.0,2.0,36.0,1100.0,36.0,30.0,180.0,17.0,25.0,55.0,235.0,14.0,0.0,1.0,4.0,4.0,4.0,4.0,4.0,4.0,0.0,2.0,0.0
220,24/06/2026,city scrape,Elcho's ExplOre Ottawa #2 for 4 - Parking,Elcho Pronounced Elco,"Ottawa, Canada",f,t,Rideau-Vanier,Entire guest suite,Entire home/apt,24/06/2026,26/06/2026,t,24/06/2026,26/09/2017,08/05/2026,9.0,6.0,9.0,6.0,4.0,45.0,-75.0,4.0,1.0,1.0,2.0,183.0,367.0,183.0,1.0,1125.0,6.0,11.0,13.0,248.0,41.0,2.0,1.0,4.0,4.0,4.0,4.0,4.0,4.0,0.0,4.0,3.0
221,24/06/2026,city scrape,"Pool, Hot Tub & Pet Loving Santa Fe Style Resort!",Dwight,"Ottawa, Canada",f,t,Kanata North,Entire bungalow,Entire home/apt,27/06/2026,01/07/2026,t,24/06/2026,22/07/2019,31/05/2026,7.0,6.0,3.0,6.0,2.0,45.0,-75.0,2.0,1.0,2.0,1.0,103.0,1626.0,103.0,30.0,365.0,12.0,29.0,53.0,235.5,22.0,1.0,1.0,4.0,4.0,4.0,4.0,4.0,4.0,1.0,2.0,1.0
222,24/06/2026,city scrape,"Central Canal, Spacious,Priv.Entrance&Priv.Parking",Tatiana,"Ottawa, Canada",t,t,Capital,Entire rental unit,Entire home/apt,15/12/2026,15/01/2027,t,24/06/2026,22/09/2017,01/06/2026,8.0,10.0,8.0,10.0,5.0,45.0,-75.0,2.0,1.0,1.0,2.0,81.0,2533.0,81.0,31.0,120.0,0.0,0.0,7.0,198.0,107.0,3.0,1.0,4.0,4.0,4.0,4.0,4.0,4.0,1.0,5.0,5.0
223,24/06/2026,city scrape,Central 1 BR unit on 2 floors in a detached house,Viet Tan,"Ottawa, Canada",f,t,Rideau-Vanier,Entire home,Entire home/apt,01/08/2026,31/08/2026,t,24/06/2026,29/09/2017,11/10/2025,9.0,2.0,9.0,1.0,1.0,45.0,-75.0,4.0,1.0,2.0,3.0,113.0,3395.0,113.0,30.0,42.0,4.0,26.0,56.0,331.0,55.0,2.0,3.0,4.0,4.0,4.0,4.0,4.0,4.0,0.0,1.0,1.0
224,24/06/2026,city scrape,"West end Ottawa, quiet neighborhood, nice locale",Helmina & Joe,"Ottawa, Canada",f,t,Bay,Private room in bungalow,Private room,24/06/2026,24/07/2026,t,24/06/2026,03/09/2017,08/12/2019,7.0,6.0,3.0,6.0,2.0,45.0,-75.0,2.0,1.0,2.0,1.0,103.0,1626.0,103.0,30.0,365.0,12.0,29.0,53.0,235.5,22.0,1.0,1.0,4.0,4.0,4.0,4.0,4.0,4.0,1.0,2.0,1.0
225,24/06/2026,city scrape,Cozy Art Deco bedroom in a country setting,Claudette,"Ottawa, Canada",t,t,Cumberland,Private room in home,Private room,28/06/2026,29/06/2026,t,24/06/2026,01/10/2017,19/06/2026,11.0,9.0,11.0,9.0,3.0,45.0,-75.0,2.0,1.0,2.0,1.0,126.0,126.0,126.0,1.0,120.0,17.0,47.0,77.0,257.0,54.0,4.0,2.0,4.0,4.0,4.0,4.0,4.0,4.0,0.0,3.0,0.0
226,24/06/2026,city scrape,Spectacular Location. Spacious. 31 day Minimum.,Edward,"Ottawa, Canada",t,t,Rideau-Vanier,Entire rental unit,Entire home/apt,01/08/2026,01/09/2026,t,24/06/2026,24/10/2017,31/10/2025,7.0,6.0,3.0,6.0,2.0,45.0,-75.0,2.0,1.0,2.0,1.0,103.0,1626.0,103.0,30.0,365.0,12.0,29.0,53.0,235.5,22.0,1.0,1.0,4.0,4.0,4.0,4.0,4.0,4.0,1.0,2.0,1.0
227,24/06/2026,city scrape,Clean and cozy room in Kanata Lakes (North),Elena,Canada,f,t,Kanata North,Private room in townhouse,Private room,01/10/2026,31/10/2026,t,24/06/2026,21/10/2017,27/10/2019,8.0,9.0,8.0,8.0,2.0,45.0,-75.0,1.0,1.0,2.0,1.0,32.0,985.0,32.0,30.0,729.0,0.0,0.0,0.0,81.0,36.0,0.0,0.0,4.0,4.0,4.0,4.0,4.0,4.0,0.0,2.0,0.0
228,24/06/2026,city scrape,Ottawa/Nepean Private Room A (book at least 30 n),⁨Hoang (Tano)⁩,"Ottawa, Canada",t,t,Knoxdale-Merivale,Private room in bungalow,Private room,25/06/2026,25/07/2026,t,24/06/2026,20/10/2017,07/03/2026,7.0,6.0,3.0,6.0,2.0,45.0,-75.0,2.0,1.0,2.0,1.0,103.0,1626.0,103.0,30.0,365.0,12.0,29.0,53.0,235.5,22.0,1.0,1.0,4.0,4.0,4.0,4.0,4.0,4.0,1.0,2.0,1.0
229,24/06/2026,city scrape,New modern and spacious walkout basement suite.,David,"Ottawa, Canada",f,t,Osgoode,Entire guest suite,Entire home/apt,22/07/2026,25/07/2026,t,24/06/2026,26/10/2017,10/06/2026,10.0,1.0,8.0,8.0,1.0,45.0,-75.0,4.0,1.0,2.0,3.0,183.0,551.0,183.0,3.0,100.0,2.0,4.0,11.0,101.0,110.0,16.0,20.0,4.0,4.0,4.0,4.0,4.0,4.0,1.0,1.0,1.0
230,24/06/2026,city scrape,Room in a quite area in Ottawa - Orleans,Justin SS,"Ottawa, Canada",f,t,Innes,Private room in home,Private room,01/07/2026,31/07/2026,t,24/06/2026,16/10/2017,29/11/2025,9.0,11.0,8.0,8.0,2.0,45.0,-75.0,1.0,1.0,2.0,2.0,45.0,1351.0,45.0,30.0,90.0,23.0,53.0,83.0,358.0,31.0,1.0,1.0,4.0,4.0,4.0,4.0,4.0,4.0,0.0,2.0,0.0
231,24/06/2026,city scrape,Ottawa/Nepean Private Room B  (book at least 30 n),⁨Hoang (Tano)⁩,"Ottawa, Canada",t,t,Knoxdale-Merivale,Private room in bungalow,Private room,25/06/2026,25/07/2026,t,24/06/2026,13/10/2017,10/09/2023,7.0,6.0,3.0,6.0,2.0,45.0,-75.0,2.0,1.0,2.0,1.0,103.0,1626.0,103.0,30.0,365.0,12.0,29.0,53.0,235.5,22.0,1.0,1.0,4.0,4.0,4.0,4.0,4.0,4.0,1.0,2.0,1.0
232,24/06/2026,city scrape,Glebe 1 bdrm-Steps from the Canal & Lansdowne,Kristen,"Ottawa, Canada",t,t,Capital,Entire rental unit,Entire home/apt,03/07/2026,05/07/2026,t,24/06/2026,29/12/2017,10/06/2026,7.0,6.0,3.0,6.0,2.0,45.0,-75.0,2.0,1.0,2.0,1.0,103.0,1626.0,103.0,30.0,365.0,12.0,29.0,53.0,235.5,22.0,1.0,1.0,4.0,4.0,4.0,4.0,4.0,4.0,1.0,2.0,1.0
233,24/06/2026,city scrape,Luxurious Executive Style Condo in Downtown Ottawa,Bryce,"Ottawa, Canada",f,t,Somerset,Entire condo,Entire home/apt,23/09/2026,23/10/2026,t,24/06/2026,30/10/2017,27/09/2025,7.0,6.0,3.0,6.0,2.0,45.0,-75.0,2.0,1.0,2.0,1.0,103.0,1626.0,103.0,30.0,365.0,12.0,29.0,53.0,235.5,22.0,1.0,1.0,4.0,4.0,4.0,4.0,4.0,4.0,1.0,2.0,1.0
234,24/06/2026,city scrape,Ottawa/Nepean Private Room C (book at least 30 n),⁨Hoang (Tano)⁩,"Ottawa, Canada",t,t,Knoxdale-Merivale,Private room in bungalow,Private room,07/09/2026,07/10/2026,t,24/06/2026,15/10/2017,13/12/2025,7.0,6.0,3.0,6.0,2.0,45.0,-75.0,2.0,1.0,2.0,1.0,103.0,1626.0,103.0,30.0,365.0,12.0,29.0,53.0,235.5,22.0,1.0,1.0,4.0,4.0,4.0,4.0,4.0,4.0,1.0,2.0,1.0
235,24/06/2026,city scrape,Explore the hidden treasures of Ottawa!,Karine,"Ottawa, Canada",f,t,Alta Vista,Private room in guest suite,Private room,28/06/2026,30/06/2026,t,24/06/2026,07/02/2018,14/02/2026,8.0,8.0,8.0,5.0,1.0,45.0,-75.0,1.0,1.0,2.0,1.0,114.0,229.0,114.0,2.0,28.0,3.0,3.0,24.0,114.0,78.0,1.0,0.0,4.0,4.0,4.0,4.0,4.0,4.0,0.0,1.0,0.0
236,24/06/2026,city scrape,"Entire 1-bed, 1-bath exec apartment, next to canal",Conor,"Ottawa, Canada",f,t,Somerset,Entire rental unit,Entire home/apt,02/07/2026,01/08/2026,t,24/06/2026,28/08/2021,08/07/2025,9.0,7.0,8.0,8.0,1.0,45.0,-75.0,2.0,1.0,1.0,1.0,80.0,2427.0,80.0,30.0,1125.0,22.0,52.0,60.0,147.0,54.0,1.0,10.0,4.0,4.0,4.0,4.0,4.0,4.0,0.0,1.0,1.0
237,24/06/2026,city scrape,CentralCanalSpacious 1Bdrm priv.entrance&parking,Tatiana,"Ottawa, Canada",t,t,Capital,Entire rental unit,Entire home/apt,31/10/2026,30/11/2026,t,24/06/2026,14/11/2021,28/12/2025,8.0,10.0,8.0,10.0,5.0,45.0,-75.0,2.0,1.0,1.0,1.0,119.0,3594.0,119.0,30.0,180.0,0.0,0.0,0.0,236.0,111.0,2.0,4.0,4.0,4.0,4.0,4.0,4.0,4.0,1.0,5.0,5.0
238,24/06/2026,city scrape,"★ Beautiful, modern, Glebe Loft with free parking★",Bartholomew Martin,"Ottawa, Canada",f,t,Capital,Entire loft,Entire home/apt,28/02/2027,03/03/2027,t,24/06/2026,05/11/2017,26/10/2025,11.0,4.0,9.0,2.0,5.0,45.0,-75.0,2.0,1.0,1.0,1.0,244.0,732.0,244.0,3.0,90.0,1.0,1.0,1.0,117.0,158.0,3.0,3.0,4.0,4.0,4.0,4.0,4.0,4.0,1.0,3.0,3.0
239,24/06/2026,city scrape,Room in quiet  (Orleans -  Ottawa).,Justin SS,"Ottawa, Canada",f,t,Innes,Private room in guesthouse,Private room,01/07/2026,31/07/2026,t,24/06/2026,02/11/2017,31/08/2025,9.0,11.0,8.0,8.0,2.0,45.0,-75.0,1.0,1.0,2.0,1.0,44.0,1335.0,44.0,30.0,90.0,23.0,53.0,83.0,358.0,53.0,1.0,2.0,4.0,4.0,4.0,4.0,4.0,4.0,0.0,2.0,0.0
240,24/06/2026,city scrape,Ottawa/Nepean Private Room 2 (book at least 30 n),⁨Hoang (Tano)⁩,"Ottawa, Canada",t,t,Knoxdale-Merivale,Private room in bungalow,Private room,01/08/2026,31/08/2026,t,24/06/2026,30/12/2017,10/05/2024,7.0,6.0,3.0,6.0,2.0,45.0,-75.0,2.0,1.0,2.0,1.0,103.0,1626.0,103.0,30.0,365.0,12.0,29.0,53.0,235.5,22.0,1.0,1.0,4.0,4.0,4.0,4.0,4.0,4.0,1.0,2.0,1.0
241,24/06/2026,city scrape,1 Bdrm Executive Suite Free Parking & Wi-Fi.,Josseline,"Ottawa, Canada",t,t,Knoxdale-Merivale,Entire guest suite,Entire home/apt,02/07/2026,04/07/2026,t,24/06/2026,25/11/2017,19/06/2026,7.0,6.0,3.0,6.0,2.0,45.0,-75.0,2.0,1.0,2.0,1.0,103.0,1626.0,103.0,30.0,365.0,12.0,29.0,53.0,235.5,22.0,1.0,1.0,4.0,4.0,4.0,4.0,4.0,4.0,1.0,2.0,1.0
242,02/07/2026,previous scrape,Private Guest Suite in the Glebe,Jennifer,"Ottawa, Canada",f,t,Capital,Entire guest suite,Entire home/apt,0000-00-00,"""0000-00-00""",t,02/07/2026,27/11/2017,23/02/2025,7.0,6.0,3.0,6.0,2.0,45.0,-75.0,2.0,1.0,2.0,1.0,103.0,1626.0,103.0,30.0,365.0,12.0,29.0,53.0,235.5,22.0,1.0,1.0,4.0,4.0,4.0,4.0,4.0,4.0,1.0,2.0,1.0
243,24/06/2026,city scrape,Executive Suite & Gardens,Peter,"Ottawa, Canada",f,t,Bay,Entire bungalow,Entire home/apt,11/07/2026,13/07/2026,t,24/06/2026,17/12/2017,22/06/2026,8.0,10.0,8.0,7.0,1.0,45.0,-75.0,6.0,1.0,2.0,3.0,257.0,514.0,257.0,2.0,30.0,9.0,35.0,65.0,340.0,136.0,22.0,19.0,4.0,4.0,4.0,4.0,4.0,4.0,1.0,1.0,1.0
244,24/06/2026,city scrape,Luxury Estate Sunroom Sauna Spa Gym Pool (6-10),Lily,"Ottawa, Canada",t,t,Barrhaven,Entire home,Entire home/apt,01/07/2026,31/07/2026,t,24/06/2026,02/07/2018,27/08/2021,7.0,6.0,3.0,6.0,2.0,45.0,-75.0,2.0,1.0,2.0,1.0,103.0,1626.0,103.0,30.0,365.0,12.0,29.0,53.0,235.5,22.0,1.0,1.0,4.0,4.0,4.0,4.0,4.0,4.0,1.0,2.0,1.0
245,24/06/2026,city scrape,The moon room with Free Parking,Asma,"Ottawa, Canada",t,t,Gloucester-South Nepean,Private room in townhouse,Private room,09/08/2026,10/08/2026,t,24/06/2026,04/01/2018,07/06/2026,7.0,6.0,3.0,6.0,2.0,45.0,-75.0,2.0,1.0,2.0,1.0,103.0,1626.0,103.0,30.0,365.0,12.0,29.0,53.0,235.5,22.0,1.0,1.0,4.0,4.0,4.0,4.0,4.0,4.0,1.0,2.0,1.0
246,24/06/2026,city scrape,Urban Town Near Airport,Philip,"Ottawa, Canada",t,t,Gloucester-South Nepean,Entire townhouse,Entire home/apt,01/10/2026,31/10/2026,t,24/06/2026,22/02/2018,24/09/2025,7.0,6.0,3.0,6.0,2.0,45.0,-75.0,2.0,1.0,2.0,1.0,103.0,1626.0,103.0,30.0,365.0,12.0,29.0,53.0,235.5,22.0,1.0,1.0,4.0,4.0,4.0,4.0,4.0,4.0,1.0,2.0,1.0
247,24/06/2026,city scrape,Ottawa/Nepean Private Room 8 (book at least 30 n),⁨Hoang (Tano)⁩,"Ottawa, Canada",t,t,Knoxdale-Merivale,Private room in bungalow,Private room,01/10/2026,31/10/2026,t,24/06/2026,01/01/2018,21/08/2025,7.0,6.0,3.0,6.0,2.0,45.0,-75.0,2.0,1.0,2.0,1.0,103.0,1626.0,103.0,30.0,365.0,12.0,29.0,53.0,235.5,22.0,1.0,1.0,4.0,4.0,4.0,4.0,4.0,4.0,1.0,2.0,1.0
248,02/07/2026,previous scrape,"Cozy private Room, 10 minutes from the airport",Dorothy,"Ottawa, Canada",f,t,Gloucester-Southgate,Private room in home,Private room,0000-00-00,"""0000-00-00""",t,02/07/2026,27/12/2017,09/06/2026,7.0,6.0,3.0,6.0,2.0,45.0,-75.0,2.0,1.0,2.0,1.0,103.0,1626.0,103.0,30.0,365.0,12.0,29.0,53.0,235.5,22.0,1.0,1.0,4.0,4.0,4.0,4.0,4.0,4.0,1.0,2.0,1.0
249,24/06/2026,city scrape,Dainty & peaceful home in Ottawa,Bettina,"Ottawa, Canada",t,t,Innes,Entire guest suite,Entire home/apt,30/06/2026,01/07/2026,t,24/06/2026,27/08/2022,21/06/2026,7.0,6.0,3.0,6.0,2.0,45.0,-75.0,2.0,1.0,2.0,1.0,103.0,1626.0,103.0,30.0,365.0,12.0,29.0,53.0,235.5,22.0,1.0,1.0,4.0,4.0,4.0,4.0,4.0,4.0,1.0,2.0,1.0
250,24/06/2026,city scrape,Aqua room with  free parking,Asma,"Ottawa, Canada",t,t,Gloucester-South Nepean,Private room in townhouse,Private room,09/08/2026,10/08/2026,t,24/06/2026,26/12/2017,07/06/2026,7.0,6.0,3.0,6.0,2.0,45.0,-75.0,2.0,1.0,2.0,1.0,103.0,1626.0,103.0,30.0,365.0,12.0,29.0,53.0,235.5,22.0,1.0,1.0,4.0,4.0,4.0,4.0,4.0,4.0,1.0,2.0,1.0
251,02/07/2026,previous scrape,Home Sweet One Bedroom in Hintonburg,Ida,"Ottawa, Canada",t,t,Kitchissippi,Entire rental unit,Entire home/apt,20/10/2026,18/01/2027,t,02/07/2026,02/01/2018,17/04/2026,7.0,6.0,3.0,6.0,2.0,45.0,-75.0,2.0,1.0,2.0,1.0,103.0,1626.0,103.0,30.0,365.0,12.0,29.0,53.0,235.5,22.0,1.0,1.0,4.0,4.0,4.0,4.0,4.0,4.0,1.0,2.0,1.0
252,24/06/2026,city scrape,Bienvenue chez vous! Welcome Home!,Marie De Fatima,"Ottawa, Canada",f,t,Cumberland,Private room in home,Private room,01/01/2027,31/01/2027,t,24/06/2026,27/12/2017,21/04/2024,7.0,6.0,3.0,6.0,2.0,45.0,-75.0,2.0,1.0,2.0,1.0,103.0,1626.0,103.0,30.0,365.0,12.0,29.0,53.0,235.5,22.0,1.0,1.0,4.0,4.0,4.0,4.0,4.0,4.0,1.0,2.0,1.0
253,24/06/2026,city scrape,Cozy bedroom in a warm and welcoming home,Martin,"Ottawa, Canada",t,t,Rideau-Vanier,Private room in home,Private room,07/07/2026,09/07/2026,t,24/06/2026,07/01/2018,06/06/2026,13.0,3.0,12.0,4.0,1.0,45.0,-75.0,2.0,1.0,2.0,1.0,106.0,212.0,106.0,2.0,730.0,9.0,23.0,53.0,233.0,113.0,11.0,9.0,4.0,4.0,4.0,4.0,4.0,4.0,1.0,1.0,0.0
254,24/06/2026,city scrape,Ottawa Inn - Beautiful 5 BR house (Close to Dtown),Anita,"Ottawa, Canada",f,t,Bay,Entire home,Entire home/apt,25/06/2026,25/07/2026,t,24/06/2026,29/12/2017,15/03/2020,7.0,6.0,3.0,6.0,2.0,45.0,-75.0,2.0,1.0,2.0,1.0,103.0,1626.0,103.0,30.0,365.0,12.0,29.0,53.0,235.5,22.0,1.0,1.0,4.0,4.0,4.0,4.0,4.0,4.0,1.0,2.0,1.0
255,24/06/2026,city scrape,Warm Loft Apartment in Little Italy-Minimal Design,Jason,"Ottawa, Canada",f,t,Somerset,Entire rental unit,Entire home/apt,01/10/2026,31/10/2026,t,24/06/2026,22/01/2018,01/07/2025,11.0,4.0,8.0,5.0,1.0,45.0,-75.0,2.0,1.0,1.0,1.0,142.0,4267.0,142.0,30.0,1125.0,0.0,0.0,0.0,266.0,127.0,1.0,3.0,4.0,4.0,4.0,4.0,4.0,4.0,1.0,1.0,1.0
256,02/07/2026,previous scrape,Spacious bungalow in prime location,Mark,"Ottawa, Canada",f,t,River,Entire bungalow,Entire home/apt,0000-00-00,"""0000-00-00""",t,02/07/2026,07/01/2018,22/02/2026,7.0,6.0,3.0,6.0,2.0,45.0,-75.0,2.0,1.0,2.0,1.0,103.0,1626.0,103.0,30.0,365.0,12.0,29.0,53.0,235.5,22.0,1.0,1.0,4.0,4.0,4.0,4.0,4.0,4.0,1.0,2.0,1.0
257,24/06/2026,city scrape,Century old home  in old Ottawa East. Bright home.,Chris,"Ottawa, Canada",f,t,Capital,Entire rental unit,Entire home/apt,01/12/2026,31/12/2026,t,24/06/2026,05/01/2018,31/05/2026,7.0,6.0,3.0,6.0,2.0,45.0,-75.0,2.0,1.0,2.0,1.0,103.0,1626.0,103.0,30.0,365.0,12.0,29.0,53.0,235.5,22.0,1.0,1.0,4.0,4.0,4.0,4.0,4.0,4.0,1.0,2.0,1.0
258,24/06/2026,city scrape,Cozy/Beautifully Renovated Apartment to Call Home,Lisa,"Ontario, Canada",t,t,Somerset,Entire rental unit,Entire home/apt,01/07/2026,31/07/2026,t,24/06/2026,18/01/2018,25/01/2026,7.0,6.0,3.0,6.0,2.0,45.0,-75.0,2.0,1.0,2.0,1.0,103.0,1626.0,103.0,30.0,365.0,12.0,29.0,53.0,235.5,22.0,1.0,1.0,4.0,4.0,4.0,4.0,4.0,4.0,1.0,2.0,1.0
259,24/06/2026,city scrape,Cozy room near Ottawa Airport free parking,Rebecca,"Ottawa, Canada",t,t,Gloucester-South Nepean,Private room in villa,Private room,29/08/2026,31/08/2026,t,24/06/2026,08/01/2018,12/06/2026,7.0,6.0,3.0,6.0,2.0,45.0,-75.0,2.0,1.0,2.0,1.0,103.0,1626.0,103.0,30.0,365.0,12.0,29.0,53.0,235.5,22.0,1.0,1.0,4.0,4.0,4.0,4.0,4.0,4.0,1.0,2.0,1.0
260,02/07/2026,previous scrape,2-bedroom condo in Ottawa's Byward Market,Susan,"Ottawa, Canada",f,t,Rideau-Vanier,Entire condo,Entire home/apt,05/07/2026,02/11/2026,t,02/07/2026,10,10,7.0,6.0,3.0,6.0,2.0,45.0,-75.0,2.0,1.0,2.0,1.0,103.0,1626.0,103.0,30.0,365.0,12.0,29.0,53.0,235.5,22.0,1.0,1.0,4.0,4.0,4.0,4.0,4.0,4.0,1.0,2.0,1.0
261,02/07/2026,previous scrape,Welcome home again!,Marie De Fatima,"Ottawa, Canada",f,t,Cumberland,Private room in home,Private room,0000-00-00,"""0000-00-00""",t,02/07/2026,05/03/2018,23/06/2025,8.0,6.0,8.0,6.0,2.0,45.0,-75.0,1.0,1.0,2.0,2.0,173.0,2246.0,173.0,30.0,730.0,0.0,0.0,0.0,0.0,35.0,0.0,2.0,4.0,4.0,4.0,4.0,4.0,4.0,0.0,2.0,0.0
262,02/07/2026,previous scrape,Ottawa Downtown perfect for families - long stays,Giulia,"Ottawa, Canada",f,t,Somerset,Entire home,Entire home/apt,0000-00-00,"""0000-00-00""",t,02/07/2026,21/07/2018,21/07/2018,7.0,6.0,3.0,6.0,2.0,45.0,-75.0,2.0,1.0,2.0,1.0,103.0,1626.0,103.0,30.0,365.0,12.0,29.0,53.0,235.5,22.0,1.0,1.0,4.0,4.0,4.0,4.0,4.0,4.0,1.0,2.0,1.0
263,24/06/2026,city scrape,Gorgeous Historic Home By Civic Hospital & Transit,Mary-Anne,"Ottawa, Canada",t,t,Kitchissippi,Entire home,Entire home/apt,07/07/2026,12/07/2026,t,24/06/2026,17/02/2018,21/06/2026,7.0,6.0,3.0,6.0,2.0,45.0,-75.0,2.0,1.0,2.0,1.0,103.0,1626.0,103.0,30.0,365.0,12.0,29.0,53.0,235.5,22.0,1.0,1.0,4.0,4.0,4.0,4.0,4.0,4.0,1.0,2.0,1.0
264,24/06/2026,city scrape,Cozy Room near Downtown | Panoramic city views,Ife,"Ottawa, Canada",t,t,Capital,Private room in condo,Private room,26/12/2026,25/01/2027,t,24/06/2026,27/05/2019,15/01/2026,8.0,4.0,7.0,0.0,2.0,45.0,-75.0,2.0,1.0,2.0,1.0,39.0,1193.0,39.0,30.0,730.0,9.0,16.0,28.0,208.0,20.0,2.0,1.0,4.0,4.0,4.0,4.0,4.0,4.0,0.0,2.0,0.0
265,24/06/2026,city scrape,The White House! Modern and fully equipped home!,Alina,"Ottawa, Canada",t,t,Cumberland,Entire townhouse,Entire home/apt,24/06/2026,26/06/2026,t,24/06/2026,16/02/2018,08/06/2026,7.0,6.0,3.0,6.0,2.0,45.0,-75.0,2.0,1.0,2.0,1.0,103.0,1626.0,103.0,30.0,365.0,12.0,29.0,53.0,235.5,22.0,1.0,1.0,4.0,4.0,4.0,4.0,4.0,4.0,1.0,2.0,1.0
266,24/06/2026,city scrape,"Wellington West - Modern, Clean Private Unit",George,"Ottawa, Canada",f,t,Kitchissippi,Entire guest suite,Entire home/apt,19/07/2026,24/07/2026,t,24/06/2026,18/04/2019,29/12/2023,10.0,8.0,7.0,2.0,1.0,45.0,-75.0,6.0,1.0,2.0,2.0,268.0,1344.0,268.0,5.0,1125.0,8.0,28.0,49.0,139.0,141.0,0.0,0.0,4.0,4.0,4.0,4.0,4.0,4.0,1.0,1.0,1.0
267,24/06/2026,city scrape,*Near General + CHEO* Central 2 Bdrm w/ Parking,Caitlin,"Ottawa, Canada",t,t,Alta Vista,Entire guest suite,Entire home/apt,14/09/2026,17/09/2026,t,24/06/2026,16/06/2018,11/01/2026,7.0,6.0,3.0,6.0,2.0,45.0,-75.0,2.0,1.0,2.0,1.0,103.0,1626.0,103.0,30.0,365.0,12.0,29.0,53.0,235.5,22.0,1.0,1.0,4.0,4.0,4.0,4.0,4.0,4.0,1.0,2.0,1.0
268,02/07/2026,previous scrape,"Cozy Furnished Basement, 10 minutes to the Airport",Dorothy,"Ottawa, Canada",f,t,Gloucester-Southgate,Private room in home,Private room,01/09/2026,02/09/2026,t,02/07/2026,14/05/2018,29/05/2026,8.0,6.0,8.0,6.0,2.0,45.0,-75.0,2.0,1.0,2.0,2.0,93.0,93.0,93.0,1.0,1125.0,0.0,1.0,13.0,68.0,106.0,6.0,7.0,4.0,4.0,4.0,4.0,4.0,4.0,1.0,2.0,0.0
269,24/06/2026,city scrape,"Bright 1 bedroom on the park, close to everything",Michael,"Ottawa, Canada",t,t,Capital,Entire guest suite,Entire home/apt,30/06/2026,30/07/2026,t,24/06/2026,16/04/2018,26/04/2026,12.0,2.0,8.0,3.0,1.0,45.0,-75.0,4.0,1.0,1.0,2.0,100.0,3008.0,100.0,30.0,180.0,24.0,54.0,70.0,250.0,71.0,14.0,14.0,4.0,4.0,5.0,4.0,4.0,4.0,0.0,1.0,1.0
270,24/06/2026,city scrape,Amazing Condo in Downtown Ottawa,Bryce,"Ottawa, Canada",f,t,Somerset,Entire condo,Entire home/apt,21/09/2026,21/10/2026,t,24/06/2026,30/09/2018,20/12/2025,7.0,6.0,3.0,6.0,2.0,45.0,-75.0,2.0,1.0,2.0,1.0,103.0,1626.0,103.0,30.0,365.0,12.0,29.0,53.0,235.5,22.0,1.0,1.0,4.0,4.0,4.0,4.0,4.0,4.0,1.0,2.0,1.0
271,24/06/2026,city scrape,Ottawa/Nepean Private Room 3 (book at least 30 n),⁨Hoang (Tano)⁩,"Ottawa, Canada",t,t,Knoxdale-Merivale,Private room in bungalow,Private room,15/08/2026,14/09/2026,t,24/06/2026,19/04/2018,03/06/2026,7.0,6.0,3.0,6.0,2.0,45.0,-75.0,2.0,1.0,2.0,1.0,103.0,1626.0,103.0,30.0,365.0,12.0,29.0,53.0,235.5,22.0,1.0,1.0,4.0,4.0,4.0,4.0,4.0,4.0,1.0,2.0,1.0
272,02/07/2026,previous scrape,"Bright, Clean, Private. In the Heart of Downtown!",Helen,"Ottawa, Canada",t,t,Somerset,Entire rental unit,Entire home/apt,01/01/2027,31/01/2027,t,02/07/2026,24/03/2018,31/05/2026,7.0,6.0,3.0,6.0,2.0,45.0,-75.0,2.0,1.0,2.0,1.0,103.0,1626.0,103.0,30.0,365.0,12.0,29.0,53.0,235.5,22.0,1.0,1.0,4.0,4.0,4.0,4.0,4.0,4.0,1.0,2.0,1.0
273,02/07/2026,previous scrape,"Bright, clean, comfortable, well maintained home",Edward,"Ottawa, Canada",f,t,College,Entire home,Entire home/apt,02/07/2026,31/08/2026,t,02/07/2026,24/07/2021,15/06/2026,7.0,6.0,3.0,6.0,2.0,45.0,-75.0,2.0,1.0,2.0,1.0,103.0,1626.0,103.0,30.0,365.0,12.0,29.0,53.0,235.5,22.0,1.0,1.0,4.0,4.0,4.0,4.0,4.0,4.0,1.0,2.0,1.0
274,24/06/2026,city scrape,Spacious open concept kitchen and living room.,Peter,"Ottawa, Canada",t,t,West Carleton-March,Entire home,Entire home/apt,30/08/2026,02/09/2026,t,24/06/2026,27/06/2018,18/06/2026,7.0,6.0,3.0,6.0,2.0,45.0,-75.0,2.0,1.0,2.0,1.0,103.0,1626.0,103.0,30.0,365.0,12.0,29.0,53.0,235.5,22.0,1.0,1.0,4.0,4.0,4.0,4.0,4.0,4.0,1.0,2.0,1.0
275,24/06/2026,city scrape,Welcome to Maple Ridge - Ottawa East,Laurie,"Ottawa, Canada",t,t,Cumberland,Entire rental unit,Entire home/apt,01/09/2026,01/10/2026,t,24/06/2026,17/02/2019,31/05/2026,7.0,6.0,3.0,6.0,2.0,45.0,-75.0,2.0,1.0,2.0,1.0,103.0,1626.0,103.0,30.0,365.0,12.0,29.0,53.0,235.5,22.0,1.0,1.0,4.0,4.0,4.0,4.0,4.0,4.0,1.0,2.0,1.0
276,02/07/2026,previous scrape,Cozy and Bright in Crystal Beach - West Ottawa,Frank,"Ottawa, Canada",f,t,Bay,Entire rental unit,Entire home/apt,0000-00-00,"""0000-00-00""",t,02/07/2026,13/05/2018,03/01/2025,11.0,1.0,8.0,3.0,1.0,45.0,-75.0,2.0,1.0,2.0,2.0,173.0,2246.0,173.0,2.0,1125.0,0.0,0.0,0.0,0.0,153.0,0.0,1.0,4.0,4.0,5.0,5.0,4.0,4.0,1.0,1.0,1.0
277,24/06/2026,city scrape,Central Downtown Apartment 3BED+2BATH!,Jillian,"Ottawa, Canada",f,t,Rideau-Vanier,Entire rental unit,Entire home/apt,25/06/2026,26/07/2026,t,24/06/2026,10,10,9.0,8.0,8.0,11.0,1.0,45.0,-75.0,5.0,1.0,1.0,3.0,116.0,3595.0,116.0,31.0,365.0,29.0,56.0,56.0,239.0,0.0,0.0,0.0,4.0,4.0,4.0,4.0,4.0,4.0,1.0,1.0,1.0
278,24/06/2026,city scrape,RUSTIC spacious room w. private bath& FREE parking,Amani,"Ottawa, Canada",t,t,Rideau-Rockcliffe,Private room in home,Private room,02/02/2027,04/03/2027,t,24/06/2026,21/05/2018,01/04/2026,7.0,6.0,3.0,6.0,2.0,45.0,-75.0,2.0,1.0,2.0,1.0,103.0,1626.0,103.0,30.0,365.0,12.0,29.0,53.0,235.5,22.0,1.0,1.0,4.0,4.0,4.0,4.0,4.0,4.0,1.0,2.0,1.0
279,02/07/2026,previous scrape,Newly Renovated Basement Apt with Own Kitchen/door,Anahita,"Ottawa, Canada",f,t,Barrhaven,Entire guest suite,Entire home/apt,09/07/2026,07/10/2026,t,02/07/2026,12/05/2018,03/01/2020,7.0,6.0,3.0,6.0,2.0,45.0,-75.0,2.0,1.0,2.0,1.0,103.0,1626.0,103.0,30.0,365.0,12.0,29.0,53.0,235.5,22.0,1.0,1.0,4.0,4.0,4.0,4.0,4.0,4.0,1.0,2.0,1.0
280,24/06/2026,city scrape,Cosy Riverside South Townhome,Abir,"Ottawa, Canada",t,t,Gloucester-South Nepean,Entire townhouse,Entire home/apt,11/08/2026,12/08/2026,t,24/06/2026,16/09/2018,31/05/2026,7.0,6.0,3.0,6.0,2.0,45.0,-75.0,2.0,1.0,2.0,1.0,103.0,1626.0,103.0,30.0,365.0,12.0,29.0,53.0,235.5,22.0,1.0,1.0,4.0,4.0,4.0,4.0,4.0,4.0,1.0,2.0,1.0
281,24/06/2026,city scrape,Little Paradise in Orléans,Huguette,"Ottawa, Canada",f,t,Orleans,Private room in home,Private room,25/06/2026,25/07/2026,t,24/06/2026,23/06/2019,01/09/2021,8.0,2.0,8.0,2.0,1.0,45.0,-75.0,1.0,1.0,2.0,1.0,59.0,1785.0,59.0,30.0,1125.0,29.0,59.0,89.0,364.0,6.0,0.0,0.0,4.0,4.0,5.0,4.0,4.0,4.0,0.0,1.0,0.0
282,24/06/2026,city scrape,The Pearl,Westhaven,"Ottawa, Canada",t,t,River,Entire rental unit,Entire home/apt,24/06/2026,24/07/2026,t,24/06/2026,29/04/2018,30/09/2025,7.0,6.0,3.0,6.0,2.0,45.0,-75.0,2.0,1.0,2.0,1.0,103.0,1626.0,103.0,30.0,365.0,12.0,29.0,53.0,235.5,22.0,1.0,1.0,4.0,4.0,4.0,4.0,4.0,4.0,1.0,2.0,1.0
283,24/06/2026,city scrape,Private Room-Orléans.,Steve,"Ottawa, Canada",f,t,Cumberland,Private room in townhouse,Private room,27/06/2026,27/07/2026,t,24/06/2026,02/07/2018,18/11/2019,7.0,6.0,3.0,6.0,2.0,45.0,-75.0,2.0,1.0,2.0,1.0,103.0,1626.0,103.0,30.0,365.0,12.0,29.0,53.0,235.5,22.0,1.0,1.0,4.0,4.0,4.0,4.0,4.0,4.0,1.0,2.0,1.0
284,24/06/2026,city scrape,Westboro Comfort Pad,Emily,"Ottawa, Canada",f,t,Kitchissippi,Entire rental unit,Entire home/apt,01/11/2026,01/12/2026,t,24/06/2026,23/05/2018,04/05/2026,11.0,2.0,10.0,6.0,1.0,45.0,-75.0,6.0,1.0,2.0,1.0,121.0,3638.0,121.0,30.0,250.0,1.0,1.0,1.0,236.0,19.0,2.0,1.0,4.0,4.0,5.0,5.0,4.0,4.0,0.0,1.0,1.0
285,24/06/2026,city scrape,Private ensuite near airport. Free parking.,Rebecca,"Ottawa, Canada",t,t,Gloucester-South Nepean,Private room in guest suite,Private room,28/06/2026,30/06/2026,t,24/06/2026,29/04/2018,17/06/2026,9.0,1.0,8.0,6.0,3.0,45.0,-75.0,3.0,1.0,2.0,1.0,81.0,163.0,81.0,2.0,1125.0,22.0,50.0,80.0,355.0,146.0,22.0,18.0,4.0,4.0,4.0,4.0,4.0,4.0,1.0,3.0,0.0
286,02/07/2026,previous scrape,"Quiet Room (lge 5ft desk, pvt shower)",Paul,"Ottawa, Canada",f,t,Orleans,Private room in home,Private room,0000-00-00,"""0000-00-00""",t,02/07/2026,06/05/2018,11/06/2023,9.0,1.0,9.0,1.0,3.0,45.0,-75.0,1.0,1.0,2.0,2.0,173.0,2246.0,173.0,30.0,120.0,0.0,0.0,0.0,0.0,22.0,0.0,0.0,4.0,4.0,5.0,5.0,4.0,4.0,0.0,3.0,0.0
287,24/06/2026,city scrape,Charming Townhome Conveniently Located,Kristina,"Ottawa, Canada",t,t,Barrhaven,Entire townhouse,Entire home/apt,26/07/2026,29/07/2026,t,24/06/2026,14/06/2018,11/06/2026,9.0,5.0,8.0,1.0,3.0,45.0,-75.0,4.0,1.0,2.0,2.0,281.0,843.0,281.0,3.0,1125.0,4.0,21.0,51.0,206.0,159.0,12.0,22.0,4.0,4.0,4.0,4.0,4.0,4.0,1.0,1.0,1.0
288,02/07/2026,previous scrape,"Brand New, Sandy Hill Downtown Ottawa 2 Bedroom",Paul,"Ottawa, Canada",t,t,Rideau-Vanier,Entire guest suite,Entire home/apt,0000-00-00,"""0000-00-00""",t,02/07/2026,20/05/2018,31/07/2024,7.0,6.0,3.0,6.0,2.0,45.0,-75.0,2.0,1.0,2.0,1.0,103.0,1626.0,103.0,30.0,365.0,12.0,29.0,53.0,235.5,22.0,1.0,1.0,4.0,4.0,4.0,4.0,4.0,4.0,1.0,2.0,1.0
289,24/06/2026,city scrape,Kanata Luxury Bedroom with Private Bathroom,Siarhei,"Ottawa, Canada",t,t,Kanata South,Private room in townhouse,Private room,01/07/2026,04/07/2026,t,24/06/2026,21/05/2018,19/06/2026,8.0,1.0,8.0,1.0,3.0,45.0,-75.0,1.0,1.0,2.0,1.0,102.0,306.0,102.0,3.0,730.0,23.0,53.0,83.0,263.0,68.0,16.0,12.0,4.0,4.0,4.0,4.0,4.0,4.0,0.0,3.0,0.0
290,24/06/2026,city scrape,"★ Beautiful, modern, Glebe Home with Garage★",Bartholomew Martin,"Ottawa, Canada",f,t,Capital,Entire home,Entire home/apt,29/08/2026,01/09/2026,t,24/06/2026,27/12/2018,10/06/2026,7.0,6.0,3.0,6.0,2.0,45.0,-75.0,2.0,1.0,2.0,1.0,103.0,1626.0,103.0,30.0,365.0,12.0,29.0,53.0,235.5,22.0,1.0,1.0,4.0,4.0,4.0,4.0,4.0,4.0,1.0,2.0,1.0
291,24/06/2026,city scrape,Kanata Comfortable Bedroom 2 with Private Bathroom,Siarhei,"Ottawa, Canada",t,t,Kanata South,Private room in townhouse,Private room,01/07/2026,04/07/2026,t,24/06/2026,20/05/2018,01/09/2024,8.0,1.0,8.0,1.0,3.0,45.0,-75.0,1.0,1.0,2.0,1.0,79.0,239.0,79.0,3.0,1125.0,23.0,53.0,83.0,263.0,91.0,0.0,0.0,4.0,4.0,4.0,4.0,4.0,4.0,0.0,3.0,0.0
292,02/07/2026,previous scrape,Clean & Cozy private room in a house.,Wei,"Ottawa, Canada",t,t,Knoxdale-Merivale,Private room in home,Private room,0000-00-00,"""0000-00-00""",t,02/07/2026,23/12/2019,04/01/2024,8.0,1.0,8.0,1.0,7.0,45.0,-75.0,1.0,1.0,2.0,2.0,173.0,2246.0,173.0,30.0,1125.0,0.0,0.0,0.0,0.0,14.0,0.0,0.0,4.0,4.0,4.0,4.0,4.0,4.0,0.0,6.0,0.0
293,24/06/2026,city scrape,Clean and cozy room in Kanata Lakes (North),Elena,Canada,f,t,Kanata North,Private room in townhouse,Private room,01/10/2026,31/10/2026,t,24/06/2026,11/06/2018,31/05/2026,8.0,9.0,8.0,8.0,2.0,45.0,-75.0,1.0,1.0,2.0,1.0,39.0,1184.0,39.0,30.0,730.0,0.0,0.0,2.0,84.0,22.0,1.0,0.0,4.0,4.0,4.0,4.0,4.0,4.0,0.0,2.0,0.0
294,02/07/2026,previous scrape,Walk to Parliament Unit W/FreeParking,David,"Ottawa, Canada",t,t,Rideau-Vanier,Entire home,Entire home/apt,06/07/2026,08/07/2026,t,02/07/2026,28/05/2024,12/06/2026,7.0,6.0,3.0,6.0,2.0,45.0,-75.0,2.0,1.0,2.0,1.0,103.0,1626.0,103.0,30.0,365.0,12.0,29.0,53.0,235.5,22.0,1.0,1.0,4.0,4.0,4.0,4.0,4.0,4.0,1.0,2.0,1.0
295,02/07/2026,previous scrape,The Eight Twenty-Two,Sandra,"Ottawa, Canada",t,t,Bay,Entire home,Entire home/apt,19/07/2026,21/07/2026,t,02/07/2026,29/07/2018,05/06/2026,10.0,0.0,9.0,5.0,4.0,45.0,-75.0,4.0,1.0,2.0,2.0,290.0,580.0,290.0,2.0,180.0,13.0,20.0,30.0,30.0,62.0,6.0,6.0,4.0,4.0,4.0,4.0,4.0,4.0,0.0,4.0,4.0
296,24/06/2026,city scrape,General Hospital & CHEO Private Pad+Parking Space,Darlene,"Ottawa, Canada",t,t,Alta Vista,Entire guest suite,Entire home/apt,07/07/2026,12/07/2026,t,24/06/2026,20/06/2018,17/06/2026,11.0,1.0,8.0,0.0,1.0,45.0,-75.0,2.0,1.0,1.0,2.0,170.0,850.0,170.0,5.0,1125.0,17.0,29.0,33.0,286.0,92.0,14.0,10.0,4.0,4.0,4.0,4.0,4.0,4.0,0.0,1.0,1.0
297,24/06/2026,city scrape,Self check in spacious apartment with full kitchen,Tanvira,"Ottawa, Canada",f,t,Cumberland,Entire guest suite,Entire home/apt,27/07/2026,29/07/2026,t,24/06/2026,17/06/2018,21/06/2026,7.0,6.0,3.0,6.0,2.0,45.0,-75.0,2.0,1.0,2.0,1.0,103.0,1626.0,103.0,30.0,365.0,12.0,29.0,53.0,235.5,22.0,1.0,1.0,4.0,4.0,4.0,4.0,4.0,4.0,1.0,2.0,1.0
298,24/06/2026,city scrape,Entire 1 Bedroom Apt - Kanata Tech Park - Monthly,Karthik,"Ottawa, Canada",t,t,Kanata North,Entire home,Entire home/apt,01/01/2027,31/01/2027,t,24/06/2026,14/06/2018,07/06/2026,11.0,2.0,8.0,0.0,1.0,45.0,-75.0,3.0,1.0,1.0,1.0,65.0,1969.0,65.0,30.0,1125.0,0.0,0.0,0.0,169.0,44.0,3.0,3.0,4.0,4.0,4.0,4.0,4.0,4.0,0.0,1.0,1.0
299,24/06/2026,city scrape,Exclusive ZEN-STAY   +  free parking spot,Ana,"Ottawa, Canada",f,t,College,Entire townhouse,Entire home/apt,24/06/2026,26/06/2026,t,24/06/2026,23/06/2018,14/04/2024,7.0,6.0,3.0,6.0,2.0,45.0,-75.0,2.0,1.0,2.0,1.0,103.0,1626.0,103.0,30.0,365.0,12.0,29.0,53.0,235.5,22.0,1.0,1.0,4.0,4.0,4.0,4.0,4.0,4.0,1.0,2.0,1.0
300,24/06/2026,city scrape,Modern 2 bedroom suite centrally located. Free (P),Sakar,"Ottawa, Canada",t,t,Rideau-Rockcliffe,Entire guest suite,Entire home/apt,01/11/2026,29/11/2026,t,24/06/2026,24/06/2018,22/03/2026,11.0,9.0,8.0,0.0,1.0,45.0,-75.0,4.0,1.0,2.0,2.0,79.0,2223.0,79.0,28.0,1125.0,0.0,0.0,0.0,235.0,52.0,3.0,3.0,4.0,4.0,4.0,4.0,4.0,4.0,0.0,1.0,1.0
301,24/06/2026,city scrape,Absolutely Fabulous Westboro Home Perfect Location,Carole,"St. John's, Canada",f,t,Kitchissippi,Entire home,Entire home/apt,01/06/2027,04/06/2027,t,24/06/2026,10/12/2018,29/04/2026,7.0,6.0,3.0,6.0,2.0,45.0,-75.0,2.0,1.0,2.0,1.0,103.0,1626.0,103.0,30.0,365.0,12.0,29.0,53.0,235.5,22.0,1.0,1.0,4.0,4.0,4.0,4.0,4.0,4.0,1.0,2.0,1.0
302,24/06/2026,city scrape,Cozy Basement Space( No seperate entrance),Yetti,"Ottawa, Canada",t,t,Kanata North,Private room in home,Private room,26/06/2026,27/06/2026,t,24/06/2026,02/07/2018,03/06/2026,7.0,6.0,3.0,6.0,2.0,45.0,-75.0,2.0,1.0,2.0,1.0,103.0,1626.0,103.0,30.0,365.0,12.0,29.0,53.0,235.5,22.0,1.0,1.0,4.0,4.0,4.0,4.0,4.0,4.0,1.0,2.0,1.0
303,24/06/2026,city scrape,Tiny Room Across uOttawa Steps To Downtown Ottawa,Frits,"Mexicali, Mexico",f,t,Rideau-Vanier,Private room in condo,Private room,24/06/2026,24/07/2026,t,24/06/2026,01/10/2020,26/06/2022,7.0,6.0,3.0,6.0,2.0,45.0,-75.0,2.0,1.0,2.0,1.0,103.0,1626.0,103.0,30.0,365.0,12.0,29.0,53.0,235.5,22.0,1.0,1.0,4.0,4.0,4.0,4.0,4.0,4.0,1.0,2.0,1.0
304,02/07/2026,previous scrape,Heritage Building Facing Rideau Hall (90 day min),Martin,"Ottawa, Canada",f,t,Rideau-Rockcliffe,Entire rental unit,Entire home/apt,01/12/2026,01/03/2027,t,02/07/2026,05/08/2018,01/10/2025,7.0,6.0,3.0,6.0,2.0,45.0,-75.0,2.0,1.0,2.0,1.0,103.0,1626.0,103.0,30.0,365.0,12.0,29.0,53.0,235.5,22.0,1.0,1.0,4.0,4.0,4.0,4.0,4.0,4.0,1.0,2.0,1.0
305,24/06/2026,city scrape,2 Storey 2 Bedroom Penthouse steps from Parliament,Aidan,"Ottawa, Canada",f,t,Somerset,Entire condo,Entire home/apt,03/01/2027,02/02/2027,t,24/06/2026,03/08/2018,03/08/2018,7.0,6.0,3.0,6.0,2.0,45.0,-75.0,2.0,1.0,2.0,1.0,103.0,1626.0,103.0,30.0,365.0,12.0,29.0,53.0,235.5,22.0,1.0,1.0,4.0,4.0,4.0,4.0,4.0,4.0,1.0,2.0,1.0
306,24/06/2026,city scrape,Cozy private room with huge private bathroom,Regina,"Ottawa, Canada",t,t,Gloucester-Southgate,Private room in home,Private room,06/07/2026,08/07/2026,t,24/06/2026,10/07/2018,21/06/2026,7.0,6.0,3.0,6.0,2.0,45.0,-75.0,2.0,1.0,2.0,1.0,103.0,1626.0,103.0,30.0,365.0,12.0,29.0,53.0,235.5,22.0,1.0,1.0,4.0,4.0,4.0,4.0,4.0,4.0,1.0,2.0,1.0
307,02/07/2026,previous scrape,A cozy bedroom close to Airport w/ parking,Will,"Ottawa, Canada",f,t,Gloucester-Southgate,Private room in home,Private room,01/01/2027,31/01/2027,t,02/07/2026,02/08/2018,02/02/2020,10.0,6.0,7.0,11.0,2.0,45.0,-75.0,2.0,1.0,2.0,2.0,77.0,2319.0,77.0,30.0,30.0,0.0,0.0,0.0,87.0,14.0,0.0,0.0,4.0,4.0,4.0,4.0,4.0,4.0,0.0,2.0,0.0
308,24/06/2026,city scrape,Luxurious Cozy Guest Suite,Narjisse,"Ottawa, Canada",f,t,Cumberland,Entire guest suite,Entire home/apt,25/06/2026,25/07/2026,t,24/06/2026,01/07/2018,24/06/2025,7.0,6.0,3.0,6.0,2.0,45.0,-75.0,2.0,1.0,2.0,1.0,103.0,1626.0,103.0,30.0,365.0,12.0,29.0,53.0,235.5,22.0,1.0,1.0,4.0,4.0,4.0,4.0,4.0,4.0,1.0,2.0,1.0
309,24/06/2026,city scrape,Private room in a 4 bedroom house in Ottawa (K),Peter,"Ottawa, Canada",t,t,Barrhaven,Private room in home,Private room,03/07/2026,04/07/2026,t,24/06/2026,31/08/2018,23/05/2026,8.0,10.0,7.0,11.0,3.0,45.0,-75.0,2.0,1.0,2.0,1.0,92.0,92.0,92.0,1.0,35.0,21.0,45.0,66.0,241.0,82.0,10.0,12.0,4.0,4.0,4.0,4.0,4.0,4.0,0.0,3.0,0.0
310,24/06/2026,city scrape,One Bedroom Oasis in Hintonburg,Ida,"Ottawa, Canada",t,t,Kitchissippi,Entire rental unit,Entire home/apt,28/12/2026,27/01/2027,t,24/06/2026,25/08/2018,19/09/2025,12.0,2.0,8.0,9.0,4.0,45.0,-75.0,2.0,1.0,1.0,1.0,85.0,2556.0,85.0,30.0,1125.0,0.0,20.0,27.0,200.0,26.0,2.0,2.0,4.0,4.0,4.0,4.0,4.0,4.0,0.0,3.0,3.0
311,24/06/2026,city scrape,Luxurious Waterfront house on Ottawa River,Awtar,"Ottawa, Canada",t,t,West Carleton-March,Entire home,Entire home/apt,24/06/2026,26/06/2026,t,24/06/2026,20/05/2021,18/05/2026,7.0,6.0,3.0,6.0,2.0,45.0,-75.0,2.0,1.0,2.0,1.0,103.0,1626.0,103.0,30.0,365.0,12.0,29.0,53.0,235.5,22.0,1.0,1.0,4.0,4.0,4.0,4.0,4.0,4.0,1.0,2.0,1.0
312,24/06/2026,city scrape,Double guest room with shared bath in large home,Badri,"Ottawa, Canada",f,t,Gloucester-Southgate,Private room in home,Private room,01/10/2026,31/10/2026,t,24/06/2026,31/07/2018,30/09/2025,8.0,8.0,7.0,11.0,3.0,45.0,-75.0,1.0,1.0,2.0,1.0,44.0,1344.0,44.0,30.0,120.0,23.0,40.0,52.0,138.0,52.0,1.0,1.0,4.0,4.0,4.0,4.0,4.0,4.0,0.0,3.0,0.0
313,24/06/2026,city scrape,Peloton House Garden Suite,Ursula,"Ottawa, Canada",t,t,Rideau-Rockcliffe,Entire rental unit,Entire home/apt,27/09/2026,01/10/2026,t,24/06/2026,07/08/2018,18/05/2026,14.0,3.0,14.0,3.0,2.0,45.0,-75.0,2.0,1.0,1.0,1.0,231.0,925.0,231.0,4.0,90.0,0.0,1.0,1.0,86.0,148.0,20.0,18.0,4.0,4.0,4.0,4.0,4.0,4.0,1.0,2.0,2.0
314,24/06/2026,city scrape,Calm Haven,Elsy,"Ottawa, Canada",f,t,Cumberland,Private room in bed and breakfast,Private room,24/06/2026,24/07/2026,t,24/06/2026,04/02/2025,21/05/2025,7.0,6.0,3.0,6.0,2.0,45.0,-75.0,2.0,1.0,2.0,1.0,103.0,1626.0,103.0,30.0,365.0,12.0,29.0,53.0,235.5,22.0,1.0,1.0,4.0,4.0,4.0,4.0,4.0,4.0,1.0,2.0,1.0
315,24/06/2026,city scrape,GLEBE Canal home steps to TD Place Lansdowne,Donna,"Ottawa, Canada",t,t,Capital,Entire home,Entire home/apt,06/07/2026,07/07/2026,t,24/06/2026,01/09/2018,21/06/2026,7.0,6.0,3.0,6.0,2.0,45.0,-75.0,2.0,1.0,2.0,1.0,103.0,1626.0,103.0,30.0,365.0,12.0,29.0,53.0,235.5,22.0,1.0,1.0,4.0,4.0,4.0,4.0,4.0,4.0,1.0,2.0,1.0
316,24/06/2026,city scrape,2 rooms fully serviced apartment / suite,Plamen,"Ottawa, Canada",t,t,Alta Vista,Entire rental unit,Entire home/apt,26/07/2026,25/08/2026,t,24/06/2026,31/07/2018,21/06/2026,7.0,6.0,3.0,6.0,2.0,45.0,-75.0,2.0,1.0,2.0,1.0,103.0,1626.0,103.0,30.0,365.0,12.0,29.0,53.0,235.5,22.0,1.0,1.0,4.0,4.0,4.0,4.0,4.0,4.0,1.0,2.0,1.0
317,24/06/2026,city scrape,3Bdrm Stittsville/Kanata Townhouse/Dbl Car Garage,Pete,"Ottawa, Canada",t,t,Stittsville-Kanata West,Entire townhouse,Entire home/apt,13/09/2026,13/10/2026,t,24/06/2026,30/08/2018,17/06/2026,7.0,6.0,3.0,6.0,2.0,45.0,-75.0,2.0,1.0,2.0,1.0,103.0,1626.0,103.0,30.0,365.0,12.0,29.0,53.0,235.5,22.0,1.0,1.0,4.0,4.0,4.0,4.0,4.0,4.0,1.0,2.0,1.0
318,24/06/2026,city scrape,Ottawa Guest Suite,Nadia,"Ottawa, Canada",t,t,Bay,Entire guest suite,Entire home/apt,01/10/2026,01/11/2026,t,24/06/2026,29/12/2018,10/04/2026,10.0,7.0,10.0,7.0,4.0,45.0,-75.0,4.0,1.0,2.0,2.0,87.0,2716.0,87.0,31.0,1125.0,7.0,7.0,7.0,273.0,47.0,1.0,0.0,4.0,4.0,4.0,4.0,4.0,4.0,0.0,3.0,3.0
319,02/07/2026,previous scrape,Westboro bright spacious comfortable suite of rooms,Brenda,"Ottawa, Canada",f,t,Kitchissippi,Private room in home,Private room,0000-00-00,"""0000-00-00""",t,02/07/2026,01/09/2018,31/05/2020,7.0,6.0,3.0,6.0,2.0,45.0,-75.0,2.0,1.0,2.0,1.0,103.0,1626.0,103.0,30.0,365.0,12.0,29.0,53.0,235.5,22.0,1.0,1.0,4.0,4.0,4.0,4.0,4.0,4.0,1.0,2.0,1.0
320,24/06/2026,city scrape,Blissful Ottawa Home (Private Room 1),Raunak,"Ottawa, Canada",f,t,Barrhaven,Private room in home,Private room,25/06/2026,25/07/2026,t,24/06/2026,05/08/2018,01/09/2025,7.0,10.0,7.0,10.0,1.0,45.0,-75.0,2.0,1.0,2.0,1.0,51.0,1550.0,51.0,30.0,730.0,29.0,59.0,89.0,89.0,21.0,1.0,1.0,4.0,4.0,4.0,4.0,4.0,4.0,0.0,1.0,0.0
321,24/06/2026,city scrape,Indian Summer Town 1st floor,Jing Ping,"Ottawa, Canada",f,t,Rideau-Vanier,Private room in home,Private room,26/07/2026,25/08/2026,t,24/06/2026,09/08/2018,12/08/2025,7.0,10.0,7.0,10.0,4.0,45.0,-75.0,1.0,1.0,2.0,1.0,48.0,1467.0,48.0,30.0,1125.0,1.0,29.0,59.0,239.0,131.0,2.0,2.0,4.0,4.0,4.0,4.0,4.0,4.0,1.0,4.0,0.0
322,24/06/2026,city scrape,Ottawa Bed,Yetunde,Canada,f,t,Gloucester-South Nepean,Private room in home,Private room,09/08/2026,08/09/2026,t,24/06/2026,04/09/2018,13/03/2020,7.0,11.0,7.0,10.0,2.0,45.0,-75.0,1.0,1.0,2.0,1.0,39.0,1191.0,39.0,30.0,30.0,0.0,14.0,44.0,319.0,115.0,0.0,0.0,4.0,4.0,4.0,4.0,4.0,4.0,1.0,2.0,0.0
323,24/06/2026,city scrape,Spacious Quiet Home near Airport w/ Free Parking,Marko,"Ottawa, Canada",f,t,Gloucester-Southgate,Entire home,Entire home/apt,27/07/2026,27/08/2026,t,24/06/2026,14/01/2024,10/04/2026,7.0,6.0,3.0,6.0,2.0,45.0,-75.0,2.0,1.0,2.0,1.0,103.0,1626.0,103.0,30.0,365.0,12.0,29.0,53.0,235.5,22.0,1.0,1.0,4.0,4.0,4.0,4.0,4.0,4.0,1.0,2.0,1.0
324,02/07/2026,previous scrape,Rusticity in the city,Garaudy,"Ottawa, Canada",f,t,Rideau-Rockcliffe,Entire rental unit,Entire home/apt,01/01/2027,31/01/2027,t,02/07/2026,09/08/2019,15/07/2023,11.0,10.0,6.0,11.0,1.0,45.0,-75.0,6.0,1.0,2.0,2.0,101.0,3043.0,101.0,30.0,1125.0,0.0,0.0,0.0,87.0,36.0,0.0,0.0,4.0,4.0,4.0,4.0,4.0,4.0,0.0,1.0,1.0
325,24/06/2026,city scrape,Room B biggest @ 2st floor in High Tech Kanata.,⁨Hoang (Tano)⁩,"Ottawa, Canada",t,t,Kanata North,Private room in home,Private room,02/08/2026,01/09/2026,t,24/06/2026,30/11/2018,31/05/2026,7.0,6.0,3.0,6.0,2.0,45.0,-75.0,2.0,1.0,2.0,1.0,103.0,1626.0,103.0,30.0,365.0,12.0,29.0,53.0,235.5,22.0,1.0,1.0,4.0,4.0,4.0,4.0,4.0,4.0,1.0,2.0,1.0
326,24/06/2026,city scrape,Room UC in High Tech Centre (book at least 30 n),⁨Hoang (Tano)⁩,"Ottawa, Canada",t,t,Kanata North,Private room in home,Private room,01/09/2026,01/10/2026,t,24/06/2026,24/08/2018,01/11/2022,7.0,6.0,3.0,6.0,2.0,45.0,-75.0,2.0,1.0,2.0,1.0,103.0,1626.0,103.0,30.0,365.0,12.0,29.0,53.0,235.5,22.0,1.0,1.0,4.0,4.0,4.0,4.0,4.0,4.0,1.0,2.0,1.0
327,24/06/2026,city scrape,Room MT in Kanata HighTech Centre (min 30 n),⁨Hoang (Tano)⁩,"Ottawa, Canada",t,t,Kanata North,Private room in home,Private room,01/11/2026,01/12/2026,t,24/06/2026,28/06/2019,30/04/2024,7.0,6.0,3.0,6.0,2.0,45.0,-75.0,2.0,1.0,2.0,1.0,103.0,1626.0,103.0,30.0,365.0,12.0,29.0,53.0,235.5,22.0,1.0,1.0,4.0,4.0,4.0,4.0,4.0,4.0,1.0,2.0,1.0
328,24/06/2026,city scrape,Room MB in Kanata High Tech center (min 30 n),⁨Hoang (Tano)⁩,"Ottawa, Canada",t,t,Kanata North,Private room in home,Private room,08/09/2026,08/10/2026,t,24/06/2026,31/08/2018,03/03/2026,7.0,6.0,3.0,6.0,2.0,45.0,-75.0,2.0,1.0,2.0,1.0,103.0,1626.0,103.0,30.0,365.0,12.0,29.0,53.0,235.5,22.0,1.0,1.0,4.0,4.0,4.0,4.0,4.0,4.0,1.0,2.0,1.0
329,24/06/2026,city scrape,Room MS in Kanata High Tech Centre (min 30 n),⁨Hoang (Tano)⁩,"Ottawa, Canada",t,t,Kanata North,Private room in home,Private room,01/11/2026,01/12/2026,t,24/06/2026,07/10/2018,01/10/2025,7.0,6.0,3.0,6.0,2.0,45.0,-75.0,2.0,1.0,2.0,1.0,103.0,1626.0,103.0,30.0,365.0,12.0,29.0,53.0,235.5,22.0,1.0,1.0,4.0,4.0,4.0,4.0,4.0,4.0,1.0,2.0,1.0
330,24/06/2026,city scrape,Room LW  in High Tech Centre (book at least 30 n),⁨Hoang (Tano)⁩,"Ottawa, Canada",t,t,Kanata North,Private room in home,Private room,01/11/2026,01/12/2026,t,24/06/2026,12/01/2019,19/12/2025,7.0,6.0,3.0,6.0,2.0,45.0,-75.0,2.0,1.0,2.0,1.0,103.0,1626.0,103.0,30.0,365.0,12.0,29.0,53.0,235.5,22.0,1.0,1.0,4.0,4.0,4.0,4.0,4.0,4.0,1.0,2.0,1.0
331,02/07/2026,previous scrape,Room LA1 in Kanata High Tech Centre (min 30 n),⁨Hoang (Tano)⁩,"Ottawa, Canada",t,t,Kanata North,Private room in home,Private room,0000-00-00,"""0000-00-00""",t,02/07/2026,03/09/2018,31/03/2026,7.0,6.0,3.0,6.0,2.0,45.0,-75.0,2.0,1.0,2.0,1.0,103.0,1626.0,103.0,30.0,365.0,12.0,29.0,53.0,235.5,22.0,1.0,1.0,4.0,4.0,4.0,4.0,4.0,4.0,1.0,2.0,1.0
332,24/06/2026,city scrape,Room LB in Kanata High Tech Centre (min 30 n),⁨Hoang (Tano)⁩,"Ottawa, Canada",t,t,Kanata North,Private room in home,Private room,01/11/2026,01/12/2026,t,24/06/2026,03/09/2018,20/12/2025,7.0,6.0,3.0,6.0,2.0,45.0,-75.0,2.0,1.0,2.0,1.0,103.0,1626.0,103.0,30.0,365.0,12.0,29.0,53.0,235.5,22.0,1.0,1.0,4.0,4.0,4.0,4.0,4.0,4.0,1.0,2.0,1.0
333,24/06/2026,city scrape,Comfortable Clean Suite in Private House,Cyrus,"Ottawa, Canada",f,t,River,Entire guest suite,Entire home/apt,01/10/2026,31/10/2026,t,24/06/2026,31/08/2018,03/07/2023,9.0,3.0,8.0,2.0,1.0,45.0,-75.0,2.0,1.0,1.0,1.0,94.0,2827.0,94.0,30.0,180.0,0.0,0.0,0.0,266.0,90.0,0.0,0.0,4.0,4.0,5.0,5.0,4.0,4.0,0.0,1.0,1.0
334,02/07/2026,previous scrape,Modern and Cozy Private Room!,Suhail,"Ottawa, Canada",f,t,Barrhaven,Private room in townhouse,Private room,0000-00-00,"""0000-00-00""",t,02/07/2026,31/08/2018,17/08/2025,10.0,2.0,9.0,3.0,3.0,45.0,-75.0,1.0,1.0,2.0,2.0,173.0,2246.0,173.0,30.0,1125.0,0.0,0.0,0.0,0.0,105.0,1.0,1.0,4.0,4.0,4.0,4.0,4.0,4.0,1.0,3.0,0.0
335,24/06/2026,city scrape,Modern luxury waterfront home in Sandy Hill,Zed,"Ottawa, Canada",f,t,Rideau-Vanier,Entire home,Entire home/apt,12/07/2026,15/07/2026,t,24/06/2026,09/09/2018,18/06/2026,7.0,6.0,3.0,6.0,2.0,45.0,-75.0,2.0,1.0,2.0,1.0,103.0,1626.0,103.0,30.0,365.0,12.0,29.0,53.0,235.5,22.0,1.0,1.0,4.0,4.0,4.0,4.0,4.0,4.0,1.0,2.0,1.0
336,24/06/2026,city scrape,Private room in a house in Ottawa (Barrhaven) (A),Peter,"Ottawa, Canada",t,t,Barrhaven,Private room in home,Private room,24/06/2026,25/06/2026,t,24/06/2026,03/09/2018,13/06/2026,8.0,10.0,7.0,11.0,3.0,45.0,-75.0,2.0,1.0,2.0,1.0,92.0,92.0,92.0,1.0,35.0,22.0,46.0,68.0,243.0,91.0,15.0,21.0,4.0,4.0,4.0,4.0,4.0,4.0,0.0,3.0,0.0
337,24/06/2026,city scrape,Your suburban neck of the woods,Jay,"Ottawa, Canada",f,t,Cumberland,Private room in home,Private room,25/06/2026,26/06/2026,t,24/06/2026,10,10,10.0,0.0,3.0,7.0,1.0,45.0,-75.0,2.0,1.0,2.0,1.0,155.0,155.0,155.0,1.0,6.0,29.0,59.0,89.0,89.0,0.0,0.0,0.0,4.0,4.0,4.0,4.0,4.0,4.0,1.0,1.0,0.0
338,24/06/2026,city scrape,Petrie Island Aroma Studio,Quantumluv,"Ottawa, Canada",f,t,Orleans,Entire loft,Entire home/apt,25/06/2026,25/07/2026,t,24/06/2026,23/09/2018,02/09/2024,10.0,5.0,7.0,9.0,3.0,45.0,-75.0,5.0,1.0,2.0,1.0,68.0,2060.0,68.0,30.0,365.0,29.0,59.0,89.0,364.0,160.0,0.0,0.0,4.0,4.0,4.0,4.0,4.0,4.0,1.0,3.0,3.0
339,24/06/2026,city scrape,"Beautifully Cultured, Modern 3 Bed in Westboro",Lisa,"Ontario, Canada",t,t,Kitchissippi,Entire home,Entire home/apt,22/08/2026,22/09/2026,t,24/06/2026,09/10/2018,03/02/2023,7.0,6.0,3.0,6.0,2.0,45.0,-75.0,2.0,1.0,2.0,1.0,103.0,1626.0,103.0,30.0,365.0,12.0,29.0,53.0,235.5,22.0,1.0,1.0,4.0,4.0,4.0,4.0,4.0,4.0,1.0,2.0,1.0
340,24/06/2026,city scrape,Indian Summer Town 2nd floor room 2A,Jing Ping,"Ottawa, Canada",f,t,Rideau-Vanier,Private room in home,Private room,18/07/2026,17/08/2026,t,24/06/2026,16/09/2018,01/09/2024,7.0,10.0,7.0,10.0,4.0,45.0,-75.0,1.0,1.0,2.0,1.0,52.0,1576.0,52.0,30.0,1125.0,6.0,36.0,66.0,341.0,88.0,0.0,0.0,4.0,4.0,4.0,4.0,4.0,4.0,0.0,4.0,0.0
341,24/06/2026,city scrape,Indian Summer Town 3rd Floor,Jing Ping,"Ottawa, Canada",f,t,Rideau-Vanier,Private room in home,Private room,15/07/2026,14/08/2026,t,24/06/2026,18/09/2018,26/10/2025,7.0,6.0,3.0,6.0,2.0,45.0,-75.0,2.0,1.0,2.0,1.0,103.0,1626.0,103.0,30.0,365.0,12.0,29.0,53.0,235.5,22.0,1.0,1.0,4.0,4.0,4.0,4.0,4.0,4.0,1.0,2.0,1.0
342,24/06/2026,city scrape,Cozy apartment downtown w/ free parking,Christian,"Gatineau, Canada",f,t,Rideau-Vanier,Entire rental unit,Entire home/apt,04/11/2026,04/12/2026,t,24/06/2026,09/09/2018,01/06/2026,7.0,6.0,3.0,6.0,2.0,45.0,-75.0,2.0,1.0,2.0,1.0,103.0,1626.0,103.0,30.0,365.0,12.0,29.0,53.0,235.5,22.0,1.0,1.0,4.0,4.0,4.0,4.0,4.0,4.0,1.0,2.0,1.0
343,24/06/2026,city scrape,Beautiful apartment in heart of dt byward market,Christian,"Gatineau, Canada",f,t,Rideau-Vanier,Entire rental unit,Entire home/apt,01/08/2026,31/08/2026,t,24/06/2026,08/09/2018,16/10/2023,7.0,6.0,3.0,6.0,2.0,45.0,-75.0,2.0,1.0,2.0,1.0,103.0,1626.0,103.0,30.0,365.0,12.0,29.0,53.0,235.5,22.0,1.0,1.0,4.0,4.0,4.0,4.0,4.0,4.0,1.0,2.0,1.0
344,24/06/2026,city scrape,Clean quiet private room for you in a cosy home!,Maria,"Ottawa, Canada",f,t,Gloucester-South Nepean,Private room in home,Private room,01/07/2026,31/07/2026,t,24/06/2026,01/10/2018,08/06/2022,9.0,8.0,7.0,9.0,1.0,45.0,-75.0,2.0,1.0,2.0,1.0,57.0,1711.0,57.0,30.0,1125.0,23.0,53.0,83.0,263.0,46.0,0.0,0.0,4.0,4.0,4.0,4.0,4.0,4.0,0.0,1.0,0.0
345,24/06/2026,city scrape,Stunning 2 bedroom Basement Suite,Maureen,"Ottawa, Canada",f,t,Beacon Hill-Cyrville,Entire rental unit,Entire home/apt,17/07/2026,20/07/2026,t,24/06/2026,27/09/2018,22/06/2026,10.0,10.0,7.0,9.0,1.0,45.0,-75.0,4.0,1.0,2.0,2.0,190.0,571.0,190.0,1.0,730.0,10.0,23.0,26.0,76.0,109.0,15.0,22.0,4.0,4.0,4.0,4.0,4.0,4.0,1.0,1.0,1.0
346,24/06/2026,city scrape,Basement  in a house,Yetunde,Canada,f,t,Gloucester-South Nepean,Private room in home,Private room,02/07/2026,03/07/2026,t,24/06/2026,29/08/2025,12/05/2026,7.0,11.0,7.0,10.0,2.0,45.0,-75.0,2.0,1.0,2.0,1.0,109.0,109.0,109.0,1.0,30.0,22.0,52.0,82.0,355.0,14.0,14.0,9.0,4.0,4.0,4.0,4.0,4.0,4.0,1.0,2.0,0.0
347,02/07/2026,previous scrape,Ottawa's Golden Triangle Haven!,Roshanak,"Ottawa, Canada",f,t,Somerset,Entire rental unit,Entire home/apt,0000-00-00,"""0000-00-00""",t,02/07/2026,03/10/2018,30/08/2020,12.0,7.0,7.0,9.0,1.0,45.0,-75.0,3.0,1.0,2.0,2.0,173.0,2246.0,173.0,50.0,90.0,0.0,0.0,16.0,16.0,27.0,0.0,0.0,4.0,4.0,4.0,4.0,4.0,4.0,0.0,1.0,1.0
348,24/06/2026,city scrape,The Annex Hideaway,Yu,"Ottawa, Canada",f,t,Cumberland,Entire guesthouse,Entire home/apt,28/06/2026,30/06/2026,t,24/06/2026,17/10/2018,03/11/2019,9.0,11.0,7.0,8.0,1.0,45.0,-75.0,4.0,1.0,2.0,1.0,183.0,366.0,183.0,2.0,250.0,16.0,29.0,59.0,59.0,5.0,0.0,0.0,4.0,4.0,4.0,4.0,4.0,4.0,0.0,1.0,1.0
349,24/06/2026,city scrape,Modern Design Luxury- ByWardMarket/UofO/Parliament,Luc,"Montreal, Canada",t,t,Rideau-Vanier,Entire condo,Entire home/apt,24/06/2026,24/07/2026,t,24/06/2026,01/10/2018,12/05/2026,7.0,6.0,3.0,6.0,2.0,45.0,-75.0,2.0,1.0,2.0,1.0,103.0,1626.0,103.0,30.0,365.0,12.0,29.0,53.0,235.5,22.0,1.0,1.0,4.0,4.0,4.0,4.0,4.0,4.0,1.0,2.0,1.0
350,24/06/2026,city scrape,Modern Lūx Apartment In Quiet Neighborhood,Mélanie,"Ottawa, Canada",f,t,Beacon Hill-Cyrville,Entire guest suite,Entire home/apt,25/06/2026,25/07/2026,t,24/06/2026,02/11/2018,03/08/2025,7.0,6.0,3.0,6.0,2.0,45.0,-75.0,2.0,1.0,2.0,1.0,103.0,1626.0,103.0,30.0,365.0,12.0,29.0,53.0,235.5,22.0,1.0,1.0,4.0,4.0,4.0,4.0,4.0,4.0,1.0,2.0,1.0
351,24/06/2026,city scrape,*Modern Suite + Underground Parking [Downtown],Joy,"Ottawa, Canada",t,t,Somerset,Entire condo,Entire home/apt,27/06/2026,27/07/2026,t,24/06/2026,22/01/2019,31/07/2024,7.0,6.0,3.0,6.0,2.0,45.0,-75.0,2.0,1.0,2.0,1.0,103.0,1626.0,103.0,30.0,365.0,12.0,29.0,53.0,235.5,22.0,1.0,1.0,4.0,4.0,4.0,4.0,4.0,4.0,1.0,2.0,1.0
352,02/07/2026,previous scrape,"Downtown Air BnB Apartment 3 bedroom, free parking",Daniel,"Ottawa, Canada",f,t,Somerset,Entire rental unit,Entire home/apt,15/11/2026,16/11/2026,t,02/07/2026,21/10/2018,27/08/2023,10.0,4.0,10.0,4.0,2.0,45.0,-75.0,6.0,1.0,3.0,2.0,182.0,182.0,182.0,1.0,1125.0,0.0,0.0,0.0,134.0,164.0,0.0,0.0,4.0,4.0,4.0,4.0,4.0,4.0,1.0,2.0,2.0
353,24/06/2026,city scrape,Hidden Gem in Beautiful Downtown Ottawa,Olivier,"Ottawa, Canada",t,t,Rideau-Vanier,Entire condo,Entire home/apt,12/07/2026,11/08/2026,t,24/06/2026,17/11/2018,24/02/2026,10.0,2.0,7.0,8.0,1.0,45.0,-75.0,3.0,1.0,1.0,1.0,107.0,3225.0,107.0,30.0,1125.0,12.0,42.0,51.0,317.0,132.0,2.0,3.0,4.0,4.0,4.0,5.0,4.0,4.0,1.0,1.0,1.0
354,24/06/2026,city scrape,Alta Vista Studio,Simon,"Ottawa, Canada",f,t,Alta Vista,Entire guest suite,Entire home/apt,04/09/2026,04/10/2026,t,24/06/2026,20/10/2018,28/03/2026,10.0,6.0,10.0,6.0,1.0,45.0,-75.0,2.0,1.0,2.0,1.0,65.0,1970.0,65.0,30.0,300.0,4.0,4.0,22.0,112.0,45.0,1.0,1.0,4.0,4.0,4.0,4.0,4.0,4.0,0.0,1.0,1.0
355,24/06/2026,city scrape,CARLINGWOOD ACCOMMODATIONS - Just West of Downtown,Brenan,"Ottawa, Canada",t,t,Bay,Entire rental unit,Entire home/apt,28/07/2026,31/07/2026,t,24/06/2026,26/10/2018,17/06/2026,7.0,6.0,3.0,6.0,2.0,45.0,-75.0,2.0,1.0,2.0,1.0,103.0,1626.0,103.0,30.0,365.0,12.0,29.0,53.0,235.5,22.0,1.0,1.0,4.0,4.0,4.0,4.0,4.0,4.0,1.0,2.0,1.0
356,24/06/2026,city scrape,1 Bedroom Entire Apartment Downtown Ottawa!,⁨Jahan ( Said )⁩,"Ottawa, Canada",f,t,Rideau-Vanier,Entire rental unit,Entire home/apt,24/06/2026,24/07/2026,t,24/06/2026,25/10/2018,05/01/2020,7.0,11.0,7.0,8.0,1.0,45.0,-75.0,2.0,1.0,1.0,1.0,77.0,2323.0,77.0,30.0,365.0,30.0,60.0,90.0,365.0,27.0,0.0,0.0,4.0,4.0,4.0,4.0,4.0,4.0,0.0,1.0,1.0
357,24/06/2026,city scrape,Governor's Gate,David,"Victoria, Canada",t,t,Rideau-Rockcliffe,Entire loft,Entire home/apt,01/01/2027,31/01/2027,t,24/06/2026,23/12/2018,05/05/2020,7.0,6.0,3.0,6.0,2.0,45.0,-75.0,2.0,1.0,2.0,1.0,103.0,1626.0,103.0,30.0,365.0,12.0,29.0,53.0,235.5,22.0,1.0,1.0,4.0,4.0,4.0,4.0,4.0,4.0,1.0,2.0,1.0
358,24/06/2026,city scrape,2ByWard Market with Parking //Unbeatable Location!,Alison,"Ottawa, Canada",t,t,Rideau-Vanier,Entire home,Entire home/apt,30/11/2026,30/12/2026,t,24/06/2026,21/10/2018,31/07/2025,7.0,6.0,3.0,6.0,2.0,45.0,-75.0,2.0,1.0,2.0,1.0,103.0,1626.0,103.0,30.0,365.0,12.0,29.0,53.0,235.5,22.0,1.0,1.0,4.0,4.0,4.0,4.0,4.0,4.0,1.0,2.0,1.0
359,24/06/2026,city scrape,VIP Home.a. with rooms and free parking,Dragan,"Ottawa, Canada",t,t,Beacon Hill-Cyrville,Private room in home,Private room,06/07/2026,07/07/2026,t,24/06/2026,17/02/2019,27/09/2025,11.0,4.0,10.0,2.0,3.0,45.0,-75.0,5.0,1.0,3.0,3.0,188.0,188.0,188.0,1.0,3.0,11.0,13.0,13.0,13.0,56.0,1.0,1.0,4.0,4.0,4.0,4.0,4.0,4.0,0.0,3.0,0.0
360,24/06/2026,city scrape,Central & Clean 2bdrm Apartment with Parking for 2,Lisa,"Ontario, Canada",t,t,College,Entire rental unit,Entire home/apt,29/11/2026,29/12/2026,t,24/06/2026,17/11/2018,31/05/2026,7.0,6.0,3.0,6.0,2.0,45.0,-75.0,2.0,1.0,2.0,1.0,103.0,1626.0,103.0,30.0,365.0,12.0,29.0,53.0,235.5,22.0,1.0,1.0,4.0,4.0,4.0,4.0,4.0,4.0,1.0,2.0,1.0
361,24/06/2026,city scrape,Your Home away from Home,Marc,"Ottawa, Canada",t,t,Capital,Entire guest suite,Entire home/apt,07/07/2026,08/07/2026,t,24/06/2026,15/12/2018,21/06/2026,7.0,6.0,3.0,6.0,2.0,45.0,-75.0,2.0,1.0,2.0,1.0,103.0,1626.0,103.0,30.0,365.0,12.0,29.0,53.0,235.5,22.0,1.0,1.0,4.0,4.0,4.0,4.0,4.0,4.0,1.0,2.0,1.0
362,24/06/2026,city scrape,Heritage home near Byward Market downtown Ottawa,Breathe Vacation Rentals,"Prince Edward, Canada",t,t,Rideau-Vanier,Entire townhouse,Entire home/apt,24/06/2026,25/06/2026,t,24/06/2026,08/11/2018,31/05/2026,7.0,6.0,3.0,6.0,2.0,45.0,-75.0,2.0,1.0,2.0,1.0,103.0,1626.0,103.0,30.0,365.0,12.0,29.0,53.0,235.5,22.0,1.0,1.0,4.0,4.0,4.0,4.0,4.0,4.0,1.0,2.0,1.0
363,24/06/2026,city scrape,Your Home Away From Home in Historic Carlington,Ahmed,"Ottawa, Canada",t,t,River,Entire guest suite,Entire home/apt,22/08/2026,24/08/2026,t,24/06/2026,16/09/2019,19/06/2026,10.0,2.0,6.0,9.0,3.0,45.0,-75.0,2.0,1.0,1.0,3.0,146.0,293.0,146.0,2.0,730.0,0.0,1.0,8.0,282.0,110.0,11.0,8.0,4.0,4.0,4.0,4.0,4.0,4.0,1.0,2.0,2.0
364,24/06/2026,city scrape,Lovely home in trendy Hintonburg,Justyna,"Ottawa, Canada",t,t,Kitchissippi,Entire townhouse,Entire home/apt,31/07/2026,30/08/2026,t,24/06/2026,24/11/2018,02/10/2025,7.0,6.0,3.0,6.0,2.0,45.0,-75.0,2.0,1.0,2.0,1.0,103.0,1626.0,103.0,30.0,365.0,12.0,29.0,53.0,235.5,22.0,1.0,1.0,4.0,4.0,4.0,4.0,4.0,4.0,1.0,2.0,1.0
365,02/07/2026,previous scrape,basement  apt with own kitchen and separate door,Anahita,"Ottawa, Canada",f,t,Barrhaven,Entire guesthouse,Entire home/apt,09/07/2026,07/10/2026,t,02/07/2026,13/01/2019,18/08/2019,7.0,6.0,3.0,6.0,2.0,45.0,-75.0,2.0,1.0,2.0,1.0,103.0,1626.0,103.0,30.0,365.0,12.0,29.0,53.0,235.5,22.0,1.0,1.0,4.0,4.0,4.0,4.0,4.0,4.0,1.0,2.0,1.0
366,24/06/2026,city scrape,Beautiful Modern Three Bedroom with Parking!,Lisa,"Ontario, Canada",t,t,College,Entire home,Entire home/apt,16/07/2026,15/08/2026,t,24/06/2026,21/01/2019,02/10/2025,7.0,6.0,3.0,6.0,2.0,45.0,-75.0,2.0,1.0,2.0,1.0,103.0,1626.0,103.0,30.0,365.0,12.0,29.0,53.0,235.5,22.0,1.0,1.0,4.0,4.0,4.0,4.0,4.0,4.0,1.0,2.0,1.0
367,24/06/2026,city scrape,"Large 5 Bed Home for Families, Groups, Colleagues",Lisa,"Ontario, Canada",t,t,College,Entire home,Entire home/apt,01/07/2026,01/08/2026,t,24/06/2026,05/04/2021,08/01/2025,7.0,6.0,3.0,6.0,2.0,45.0,-75.0,2.0,1.0,2.0,1.0,103.0,1626.0,103.0,30.0,365.0,12.0,29.0,53.0,235.5,22.0,1.0,1.0,4.0,4.0,4.0,4.0,4.0,4.0,1.0,2.0,1.0
368,24/06/2026,city scrape,IN THE HEART OF DOWNTOWN OTTAWA 2BR APARTMENT,Jenny,"Ottawa, Canada",t,t,Rideau-Vanier,Entire rental unit,Entire home/apt,03/07/2026,04/07/2026,t,24/06/2026,01/01/2019,07/06/2026,7.0,6.0,3.0,6.0,2.0,45.0,-75.0,2.0,1.0,2.0,1.0,103.0,1626.0,103.0,30.0,365.0,12.0,29.0,53.0,235.5,22.0,1.0,1.0,4.0,4.0,4.0,4.0,4.0,4.0,1.0,2.0,1.0
369,24/06/2026,city scrape,JstLikeHome - Downtown Suites Family Suite,Roy,"Ottawa, Canada",f,t,Rideau-Vanier,Entire rental unit,Entire home/apt,19/10/2026,18/11/2026,t,24/06/2026,08/12/2018,03/11/2023,7.0,6.0,3.0,6.0,2.0,45.0,-75.0,2.0,1.0,2.0,1.0,103.0,1626.0,103.0,30.0,365.0,12.0,29.0,53.0,235.5,22.0,1.0,1.0,4.0,4.0,4.0,4.0,4.0,4.0,1.0,2.0,1.0
370,24/06/2026,city scrape,CHARMING AND CLEAN BEDROOM + PRIVATE BATHROOM,Annie,"Ottawa, Canada",f,t,Bay,Private room in home,Private room,24/06/2026,24/07/2026,t,24/06/2026,11/05/2019,13/08/2019,7.0,6.0,3.0,6.0,2.0,45.0,-75.0,2.0,1.0,2.0,1.0,103.0,1626.0,103.0,30.0,365.0,12.0,29.0,53.0,235.5,22.0,1.0,1.0,4.0,4.0,4.0,4.0,4.0,4.0,1.0,2.0,1.0
371,02/07/2026,previous scrape,Hanging in Hip Hintonburg / Little Italy,Nick,"Ottawa, Canada",f,t,Somerset,Entire home,Entire home/apt,0000-00-00,"""0000-00-00""",t,02/07/2026,23/12/2018,27/01/2019,7.0,6.0,3.0,6.0,2.0,45.0,-75.0,2.0,1.0,2.0,1.0,103.0,1626.0,103.0,30.0,365.0,12.0,29.0,53.0,235.5,22.0,1.0,1.0,4.0,4.0,4.0,4.0,4.0,4.0,1.0,2.0,1.0
372,24/06/2026,city scrape,4 BD 2.5 BA Home by Centrum Mall & Signature Plaza,Samuel And Jonathan,"Ottawa, Canada",f,f,Kanata North,Entire home,Entire home/apt,30/08/2026,29/09/2026,t,24/06/2026,26/12/2018,20/12/2025,7.0,6.0,3.0,6.0,2.0,45.0,-75.0,2.0,1.0,2.0,1.0,103.0,1626.0,103.0,30.0,365.0,12.0,29.0,53.0,235.5,22.0,1.0,1.0,4.0,4.0,4.0,4.0,4.0,4.0,1.0,2.0,1.0
373,24/06/2026,city scrape,Private Coach House with a Loft,Nathan,"Ottawa, Canada",t,t,Rideau-Rockcliffe,Entire guesthouse,Entire home/apt,21/10/2026,20/11/2026,t,24/06/2026,30/12/2018,31/05/2026,7.0,6.0,3.0,6.0,2.0,45.0,-75.0,2.0,1.0,2.0,1.0,103.0,1626.0,103.0,30.0,365.0,12.0,29.0,53.0,235.5,22.0,1.0,1.0,4.0,4.0,4.0,4.0,4.0,4.0,1.0,2.0,1.0
374,24/06/2026,city scrape,"Entertaining 3BD/2BA w/parking, pool table & Wi-Fi",Camille,"Ottawa, Canada",t,t,River,Entire bungalow,Entire home/apt,05/07/2026,06/07/2026,t,24/06/2026,04/01/2019,15/06/2026,7.0,6.0,3.0,6.0,2.0,45.0,-75.0,2.0,1.0,2.0,1.0,103.0,1626.0,103.0,30.0,365.0,12.0,29.0,53.0,235.5,22.0,1.0,1.0,4.0,4.0,4.0,4.0,4.0,4.0,1.0,2.0,1.0
375,24/06/2026,city scrape,Queen Mary Double Bed,Christopher,"Ottawa, Canada",f,t,Rideau-Rockcliffe,Private room in home,Private room,01/08/2026,01/09/2026,t,24/06/2026,02/01/2019,01/08/2024,9.0,8.0,9.0,5.0,3.0,45.0,-75.0,1.0,1.0,2.0,1.0,39.0,1229.0,39.0,30.0,700.0,0.0,22.0,52.0,327.0,25.0,0.0,0.0,4.0,4.0,4.0,4.0,4.0,4.0,0.0,2.0,0.0
376,24/06/2026,city scrape,Space in a family home: very close to the airport!,Catherine And Buuma,Canada,f,t,Gloucester-South Nepean,Entire home,Entire home/apt,25/06/2026,25/07/2026,t,24/06/2026,28/01/2019,01/03/2020,7.0,5.0,7.0,5.0,1.0,45.0,-75.0,4.0,1.0,2.0,2.0,93.0,2796.0,93.0,30.0,1125.0,29.0,59.0,89.0,179.0,11.0,0.0,0.0,4.0,4.0,4.0,4.0,4.0,4.0,0.0,1.0,1.0
377,24/06/2026,city scrape,One Bed Walk-Out Apt with Office/ Beautiful View,Wei,"Ottawa, Canada",t,t,Kanata North,Entire rental unit,Entire home/apt,01/08/2026,01/09/2026,t,24/06/2026,31/01/2019,12/03/2026,11.0,4.0,7.0,5.0,3.0,45.0,-75.0,2.0,1.0,1.0,1.0,97.0,3025.0,97.0,31.0,360.0,0.0,22.0,52.0,232.0,29.0,4.0,3.0,4.0,4.0,5.0,5.0,4.0,4.0,0.0,3.0,3.0
378,24/06/2026,city scrape,Kanata Comfortable Bedroom 1 with Private Bathroom,Siarhei,"Ottawa, Canada",t,t,Kanata South,Private room in townhouse,Private room,01/08/2026,04/08/2026,t,24/06/2026,30/06/2019,15/12/2025,8.0,1.0,8.0,1.0,3.0,45.0,-75.0,1.0,1.0,2.0,1.0,80.0,241.0,80.0,3.0,1125.0,0.0,22.0,52.0,327.0,56.0,1.0,1.0,4.0,4.0,4.0,4.0,4.0,4.0,0.0,3.0,0.0
379,24/06/2026,city scrape,Chic and Central Pied a Terre,Sheelagh,"Ottawa, Canada",f,t,Capital,Entire rental unit,Entire home/apt,24/06/2026,24/07/2026,t,24/06/2026,10,10,7.0,6.0,3.0,6.0,2.0,45.0,-75.0,2.0,1.0,2.0,1.0,103.0,1626.0,103.0,30.0,365.0,12.0,29.0,53.0,235.5,22.0,1.0,1.0,4.0,4.0,4.0,4.0,4.0,4.0,1.0,2.0,1.0
380,24/06/2026,city scrape,Stylish and Comfortable  2BdRm Townhouse,Laibin,"Ottawa, Canada",f,t,Rideau-Goulbourn,Entire townhouse,Entire home/apt,19/07/2026,18/08/2026,t,24/06/2026,05/05/2019,26/12/2025,7.0,11.0,7.0,1.0,1.0,45.0,-75.0,4.0,1.0,2.0,2.0,173.0,5207.0,173.0,30.0,1125.0,5.0,35.0,65.0,340.0,106.0,2.0,3.0,4.0,4.0,4.0,4.0,4.0,4.0,1.0,1.0,1.0
381,02/07/2026,previous scrape,Modern studio 5 min to airport - separate entrance,Ivan,"Ottawa, Canada",f,t,Gloucester-Southgate,Entire rental unit,Entire home/apt,0000-00-00,"""0000-00-00""",t,02/07/2026,30/01/2019,20/08/2025,7.0,5.0,7.0,5.0,3.0,45.0,-75.0,2.0,1.0,2.0,2.0,173.0,2246.0,173.0,45.0,200.0,0.0,0.0,0.0,31.0,99.0,1.0,2.0,4.0,4.0,4.0,4.0,4.0,4.0,1.0,3.0,3.0
382,24/06/2026,city scrape,Luxury Exec Apt Top Floor (Long term Ottawa South),Rose-Alexis,"Ottawa, Canada",f,t,River,Entire rental unit,Entire home/apt,01/08/2026,31/08/2026,t,24/06/2026,25/01/2019,04/02/2026,8.0,4.0,7.0,5.0,1.0,45.0,-75.0,2.0,1.0,1.0,1.0,112.0,3381.0,112.0,30.0,365.0,0.0,22.0,52.0,327.0,63.0,1.0,0.0,4.0,4.0,4.0,4.0,4.0,4.0,0.0,1.0,1.0
383,24/06/2026,city scrape,Camping in Ottawa in this beautiful new RV,Jean,"Ottawa, Canada",f,t,Gloucester-Southgate,Camper/RV,Entire home/apt,25/06/2026,25/07/2026,t,24/06/2026,10,10,7.0,6.0,3.0,6.0,2.0,45.0,-75.0,2.0,1.0,2.0,1.0,103.0,1626.0,103.0,30.0,365.0,12.0,29.0,53.0,235.5,22.0,1.0,1.0,4.0,4.0,4.0,4.0,4.0,4.0,1.0,2.0,1.0
384,24/06/2026,city scrape,Superb Location. Bright & Cozy. 31 Day Minimum.,Edward,"Ottawa, Canada",t,t,Rideau-Vanier,Entire rental unit,Entire home/apt,31/12/2026,31/01/2027,t,24/06/2026,03/02/2019,30/08/2025,12.0,2.0,8.0,9.0,2.0,45.0,-75.0,4.0,1.0,2.0,3.0,109.0,3380.0,109.0,31.0,1125.0,12.0,12.0,20.0,195.0,105.0,1.0,2.0,4.0,4.0,4.0,4.0,4.0,4.0,1.0,2.0,2.0
385,24/06/2026,city scrape,Country Paradise in Beckwith,Sherry,"Ontario, Canada",f,t,Rideau-Goulbourn,Entire guest suite,Entire home/apt,01/07/2026,31/07/2026,t,24/06/2026,07/02/2019,31/05/2022,7.0,11.0,7.0,4.0,1.0,45.0,-75.0,2.0,1.0,1.0,1.0,90.0,2701.0,90.0,30.0,1125.0,23.0,53.0,83.0,83.0,8.0,0.0,0.0,4.0,4.0,4.0,5.0,4.0,4.0,0.0,1.0,1.0
386,24/06/2026,city scrape,"Fully furnished ""R"" Studio in downtown Ottawa",Andriy & Nataliya,"Ottawa, Canada",t,t,Rideau-Vanier,Entire condo,Entire home/apt,23/12/2026,23/01/2027,t,24/06/2026,12/02/2019,02/05/2026,9.0,1.0,9.0,1.0,3.0,45.0,-75.0,2.0,1.0,2.0,1.0,87.0,2722.0,87.0,31.0,1125.0,0.0,0.0,0.0,183.0,103.0,2.0,2.0,4.0,4.0,4.0,4.0,4.0,4.0,1.0,2.0,2.0
387,24/06/2026,city scrape,Comfortable Bedroom in Kanata w/Queen Bed,Roushan,"Ottawa, Canada",f,t,Kanata North,Private room in townhouse,Private room,24/06/2026,24/07/2026,t,24/06/2026,05/03/2019,03/06/2022,7.0,4.0,7.0,4.0,1.0,45.0,-75.0,2.0,1.0,2.0,1.0,54.0,1627.0,54.0,30.0,1125.0,30.0,60.0,90.0,90.0,83.0,0.0,0.0,4.0,4.0,4.0,4.0,4.0,4.0,0.0,1.0,0.0
388,02/07/2026,previous scrape,Fully furnished 3-bdrm Townhouse in Halfmoon Bay,Sophia,"Ottawa, Canada",f,t,Barrhaven,Entire townhouse,Entire home/apt,04/12/2026,03/01/2027,t,02/07/2026,08/12/2023,10/01/2026,7.0,6.0,3.0,6.0,2.0,45.0,-75.0,2.0,1.0,2.0,1.0,103.0,1626.0,103.0,30.0,365.0,12.0,29.0,53.0,235.5,22.0,1.0,1.0,4.0,4.0,4.0,4.0,4.0,4.0,1.0,2.0,1.0
389,24/06/2026,city scrape,Private Room in a Friendly Family Home,Janice And Garry,"Ontario, Canada",t,t,College,Private room in home,Private room,01/08/2026,31/08/2026,t,24/06/2026,01/08/2019,07/01/2026,14.0,4.0,14.0,4.0,10.0,45.0,-75.0,1.0,1.0,2.0,2.0,33.0,996.0,33.0,30.0,1125.0,0.0,22.0,34.0,178.0,23.0,2.0,1.0,4.0,4.0,4.0,5.0,4.0,4.0,0.0,3.0,0.0
390,24/06/2026,city scrape,"1 Bedroom Apartment, 5m to Hwy417, 15m to Downtown",Sarel,"Ottawa, Canada",t,t,River,Entire guest suite,Entire home/apt,29/06/2026,30/06/2026,t,24/06/2026,07/03/2019,21/06/2026,7.0,6.0,3.0,6.0,2.0,45.0,-75.0,2.0,1.0,2.0,1.0,103.0,1626.0,103.0,30.0,365.0,12.0,29.0,53.0,235.5,22.0,1.0,1.0,4.0,4.0,4.0,4.0,4.0,4.0,1.0,2.0,1.0
391,24/06/2026,city scrape,"Newly Renovated Flat with Everything, Free Parking",Phil,"Ottawa, Canada",f,t,Somerset,Entire rental unit,Entire home/apt,30/09/2026,30/10/2026,t,24/06/2026,24/03/2019,24/12/2020,8.0,9.0,7.0,3.0,2.0,45.0,-75.0,4.0,1.0,1.0,1.0,96.0,2881.0,96.0,30.0,1125.0,0.0,0.0,0.0,267.0,37.0,0.0,0.0,4.0,4.0,4.0,5.0,4.0,4.0,0.0,2.0,2.0
392,02/07/2026,previous scrape,Basement apt br in quiet & safe area(2),Yunjung & Jason,"Ottawa, Canada",f,t,College,Private room in bungalow,Private room,06/09/2026,15/12/2026,t,02/07/2026,17/08/2019,20/12/2025,7.0,6.0,3.0,6.0,2.0,45.0,-75.0,2.0,1.0,2.0,1.0,103.0,1626.0,103.0,30.0,365.0,12.0,29.0,53.0,235.5,22.0,1.0,1.0,4.0,4.0,4.0,4.0,4.0,4.0,1.0,2.0,1.0
393,24/06/2026,city scrape,Modern Multi-Level Apartment in Centretown Ottawa,Remote Host,"Ottawa, Canada",f,t,Somerset,Entire rental unit,Entire home/apt,24/06/2026,24/07/2026,t,24/06/2026,02/04/2019,22/08/2025,7.0,6.0,3.0,6.0,2.0,45.0,-75.0,2.0,1.0,2.0,1.0,103.0,1626.0,103.0,30.0,365.0,12.0,29.0,53.0,235.5,22.0,1.0,1.0,4.0,4.0,4.0,4.0,4.0,4.0,1.0,2.0,1.0
394,24/06/2026,city scrape,Desirable Private Bedroom in Female Only Residence,Murray,"Ottawa, Canada",t,t,Rideau-Vanier,Private room in townhouse,Private room,01/01/2027,31/01/2027,t,24/06/2026,17/04/2019,30/08/2024,7.0,6.0,3.0,6.0,2.0,45.0,-75.0,2.0,1.0,2.0,1.0,103.0,1626.0,103.0,30.0,365.0,12.0,29.0,53.0,235.5,22.0,1.0,1.0,4.0,4.0,4.0,4.0,4.0,4.0,1.0,2.0,1.0
395,24/06/2026,city scrape,★ Mid Century Condo ★ Steps from Parliament Hill ♛,Joel,"Ottawa, Canada",t,t,Somerset,Entire condo,Entire home/apt,31/12/2026,30/01/2027,t,24/06/2026,16/03/2019,02/03/2026,12.0,0.0,10.0,0.0,2.0,45.0,-75.0,2.0,1.0,1.0,1.0,90.0,2711.0,90.0,30.0,365.0,16.0,16.0,24.0,199.0,111.0,4.0,6.0,4.0,4.0,4.0,4.0,4.0,4.0,1.0,2.0,2.0
396,24/06/2026,city scrape,Furnished Basement Appt,Calvin,"Toronto, Canada",f,t,Gloucester-South Nepean,Private room in townhouse,Private room,24/06/2026,24/07/2026,t,24/06/2026,10/04/2019,18/06/2020,7.0,6.0,3.0,6.0,2.0,45.0,-75.0,2.0,1.0,2.0,1.0,103.0,1626.0,103.0,30.0,365.0,12.0,29.0,53.0,235.5,22.0,1.0,1.0,4.0,4.0,4.0,4.0,4.0,4.0,1.0,2.0,1.0
397,24/06/2026,city scrape,Big basement close to airport,Basem And Catherine,"Ottawa, Canada",t,t,Gloucester-South Nepean,Private room in townhouse,Private room,29/06/2026,30/06/2026,t,24/06/2026,27/04/2019,21/06/2026,7.0,6.0,3.0,6.0,2.0,45.0,-75.0,2.0,1.0,2.0,1.0,103.0,1626.0,103.0,30.0,365.0,12.0,29.0,53.0,235.5,22.0,1.0,1.0,4.0,4.0,4.0,4.0,4.0,4.0,1.0,2.0,1.0
398,24/06/2026,city scrape,Traveller's Nest - Your Cozy Home in Ottawa,Scott & Hong,"Ottawa, Canada",t,t,Capital,Entire guest suite,Entire home/apt,31/08/2026,06/09/2026,t,24/06/2026,10/06/2019,05/05/2026,14.0,2.0,7.0,1.0,1.0,45.0,-75.0,4.0,1.0,2.0,3.0,179.0,1078.0,179.0,5.0,62.0,0.0,5.0,19.0,21.0,117.0,20.0,26.0,4.0,4.0,4.0,4.0,4.0,4.0,1.0,1.0,1.0
399,24/06/2026,city scrape,Bright Room near Ottawa Airport in Riverside South,Helene,"Ottawa, Canada",f,t,Gloucester-South Nepean,Private room in home,Private room,26/06/2026,26/07/2026,t,24/06/2026,10,10,12.0,11.0,7.0,2.0,1.0,45.0,-75.0,2.0,1.0,2.0,1.0,45.0,1377.0,45.0,30.0,90.0,28.0,58.0,88.0,88.0,0.0,0.0,0.0,4.0,4.0,4.0,4.0,4.0,4.0,1.0,1.0,0.0
400,24/06/2026,city scrape,1 - Long Term Room w Desk & TV in Little Italy,Maxim,"Ottawa, Canada",t,t,Somerset,Private room in townhouse,Private room,25/06/2026,25/07/2026,t,24/06/2026,16/05/2019,22/10/2025,7.0,6.0,3.0,6.0,2.0,45.0,-75.0,2.0,1.0,2.0,1.0,103.0,1626.0,103.0,30.0,365.0,12.0,29.0,53.0,235.5,22.0,1.0,1.0,4.0,4.0,4.0,4.0,4.0,4.0,1.0,2.0,1.0
401,24/06/2026,city scrape,Belle Gite in Historic Downtown Ottawa,Beth,"Ottawa, Canada",t,t,Rideau-Vanier,Entire townhouse,Entire home/apt,10/08/2026,11/08/2026,t,24/06/2026,05/06/2022,20/06/2026,10.0,8.0,8.0,8.0,1.0,45.0,-75.0,4.0,1.0,2.0,2.0,229.0,229.0,229.0,1.0,180.0,0.0,3.0,3.0,111.0,159.0,27.0,35.0,4.0,4.0,4.0,4.0,4.0,4.0,3.0,1.0,1.0
402,02/07/2026,previous scrape,Heritage home in prime Byward Market location,Breathe Vacation Rentals,"Prince Edward, Canada",t,t,Rideau-Vanier,Entire home,Entire home/apt,0000-00-00,"""0000-00-00""",t,02/07/2026,10/04/2019,30/12/2025,7.0,6.0,3.0,6.0,2.0,45.0,-75.0,2.0,1.0,2.0,1.0,103.0,1626.0,103.0,30.0,365.0,12.0,29.0,53.0,235.5,22.0,1.0,1.0,4.0,4.0,4.0,4.0,4.0,4.0,1.0,2.0,1.0
403,24/06/2026,city scrape,Private room in a 4 bedroom home in Barrhaven (R),Peter,"Ottawa, Canada",t,t,Barrhaven,Private room in home,Private room,29/06/2026,30/06/2026,t,24/06/2026,22/04/2019,25/05/2025,8.0,10.0,7.0,11.0,3.0,45.0,-75.0,2.0,1.0,2.0,1.0,103.0,103.0,103.0,1.0,35.0,25.0,48.0,69.0,158.0,22.0,0.0,3.0,4.0,4.0,4.0,4.0,4.0,4.0,0.0,3.0,0.0
404,24/06/2026,city scrape,Shadi's place,Shadi,"Ottawa, Canada",f,t,Rideau-Vanier,Private room in condo,Private room,24/06/2026,24/07/2026,t,24/06/2026,21/04/2019,22/10/2023,7.0,10.0,7.0,2.0,1.0,45.0,-75.0,2.0,1.0,2.0,1.0,124.0,3739.0,124.0,30.0,1125.0,30.0,60.0,90.0,365.0,72.0,0.0,0.0,4.0,4.0,4.0,4.0,4.0,4.0,0.0,1.0,0.0
405,02/07/2026,previous scrape,Unique Coach House Experience right Downtown,Short And Suite BnB,"Ottawa, Canada",t,t,Kitchissippi,Entire guesthouse,Entire home/apt,0000-00-00,"""0000-00-00""",t,02/07/2026,30/04/2019,02/03/2026,7.0,6.0,3.0,6.0,2.0,45.0,-75.0,2.0,1.0,2.0,1.0,103.0,1626.0,103.0,30.0,365.0,12.0,29.0,53.0,235.5,22.0,1.0,1.0,4.0,4.0,4.0,4.0,4.0,4.0,1.0,2.0,1.0
406,24/06/2026,city scrape,Charming Private Bedroom in Female Only Residence,Murray,"Ottawa, Canada",t,t,Rideau-Vanier,Private room in townhouse,Private room,01/08/2026,31/08/2026,t,24/06/2026,14/05/2019,01/05/2026,7.0,6.0,3.0,6.0,2.0,45.0,-75.0,2.0,1.0,2.0,1.0,103.0,1626.0,103.0,30.0,365.0,12.0,29.0,53.0,235.5,22.0,1.0,1.0,4.0,4.0,4.0,4.0,4.0,4.0,1.0,2.0,1.0
407,02/07/2026,previous scrape,Master Bedroom & Bathroom in Female only Residence,Murray,"Ottawa, Canada",t,t,Rideau-Vanier,Private room in townhouse,Private room,0000-00-00,"""0000-00-00""",t,02/07/2026,04/05/2019,31/08/2019,7.0,6.0,3.0,6.0,2.0,45.0,-75.0,2.0,1.0,2.0,1.0,103.0,1626.0,103.0,30.0,365.0,12.0,29.0,53.0,235.5,22.0,1.0,1.0,4.0,4.0,4.0,4.0,4.0,4.0,1.0,2.0,1.0
408,24/06/2026,city scrape,Queen Mary Master Bedroom,Christopher,"Ottawa, Canada",f,t,Rideau-Rockcliffe,Private room in home,Private room,01/09/2026,02/10/2026,t,24/06/2026,24/04/2019,28/05/2023,7.0,6.0,3.0,6.0,2.0,45.0,-75.0,2.0,1.0,2.0,1.0,103.0,1626.0,103.0,30.0,365.0,12.0,29.0,53.0,235.5,22.0,1.0,1.0,4.0,4.0,4.0,4.0,4.0,4.0,1.0,2.0,1.0
409,24/06/2026,city scrape,Reno'd 2 BD in Hintonburg  Balcony & Parking,Jennifer,"Ottawa, Canada",t,t,Kitchissippi,Entire rental unit,Entire home/apt,09/08/2026,10/08/2026,t,24/06/2026,14/06/2019,21/06/2026,7.0,6.0,3.0,6.0,2.0,45.0,-75.0,2.0,1.0,2.0,1.0,103.0,1626.0,103.0,30.0,365.0,12.0,29.0,53.0,235.5,22.0,1.0,1.0,4.0,4.0,4.0,4.0,4.0,4.0,1.0,2.0,1.0
410,24/06/2026,city scrape,Great Location! Modern 1 Bedroom with Parking,Lisa,"Ontario, Canada",t,t,Somerset,Entire condo,Entire home/apt,13/07/2026,12/08/2026,t,24/06/2026,13/08/2019,09/05/2026,7.0,6.0,3.0,6.0,2.0,45.0,-75.0,2.0,1.0,2.0,1.0,103.0,1626.0,103.0,30.0,365.0,12.0,29.0,53.0,235.5,22.0,1.0,1.0,4.0,4.0,4.0,4.0,4.0,4.0,1.0,2.0,1.0
411,24/06/2026,city scrape,Carsonby Garden Farms,Tanya,"Ottawa, Canada",f,t,Rideau-Goulbourn,Entire home,Entire home/apt,24/06/2026,24/07/2026,t,24/06/2026,01/07/2019,02/01/2020,7.0,6.0,3.0,6.0,2.0,45.0,-75.0,2.0,1.0,2.0,1.0,103.0,1626.0,103.0,30.0,365.0,12.0,29.0,53.0,235.5,22.0,1.0,1.0,4.0,4.0,4.0,4.0,4.0,4.0,1.0,2.0,1.0
412,24/06/2026,city scrape,Private Unit byAirport/Southkeys/CarletonU,Nidaa,"Ottawa, Canada",f,t,Gloucester-Southgate,Entire guest suite,Entire home/apt,12/07/2026,11/08/2026,t,24/06/2026,06/06/2019,03/11/2024,7.0,6.0,3.0,6.0,2.0,45.0,-75.0,2.0,1.0,2.0,1.0,103.0,1626.0,103.0,30.0,365.0,12.0,29.0,53.0,235.5,22.0,1.0,1.0,4.0,4.0,4.0,4.0,4.0,4.0,1.0,2.0,1.0
413,24/06/2026,city scrape,"Bright, central, spacious 2 BR, 2 bath with den",Linda,"Ottawa, Canada",t,t,College,Entire rental unit,Entire home/apt,29/06/2026,01/07/2026,t,24/06/2026,18/05/2019,31/05/2026,7.0,6.0,3.0,6.0,2.0,45.0,-75.0,2.0,1.0,2.0,1.0,103.0,1626.0,103.0,30.0,365.0,12.0,29.0,53.0,235.5,22.0,1.0,1.0,4.0,4.0,4.0,4.0,4.0,4.0,1.0,2.0,1.0
414,24/06/2026,city scrape,"Luxury 2 BR, 2 Bath Condo, 5 min from the Canal!",Luka,"Ottawa, Canada",f,t,Somerset,Entire condo,Entire home/apt,24/06/2026,24/07/2026,t,24/06/2026,16/05/2019,12/06/2026,7.0,6.0,3.0,6.0,2.0,45.0,-75.0,2.0,1.0,2.0,1.0,103.0,1626.0,103.0,30.0,365.0,12.0,29.0,53.0,235.5,22.0,1.0,1.0,4.0,4.0,4.0,4.0,4.0,4.0,1.0,2.0,1.0
415,24/06/2026,city scrape,Master Bedroom with En-suite in Modern Townhouse,Ray,"Ottawa, Canada",t,t,College,Private room in townhouse,Private room,28/06/2026,30/06/2026,t,24/06/2026,13/09/2020,22/06/2026,7.0,6.0,7.0,1.0,2.0,45.0,-75.0,1.0,1.0,2.0,1.0,106.0,212.0,106.0,2.0,1125.0,22.0,52.0,82.0,357.0,48.0,12.0,10.0,4.0,4.0,4.0,4.0,4.0,4.0,0.0,2.0,0.0
416,24/06/2026,city scrape,Séjour agréable et sécuritaire,Marie Noel,"Ottawa, Canada",f,t,Cumberland,Private room in home,Private room,08/08/2026,07/09/2026,t,24/06/2026,23/06/2019,22/02/2022,7.0,3.0,7.0,3.0,1.0,45.0,-75.0,3.0,1.0,2.0,2.0,88.0,2655.0,88.0,30.0,1125.0,3.0,18.0,48.0,323.0,19.0,0.0,0.0,4.0,4.0,4.0,4.0,4.0,4.0,0.0,1.0,0.0
417,24/06/2026,city scrape,Spacious Modern Townhouse In Quiet Area,Ray,"Ottawa, Canada",t,t,College,Private room in townhouse,Private room,25/06/2026,27/06/2026,t,24/06/2026,22/05/2019,28/05/2026,7.0,6.0,7.0,1.0,2.0,45.0,-75.0,1.0,1.0,2.0,2.0,117.0,234.0,117.0,2.0,90.0,19.0,40.0,70.0,345.0,39.0,7.0,5.0,4.0,4.0,4.0,4.0,4.0,4.0,0.0,2.0,0.0
418,24/06/2026,city scrape,The Craftsman’s Home,Patrick,"Ottawa, Canada",t,t,River,Entire home,Entire home/apt,19/07/2026,24/07/2026,t,24/06/2026,19/05/2019,30/05/2026,7.0,6.0,3.0,6.0,2.0,45.0,-75.0,2.0,1.0,2.0,1.0,103.0,1626.0,103.0,30.0,365.0,12.0,29.0,53.0,235.5,22.0,1.0,1.0,4.0,4.0,4.0,4.0,4.0,4.0,1.0,2.0,1.0
419,24/06/2026,city scrape,Urban Elegance Ottawa,Tony,"Ottawa, Canada",t,t,Somerset,Entire guest suite,Entire home/apt,13/10/2026,12/11/2026,t,24/06/2026,08/06/2019,07/08/2025,7.0,1.0,7.0,1.0,1.0,45.0,-75.0,4.0,1.0,2.0,3.0,145.0,4357.0,145.0,30.0,1125.0,0.0,22.0,29.0,278.0,104.0,2.0,3.0,4.0,4.0,4.0,5.0,4.0,4.0,1.0,1.0,1.0
420,24/06/2026,city scrape,Private Lower Level Walkout Suite,Cory,"Ottawa, Canada",f,t,Gloucester-South Nepean,Entire guest suite,Entire home/apt,24/06/2026,24/07/2026,t,24/06/2026,10,10,7.0,2.0,7.0,2.0,2.0,45.0,-75.0,4.0,1.0,2.0,3.0,173.0,2246.0,173.0,30.0,1125.0,30.0,60.0,90.0,365.0,0.0,0.0,0.0,4.0,4.0,4.0,4.0,4.0,4.0,1.0,2.0,2.0
421,24/06/2026,city scrape,Spacious Basement Apt. 5 Mins from Carleton & Bank,Fahimeh,Canada,f,t,River,Entire condo,Entire home/apt,03/07/2026,05/07/2026,t,24/06/2026,02/09/2019,24/05/2026,8.0,8.0,8.0,2.0,1.0,45.0,-75.0,2.0,1.0,1.0,2.0,207.0,414.0,207.0,2.0,28.0,22.0,38.0,58.0,148.0,29.0,4.0,4.0,4.0,4.0,4.0,4.0,4.0,4.0,0.0,1.0,1.0
422,24/06/2026,city scrape,OTTAWA  VACATION,George,"Ajax, Canada",f,t,Gloucester-Southgate,Private room in condo,Private room,24/06/2026,24/07/2026,t,24/06/2026,12/06/2019,27/06/2022,7.0,11.0,7.0,0.0,1.0,45.0,-75.0,2.0,1.0,2.0,1.0,83.0,2495.0,83.0,30.0,30.0,30.0,60.0,90.0,90.0,4.0,0.0,0.0,4.0,4.0,4.0,4.0,4.0,4.0,0.0,1.0,0.0
423,24/06/2026,city scrape,The Upper Ten,Sandra,"Ottawa, Canada",t,t,Bay,Entire bungalow,Entire home/apt,16/10/2026,15/11/2026,t,24/06/2026,30/07/2019,15/05/2026,10.0,0.0,9.0,5.0,4.0,45.0,-75.0,4.0,1.0,2.0,2.0,109.0,3296.0,109.0,30.0,365.0,19.0,19.0,29.0,280.0,19.0,2.0,4.0,4.0,4.0,4.0,5.0,4.0,4.0,0.0,4.0,4.0
424,24/06/2026,city scrape,Penthouse Living! Luxury Home Heart of Downtown,Tara,"Ottawa, Canada",t,t,Somerset,Entire rental unit,Entire home/apt,29/06/2026,03/07/2026,t,24/06/2026,15/06/2019,21/06/2026,7.0,6.0,3.0,6.0,2.0,45.0,-75.0,2.0,1.0,2.0,1.0,103.0,1626.0,103.0,30.0,365.0,12.0,29.0,53.0,235.5,22.0,1.0,1.0,4.0,4.0,4.0,4.0,4.0,4.0,1.0,2.0,1.0
425,24/06/2026,city scrape,Golden Comfy Relaxation.,Temi,"Ottawa, Canada",f,t,Beacon Hill-Cyrville,Private room in townhouse,Private room,24/06/2026,24/07/2026,t,24/06/2026,16/07/2019,02/10/2021,7.0,6.0,3.0,6.0,2.0,45.0,-75.0,2.0,1.0,2.0,1.0,103.0,1626.0,103.0,30.0,365.0,12.0,29.0,53.0,235.5,22.0,1.0,1.0,4.0,4.0,4.0,4.0,4.0,4.0,1.0,2.0,1.0
426,24/06/2026,city scrape,Private basement suite with free parking,Mathew,"Ottawa, Canada",t,t,Stittsville-Kanata West,Entire home,Entire home/apt,01/11/2026,01/12/2026,t,24/06/2026,04/06/2019,01/12/2025,7.0,0.0,7.0,0.0,1.0,45.0,-75.0,2.0,1.0,1.0,2.0,67.0,2010.0,67.0,30.0,1125.0,0.0,0.0,0.0,140.0,95.0,2.0,4.0,4.0,4.0,4.0,4.0,4.0,4.0,1.0,1.0,1.0
427,24/06/2026,city scrape,ByWard Market/Downtown Ottawa Bachelor Apartement,Danielle,"Ottawa, Canada",t,t,Rideau-Vanier,Entire loft,Entire home/apt,18/07/2026,17/08/2026,t,24/06/2026,24/06/2019,31/05/2026,7.0,6.0,3.0,6.0,2.0,45.0,-75.0,2.0,1.0,2.0,1.0,103.0,1626.0,103.0,30.0,365.0,12.0,29.0,53.0,235.5,22.0,1.0,1.0,4.0,4.0,4.0,4.0,4.0,4.0,1.0,2.0,1.0
428,02/07/2026,previous scrape,Chez Clö/Cozy basement apartment,Claudine,"Ottawa, Canada",f,t,Rideau-Rockcliffe,Entire rental unit,Entire home/apt,0000-00-00,"""0000-00-00""",t,02/07/2026,19/07/2019,30/04/2026,7.0,6.0,3.0,6.0,2.0,45.0,-75.0,2.0,1.0,2.0,1.0,103.0,1626.0,103.0,30.0,365.0,12.0,29.0,53.0,235.5,22.0,1.0,1.0,4.0,4.0,4.0,4.0,4.0,4.0,1.0,2.0,1.0
429,24/06/2026,city scrape,Fully Furnished Clean & Cozy Private Bedroom,Wei,"Ottawa, Canada",t,t,Knoxdale-Merivale,Private room in home,Private room,31/08/2026,30/09/2026,t,24/06/2026,21/01/2020,01/07/2025,8.0,1.0,8.0,1.0,7.0,45.0,-75.0,1.0,1.0,2.0,1.0,32.0,963.0,32.0,30.0,1125.0,0.0,0.0,22.0,202.0,16.0,1.0,1.0,4.0,4.0,4.0,4.0,4.0,4.0,0.0,6.0,0.0
430,02/07/2026,previous scrape,Indian Summer Town 2nd floor Room 2B,Jing Ping,"Ottawa, Canada",f,t,Rideau-Vanier,Private room in home,Private room,0000-00-00,"""0000-00-00""",t,02/07/2026,13/06/2019,23/06/2026,7.0,10.0,7.0,10.0,4.0,45.0,-75.0,1.0,1.0,2.0,2.0,173.0,2246.0,173.0,30.0,1125.0,0.0,13.0,14.0,42.0,94.0,1.0,1.0,4.0,4.0,4.0,4.0,4.0,4.0,1.0,4.0,0.0
431,24/06/2026,city scrape,Co-habit w young professionals Ottawa ED 4,Greg And Valerie,"Ottawa, Canada",t,t,College,Private room in home,Private room,02/08/2026,02/09/2026,t,24/06/2026,28/04/2020,28/04/2020,7.0,6.0,3.0,6.0,2.0,45.0,-75.0,2.0,1.0,2.0,1.0,103.0,1626.0,103.0,30.0,365.0,12.0,29.0,53.0,235.5,22.0,1.0,1.0,4.0,4.0,4.0,4.0,4.0,4.0,1.0,2.0,1.0
432,02/07/2026,previous scrape,Emerald Meadows (Kanata South) 2-bdrm Townhouse,Kelly,"Uxbridge, Canada",f,t,Kanata South,Entire townhouse,Entire home/apt,0000-00-00,"""0000-00-00""",t,02/07/2026,20/06/2019,28/03/2026,7.0,6.0,3.0,6.0,2.0,45.0,-75.0,2.0,1.0,2.0,1.0,103.0,1626.0,103.0,30.0,365.0,12.0,29.0,53.0,235.5,22.0,1.0,1.0,4.0,4.0,4.0,4.0,4.0,4.0,1.0,2.0,1.0
433,24/06/2026,city scrape,Central Park area - 15-20 minutes to Parliament,Alina,"Ottawa, Canada",f,t,River,Private room in guest suite,Private room,24/06/2026,24/07/2026,t,24/06/2026,13/06/2019,01/06/2024,7.0,0.0,7.0,0.0,1.0,45.0,-75.0,5.0,1.0,2.0,2.0,90.0,2713.0,90.0,30.0,1125.0,30.0,60.0,90.0,365.0,17.0,0.0,0.0,4.0,4.0,4.0,4.0,4.0,4.0,0.0,1.0,0.0
434,24/06/2026,city scrape,Very clean and Zen home !,Philippe,"Ottawa, Canada",f,t,Rideau-Vanier,Private room in rental unit,Private room,04/09/2026,04/10/2026,t,24/06/2026,05/02/2024,25/07/2025,7.0,6.0,3.0,6.0,2.0,45.0,-75.0,2.0,1.0,2.0,1.0,103.0,1626.0,103.0,30.0,365.0,12.0,29.0,53.0,235.5,22.0,1.0,1.0,4.0,4.0,4.0,4.0,4.0,4.0,1.0,2.0,1.0
435,24/06/2026,city scrape,1 Guest in shared Furn’d beautiful 3 bedrooms Apt.,Christine,"Ottawa, Canada",t,t,Rideau-Vanier,Private room in rental unit,Private room,01/07/2026,31/07/2026,t,24/06/2026,21/12/2019,01/05/2026,7.0,6.0,3.0,6.0,2.0,45.0,-75.0,2.0,1.0,2.0,1.0,103.0,1626.0,103.0,30.0,365.0,12.0,29.0,53.0,235.5,22.0,1.0,1.0,4.0,4.0,4.0,4.0,4.0,4.0,1.0,2.0,1.0
436,24/06/2026,city scrape,Spacious 1 BR w/ free parking & private patio,Alex,Canada,t,t,Rideau-Rockcliffe,Entire rental unit,Entire home/apt,27/06/2026,29/06/2026,t,24/06/2026,25/02/2022,05/06/2026,7.0,6.0,3.0,6.0,2.0,45.0,-75.0,2.0,1.0,2.0,1.0,103.0,1626.0,103.0,30.0,365.0,12.0,29.0,53.0,235.5,22.0,1.0,1.0,4.0,4.0,4.0,4.0,4.0,4.0,1.0,2.0,1.0
437,24/06/2026,city scrape,1 Guest in Shared Immaculate Furn'd 3 bedroom Apt.,Christine,"Ottawa, Canada",t,t,Rideau-Vanier,Private room in rental unit,Private room,14/09/2026,14/10/2026,t,24/06/2026,22/09/2019,02/05/2026,7.0,6.0,3.0,6.0,2.0,45.0,-75.0,2.0,1.0,2.0,1.0,103.0,1626.0,103.0,30.0,365.0,12.0,29.0,53.0,235.5,22.0,1.0,1.0,4.0,4.0,4.0,4.0,4.0,4.0,1.0,2.0,1.0
438,24/06/2026,city scrape,5bdrm Sauna/Hottub/Arcades/Close to DT and Beach,Lianna,"Ottawa, Canada",f,t,Bay,Entire home,Entire home/apt,06/07/2026,07/07/2026,t,24/06/2026,08/09/2019,28/05/2026,7.0,6.0,3.0,6.0,2.0,45.0,-75.0,2.0,1.0,2.0,1.0,103.0,1626.0,103.0,30.0,365.0,12.0,29.0,53.0,235.5,22.0,1.0,1.0,4.0,4.0,4.0,4.0,4.0,4.0,1.0,2.0,1.0
439,02/07/2026,previous scrape,"Beautiful, Clean, Quiet 2 BR- In Downtown Ottawa.",Helen,"Ottawa, Canada",t,t,Somerset,Entire rental unit,Entire home/apt,26/08/2026,27/08/2026,t,02/07/2026,02/09/2019,28/06/2026,7.0,6.0,3.0,6.0,2.0,45.0,-75.0,2.0,1.0,2.0,1.0,103.0,1626.0,103.0,30.0,365.0,12.0,29.0,53.0,235.5,22.0,1.0,1.0,4.0,4.0,4.0,4.0,4.0,4.0,1.0,2.0,1.0
440,02/07/2026,previous scrape,Luxury Downtown 1BR Suite,Maysa,"Ottawa, Canada",f,t,Somerset,Entire condo,Entire home/apt,27/07/2026,25/09/2026,t,02/07/2026,02/08/2019,03/01/2020,7.0,6.0,3.0,6.0,2.0,45.0,-75.0,2.0,1.0,2.0,1.0,103.0,1626.0,103.0,30.0,365.0,12.0,29.0,53.0,235.5,22.0,1.0,1.0,4.0,4.0,4.0,4.0,4.0,4.0,1.0,2.0,1.0
441,24/06/2026,city scrape,Luxury 2 Bedrooms with Parking close to Airport,Shabnam,"Ottawa, Canada",t,t,Gloucester-Southgate,Entire townhouse,Entire home/apt,05/07/2026,04/08/2026,t,24/06/2026,04/08/2019,25/01/2026,7.0,6.0,3.0,6.0,2.0,45.0,-75.0,2.0,1.0,2.0,1.0,103.0,1626.0,103.0,30.0,365.0,12.0,29.0,53.0,235.5,22.0,1.0,1.0,4.0,4.0,4.0,4.0,4.0,4.0,1.0,2.0,1.0
442,24/06/2026,city scrape,"Private, one bedroom apt. No pets. No smoking.",Dory,"Ottawa, Canada",t,t,Beacon Hill-Cyrville,Entire rental unit,Entire home/apt,23/08/2026,22/09/2026,t,24/06/2026,26/03/2021,17/05/2026,7.0,6.0,3.0,6.0,2.0,45.0,-75.0,2.0,1.0,2.0,1.0,103.0,1626.0,103.0,30.0,365.0,12.0,29.0,53.0,235.5,22.0,1.0,1.0,4.0,4.0,4.0,4.0,4.0,4.0,1.0,2.0,1.0
443,24/06/2026,city scrape,Immaculate Furnished compact Studio in Sandy Hill,Christine,"Ottawa, Canada",t,t,Rideau-Vanier,Entire rental unit,Entire home/apt,02/05/2027,01/06/2027,t,24/06/2026,31/07/2020,15/05/2026,7.0,6.0,3.0,6.0,2.0,45.0,-75.0,2.0,1.0,2.0,1.0,103.0,1626.0,103.0,30.0,365.0,12.0,29.0,53.0,235.5,22.0,1.0,1.0,4.0,4.0,4.0,4.0,4.0,4.0,1.0,2.0,1.0
444,24/06/2026,city scrape,3 bedroom west end town home close to CTC,Caroline,"Ottawa, Canada",f,t,Stittsville-Kanata West,Entire home,Entire home/apt,01/07/2026,31/07/2026,t,24/06/2026,16/07/2019,20/04/2025,10.0,10.0,6.0,11.0,1.0,45.0,-75.0,6.0,1.0,3.0,3.0,128.0,3849.0,128.0,30.0,1125.0,24.0,53.0,53.0,267.0,65.0,0.0,2.0,4.0,4.0,5.0,5.0,4.0,4.0,0.0,1.0,1.0
445,24/06/2026,city scrape,Les Suites Hotel - Modern 1 Bedroom Queen Suite,Les Suites Hotel Ottawa,"Ottawa, Canada",f,t,Rideau-Vanier,Room in hotel,Hotel room,25/06/2026,26/06/2026,t,24/06/2026,15/08/2019,09/06/2026,7.0,2.0,6.0,10.0,3.0,45.0,-75.0,4.0,1.0,1.0,2.0,280.0,280.0,280.0,1.0,1125.0,15.0,34.0,55.0,315.0,66.0,15.0,14.0,4.0,4.0,4.0,4.0,4.0,4.0,0.0,3.0,0.0
446,24/06/2026,city scrape,Les Suites Hotel - Modern 1 Bedroom King Suite,Les Suites Hotel Ottawa,"Ottawa, Canada",f,t,Rideau-Vanier,Room in hotel,Hotel room,25/06/2026,26/06/2026,t,24/06/2026,29/12/2019,27/05/2026,7.0,2.0,6.0,10.0,3.0,45.0,-75.0,4.0,1.0,1.0,2.0,303.0,303.0,303.0,1.0,1125.0,19.0,41.0,68.0,343.0,61.0,6.0,9.0,4.0,4.0,4.0,4.0,4.0,4.0,0.0,3.0,0.0
447,24/06/2026,city scrape,Les Suites Hotel - Modern Two Bedroom Family Suite,Les Suites Hotel Ottawa,"Ottawa, Canada",f,t,Rideau-Vanier,Room in hotel,Hotel room,25/06/2026,26/06/2026,t,24/06/2026,31/08/2019,07/06/2026,7.0,6.0,3.0,6.0,2.0,45.0,-75.0,2.0,1.0,2.0,1.0,103.0,1626.0,103.0,30.0,365.0,12.0,29.0,53.0,235.5,22.0,1.0,1.0,4.0,4.0,4.0,4.0,4.0,4.0,1.0,2.0,1.0
448,24/06/2026,city scrape,Renovated 2 Bdrm with Parking minutes to Downtown,Lisa,"Ontario, Canada",t,t,Rideau-Rockcliffe,Entire rental unit,Entire home/apt,02/08/2026,01/09/2026,t,24/06/2026,08/08/2019,26/05/2026,7.0,6.0,3.0,6.0,2.0,45.0,-75.0,2.0,1.0,2.0,1.0,103.0,1626.0,103.0,30.0,365.0,12.0,29.0,53.0,235.5,22.0,1.0,1.0,4.0,4.0,4.0,4.0,4.0,4.0,1.0,2.0,1.0
449,24/06/2026,city scrape,Sandy Hill Beauty,Emilie,"Ottawa, Canada",f,t,Rideau-Vanier,Entire rental unit,Entire home/apt,24/06/2026,24/07/2026,t,24/06/2026,05/07/2020,31/08/2023,7.0,6.0,3.0,6.0,2.0,45.0,-75.0,2.0,1.0,2.0,1.0,103.0,1626.0,103.0,30.0,365.0,12.0,29.0,53.0,235.5,22.0,1.0,1.0,4.0,4.0,4.0,4.0,4.0,4.0,1.0,2.0,1.0
450,24/06/2026,city scrape,"Family home in Barrhaven, Ottawa Canada.",Chikezirim,"Ottawa, Canada",t,t,Gloucester-South Nepean,Entire home,Entire home/apt,28/07/2026,31/07/2026,t,24/06/2026,24/08/2019,21/06/2026,7.0,6.0,3.0,6.0,2.0,45.0,-75.0,2.0,1.0,2.0,1.0,103.0,1626.0,103.0,30.0,365.0,12.0,29.0,53.0,235.5,22.0,1.0,1.0,4.0,4.0,4.0,4.0,4.0,4.0,1.0,2.0,1.0
451,02/07/2026,previous scrape,La Petite Maison,Eric,"Ottawa, Canada",f,t,Alta Vista,Entire rental unit,Entire home/apt,0000-00-00,"""0000-00-00""",t,02/07/2026,27/07/2019,24/05/2026,7.0,6.0,3.0,6.0,2.0,45.0,-75.0,2.0,1.0,2.0,1.0,103.0,1626.0,103.0,30.0,365.0,12.0,29.0,53.0,235.5,22.0,1.0,1.0,4.0,4.0,4.0,4.0,4.0,4.0,1.0,2.0,1.0
452,02/07/2026,previous scrape,Turn Key 100 percent Fully Furnished House,Ali,"Ottawa, Canada",f,t,Bay,Entire home,Entire home/apt,0000-00-00,"""0000-00-00""",t,02/07/2026,28/07/2019,06/06/2022,8.0,0.0,8.0,0.0,1.0,45.0,-75.0,3.0,1.0,2.0,2.0,173.0,2246.0,173.0,30.0,30.0,0.0,0.0,0.0,0.0,50.0,0.0,0.0,4.0,4.0,4.0,4.0,4.0,4.0,0.0,1.0,1.0
453,24/06/2026,city scrape,"Private Room close to airport, female guest only",Cristine,"Ottawa, Canada",t,t,River,Private room in townhouse,Private room,01/07/2026,02/07/2026,t,24/06/2026,08/08/2019,06/09/2025,8.0,3.0,8.0,0.0,6.0,45.0,-75.0,1.0,1.0,2.0,1.0,115.0,115.0,115.0,1.0,1125.0,23.0,53.0,83.0,358.0,14.0,1.0,1.0,4.0,4.0,4.0,4.0,4.0,4.0,0.0,2.0,0.0
454,24/06/2026,city scrape,cozy 2 bedrooms semi-basment. Close to downtown,Leilany,"Ottawa, Canada",t,t,Rideau-Rockcliffe,Entire rental unit,Entire home/apt,25/07/2026,27/07/2026,t,24/06/2026,05/08/2019,19/06/2026,7.0,6.0,3.0,6.0,2.0,45.0,-75.0,2.0,1.0,2.0,1.0,103.0,1626.0,103.0,30.0,365.0,12.0,29.0,53.0,235.5,22.0,1.0,1.0,4.0,4.0,4.0,4.0,4.0,4.0,1.0,2.0,1.0
455,24/06/2026,city scrape,Victoria ! 1890's Victorian Downtown Ottawa .,Paul,"Ottawa, Canada",t,t,Rideau-Vanier,Entire home,Entire home/apt,26/07/2026,28/07/2026,t,24/06/2026,05/08/2019,20/06/2026,7.0,6.0,3.0,6.0,2.0,45.0,-75.0,2.0,1.0,2.0,1.0,103.0,1626.0,103.0,30.0,365.0,12.0,29.0,53.0,235.5,22.0,1.0,1.0,4.0,4.0,4.0,4.0,4.0,4.0,1.0,2.0,1.0
456,24/06/2026,city scrape,Cozy Double Guest Room with Shared Bath,Badri,"Ottawa, Canada",f,t,Gloucester-Southgate,Private room in home,Private room,01/11/2026,01/12/2026,t,24/06/2026,16/08/2019,02/01/2022,8.0,8.0,7.0,11.0,3.0,45.0,-75.0,1.0,1.0,2.0,1.0,44.0,1344.0,44.0,30.0,120.0,4.0,13.0,21.0,98.0,40.0,0.0,0.0,4.0,4.0,4.0,4.0,4.0,4.0,0.0,3.0,0.0
457,24/06/2026,city scrape,Westboro Townhouse 1 Bedroom & Office Free Parking,Tim,"Ottawa, Canada",f,t,Kitchissippi,Private room in townhouse,Private room,25/06/2026,25/07/2026,t,24/06/2026,10,10,9.0,1.0,9.0,1.0,1.0,45.0,-75.0,2.0,1.0,2.0,2.0,79.0,2391.0,79.0,30.0,1125.0,29.0,59.0,89.0,89.0,0.0,0.0,0.0,4.0,4.0,4.0,4.0,4.0,4.0,1.0,1.0,0.0
458,24/06/2026,city scrape,Beautiful townhouse in Orleans near everything,Anita,"Ottawa, Canada",f,t,Orleans,Entire townhouse,Entire home/apt,25/06/2026,25/07/2026,t,24/06/2026,02/09/2019,16/09/2019,7.0,6.0,3.0,6.0,2.0,45.0,-75.0,2.0,1.0,2.0,1.0,103.0,1626.0,103.0,30.0,365.0,12.0,29.0,53.0,235.5,22.0,1.0,1.0,4.0,4.0,4.0,4.0,4.0,4.0,1.0,2.0,1.0
459,02/07/2026,previous scrape,Safe Haven,Fatima,"Ottawa, Canada",f,t,Rideau-Rockcliffe,Private room in home,Private room,0000-00-00,"""0000-00-00""",t,02/07/2026,12/09/2019,25/08/2022,8.0,11.0,6.0,10.0,1.0,45.0,-75.0,4.0,1.0,2.0,2.0,173.0,2246.0,173.0,30.0,60.0,0.0,0.0,0.0,0.0,42.0,0.0,0.0,4.0,4.0,4.0,4.0,4.0,4.0,0.0,1.0,0.0
460,02/07/2026,previous scrape,"Plan a Peaceful, comfortable stay by choosing us",Mest,"Ottawa, Canada",f,t,Bay,Entire home,Entire home/apt,0000-00-00,"""0000-00-00""",t,02/07/2026,30/12/2019,31/07/2025,7.0,6.0,3.0,6.0,2.0,45.0,-75.0,2.0,1.0,2.0,1.0,103.0,1626.0,103.0,30.0,365.0,12.0,29.0,53.0,235.5,22.0,1.0,1.0,4.0,4.0,4.0,4.0,4.0,4.0,1.0,2.0,1.0
461,24/06/2026,city scrape,Cozy home steps to ByWard Market and Parliament,Richard,"Toronto, Canada",t,t,Rideau-Vanier,Entire home,Entire home/apt,16/08/2026,15/09/2026,t,24/06/2026,20/10/2019,02/09/2025,7.0,6.0,3.0,6.0,2.0,45.0,-75.0,2.0,1.0,2.0,1.0,103.0,1626.0,103.0,30.0,365.0,12.0,29.0,53.0,235.5,22.0,1.0,1.0,4.0,4.0,4.0,4.0,4.0,4.0,1.0,2.0,1.0
462,24/06/2026,city scrape,"Hidden Gem, Clean 1 BDR, Charming Neighbourhood !",Vincent,"Ottawa, Canada",t,t,Rideau-Rockcliffe,Entire guest suite,Entire home/apt,24/06/2026,24/07/2026,t,24/06/2026,30/08/2019,16/12/2025,7.0,6.0,3.0,6.0,2.0,45.0,-75.0,2.0,1.0,2.0,1.0,103.0,1626.0,103.0,30.0,365.0,12.0,29.0,53.0,235.5,22.0,1.0,1.0,4.0,4.0,4.0,4.0,4.0,4.0,1.0,2.0,1.0
463,24/06/2026,city scrape,1 Guest for Immacul. Furn'd 4 Bedrms. Shared Apt.,Christine,"Ottawa, Canada",t,t,Rideau-Vanier,Private room in rental unit,Private room,26/09/2026,26/10/2026,t,24/06/2026,05/06/2022,01/05/2026,7.0,6.0,3.0,6.0,2.0,45.0,-75.0,2.0,1.0,2.0,1.0,103.0,1626.0,103.0,30.0,365.0,12.0,29.0,53.0,235.5,22.0,1.0,1.0,4.0,4.0,4.0,4.0,4.0,4.0,1.0,2.0,1.0
464,24/06/2026,city scrape,Historic luxury townhouse - Long term flat rate,Alexandre,"Ottawa, Canada",f,t,Rideau-Vanier,Entire townhouse,Entire home/apt,18/07/2026,17/08/2026,t,24/06/2026,08/09/2019,01/07/2024,7.0,6.0,3.0,6.0,2.0,45.0,-75.0,2.0,1.0,2.0,1.0,103.0,1626.0,103.0,30.0,365.0,12.0,29.0,53.0,235.5,22.0,1.0,1.0,4.0,4.0,4.0,4.0,4.0,4.0,1.0,2.0,1.0
465,24/06/2026,city scrape,Beautiful bachelor unit in the heart of Ottawa,Auday,"Ottawa, Canada",t,t,Alta Vista,Entire guest suite,Entire home/apt,30/06/2026,30/07/2026,t,24/06/2026,02/03/2022,30/08/2025,6.0,9.0,4.0,3.0,2.0,45.0,-75.0,2.0,1.0,1.0,2.0,87.0,2621.0,87.0,30.0,365.0,24.0,54.0,84.0,359.0,101.0,4.0,11.0,4.0,4.0,4.0,4.0,4.0,4.0,1.0,2.0,2.0
466,24/06/2026,city scrape,Exec master suite  w/En-suite bath/Core/Canal,Tara,"Ottawa, Canada",t,t,Somerset,Private room in home,Private room,26/06/2026,27/06/2026,t,24/06/2026,05/10/2019,18/06/2026,9.0,2.0,9.0,2.0,5.0,45.0,-75.0,2.0,1.0,2.0,1.0,245.0,245.0,245.0,1.0,1125.0,14.0,36.0,60.0,325.0,126.0,26.0,27.0,4.0,4.0,4.0,4.0,4.0,4.0,1.0,5.0,0.0
467,24/06/2026,city scrape,Downtown/Canal -Modern Quiet Suite/Deck,Tara,"Ottawa, Canada",t,t,Somerset,Private room in home,Private room,24/06/2026,25/06/2026,t,24/06/2026,06/10/2019,21/06/2026,9.0,2.0,9.0,2.0,5.0,45.0,-75.0,2.0,1.0,2.0,1.0,165.0,165.0,165.0,1.0,1125.0,16.0,41.0,66.0,341.0,161.0,38.0,37.0,4.0,4.0,4.0,4.0,4.0,4.0,1.0,5.0,0.0
468,24/06/2026,city scrape,Downtown Core/Canal-Modern Quiet Room,Tara,"Ottawa, Canada",t,t,Somerset,Private room in home,Private room,10/07/2026,11/07/2026,t,24/06/2026,04/10/2019,30/05/2026,7.0,6.0,3.0,6.0,2.0,45.0,-75.0,2.0,1.0,2.0,1.0,103.0,1626.0,103.0,30.0,365.0,12.0,29.0,53.0,235.5,22.0,1.0,1.0,4.0,4.0,4.0,4.0,4.0,4.0,1.0,2.0,1.0
469,24/06/2026,city scrape,"Downtown/Canal-Modern, ensuite room",Tara,"Ottawa, Canada",t,t,Somerset,Private room in home,Private room,28/06/2026,29/06/2026,t,24/06/2026,04/10/2019,15/06/2026,7.0,6.0,3.0,6.0,2.0,45.0,-75.0,2.0,1.0,2.0,1.0,103.0,1626.0,103.0,30.0,365.0,12.0,29.0,53.0,235.5,22.0,1.0,1.0,4.0,4.0,4.0,4.0,4.0,4.0,1.0,2.0,1.0
470,24/06/2026,city scrape,"Downtown/canal-Modern, Quiet Room w/Private Bath",Tara,"Ottawa, Canada",t,t,Somerset,Private room in home,Private room,25/06/2026,26/06/2026,t,24/06/2026,05/10/2019,25/05/2026,7.0,6.0,3.0,6.0,2.0,45.0,-75.0,2.0,1.0,2.0,1.0,103.0,1626.0,103.0,30.0,365.0,12.0,29.0,53.0,235.5,22.0,1.0,1.0,4.0,4.0,4.0,4.0,4.0,4.0,1.0,2.0,1.0
471,24/06/2026,city scrape,Master Bdrm w/ Ensuite Spa Bathroom and Breakfast,Stephanie,"Ottawa, Canada",f,t,Rideau-Rockcliffe,Private room in townhouse,Private room,25/06/2026,25/07/2026,t,24/06/2026,29/09/2019,01/06/2022,7.0,6.0,3.0,6.0,2.0,45.0,-75.0,2.0,1.0,2.0,1.0,103.0,1626.0,103.0,30.0,365.0,12.0,29.0,53.0,235.5,22.0,1.0,1.0,4.0,4.0,4.0,4.0,4.0,4.0,1.0,2.0,1.0
472,24/06/2026,city scrape,FEMALE HOUSEHOLD accepting applications,Cynthia,"Ottawa, Canada",f,t,College,Entire bungalow,Entire home/apt,26/06/2026,26/07/2026,t,24/06/2026,10,10,7.0,6.0,3.0,6.0,2.0,45.0,-75.0,2.0,1.0,2.0,1.0,103.0,1626.0,103.0,30.0,365.0,12.0,29.0,53.0,235.5,22.0,1.0,1.0,4.0,4.0,4.0,4.0,4.0,4.0,1.0,2.0,1.0
473,02/07/2026,previous scrape,Co-habit w/young professionals Ottawa ED 2,Greg And Valerie,"Ottawa, Canada",t,t,College,Private room in home,Private room,18/04/2027,17/06/2027,t,02/07/2026,26/08/2023,18/08/2024,7.0,6.0,3.0,6.0,2.0,45.0,-75.0,2.0,1.0,2.0,1.0,103.0,1626.0,103.0,30.0,365.0,12.0,29.0,53.0,235.5,22.0,1.0,1.0,4.0,4.0,4.0,4.0,4.0,4.0,1.0,2.0,1.0
474,24/06/2026,city scrape,"Beautiful Spacious apartment, close to downtown",Bich Nguyen,"Ottawa, Canada",t,t,Somerset,Entire rental unit,Entire home/apt,20/07/2026,23/07/2026,t,24/06/2026,25/11/2019,25/05/2026,8.0,0.0,6.0,7.0,1.0,45.0,-75.0,2.0,1.0,1.0,1.0,150.0,451.0,150.0,3.0,365.0,11.0,31.0,61.0,336.0,92.0,20.0,20.0,4.0,4.0,4.0,4.0,4.0,4.0,1.0,1.0,1.0
475,02/07/2026,previous scrape,Blossom Park Cozy Basement Studio,Jonathan,"Ottawa, Canada",t,t,Gloucester-Southgate,Entire guest suite,Entire home/apt,06/07/2026,07/07/2026,t,02/07/2026,17/10/2019,25/06/2026,7.0,6.0,3.0,6.0,2.0,45.0,-75.0,2.0,1.0,2.0,1.0,103.0,1626.0,103.0,30.0,365.0,12.0,29.0,53.0,235.5,22.0,1.0,1.0,4.0,4.0,4.0,4.0,4.0,4.0,1.0,2.0,1.0
476,24/06/2026,city scrape,Arc Studio-Netflix/Disney+/Pancake-Popcorn/Firepla,Quantumluv,"Ottawa, Canada",f,t,Orleans,Entire rental unit,Entire home/apt,24/06/2026,24/07/2026,t,24/06/2026,29/09/2019,29/06/2025,10.0,5.0,7.0,9.0,3.0,45.0,-75.0,4.0,1.0,2.0,3.0,96.0,2889.0,96.0,30.0,1125.0,30.0,60.0,90.0,270.0,79.0,2.0,2.0,4.0,4.0,4.0,4.0,4.0,4.0,0.0,3.0,3.0
477,24/06/2026,city scrape,Bright & Cozy Bachelor Apartment,Martin,"Ottawa, Canada",f,t,Rideau-Vanier,Entire rental unit,Entire home/apt,01/01/2027,31/01/2027,t,24/06/2026,01/12/2019,30/04/2026,11.0,11.0,6.0,8.0,1.0,45.0,-75.0,3.0,1.0,2.0,1.0,50.0,1525.0,50.0,30.0,1125.0,0.0,0.0,0.0,174.0,33.0,3.0,3.0,4.0,4.0,4.0,5.0,4.0,4.0,0.0,1.0,1.0
478,02/07/2026,previous scrape,Pied-à-Terre in the Glebe,Randa,"Ottawa, Canada",f,t,Capital,Entire rental unit,Entire home/apt,0000-00-00,"""0000-00-00""",t,02/07/2026,22/11/2019,16/01/2026,7.0,6.0,3.0,6.0,2.0,45.0,-75.0,2.0,1.0,2.0,1.0,103.0,1626.0,103.0,30.0,365.0,12.0,29.0,53.0,235.5,22.0,1.0,1.0,4.0,4.0,4.0,4.0,4.0,4.0,1.0,2.0,1.0
479,24/06/2026,city scrape,Trendy Spacious One Bedroom Apartment,Pamela,"Ottawa, Canada",f,t,Rideau-Vanier,Entire rental unit,Entire home/apt,25/06/2026,25/07/2026,t,24/06/2026,29/05/2020,30/04/2021,11.0,0.0,11.0,0.0,1.0,45.0,-75.0,2.0,1.0,1.0,1.0,121.0,3659.0,121.0,30.0,365.0,29.0,59.0,89.0,179.0,3.0,0.0,0.0,4.0,4.0,4.0,4.0,4.0,4.0,0.0,1.0,1.0
480,24/06/2026,city scrape,Zen Studio -Netflix-Popcorn-Pancakes-Disney+/beach,Quantumluv,"Ottawa, Canada",f,t,Orleans,Entire loft,Entire home/apt,24/06/2026,24/07/2026,t,24/06/2026,17/10/2019,05/04/2024,10.0,5.0,7.0,9.0,3.0,45.0,-75.0,5.0,1.0,2.0,1.0,78.0,2357.0,78.0,30.0,365.0,30.0,60.0,90.0,270.0,106.0,0.0,0.0,4.0,4.0,4.0,4.0,4.0,4.0,1.0,3.0,3.0
481,24/06/2026,city scrape,STYLISH-MODERN Condo heart DT Ottawa !,Roshan,"Ottawa, Canada",f,t,Somerset,Entire condo,Entire home/apt,26/07/2026,25/08/2026,t,24/06/2026,24/10/2019,11/11/2020,7.0,6.0,3.0,6.0,2.0,45.0,-75.0,2.0,1.0,2.0,1.0,103.0,1626.0,103.0,30.0,365.0,12.0,29.0,53.0,235.5,22.0,1.0,1.0,4.0,4.0,4.0,4.0,4.0,4.0,1.0,2.0,1.0
482,24/06/2026,city scrape,Sunshine studio - great studio -heart of downtown,Marni,"Mississippi Mills, Canada",t,t,Somerset,Entire rental unit,Entire home/apt,31/08/2026,30/09/2026,t,24/06/2026,03/11/2019,25/05/2026,7.0,6.0,3.0,6.0,2.0,45.0,-75.0,2.0,1.0,2.0,1.0,103.0,1626.0,103.0,30.0,365.0,12.0,29.0,53.0,235.5,22.0,1.0,1.0,4.0,4.0,4.0,4.0,4.0,4.0,1.0,2.0,1.0
483,24/06/2026,city scrape,Furnished room available in uplands close airport,Iffat,"Kamloops, Canada",f,t,River,Private room in home,Private room,26/06/2026,26/07/2026,t,24/06/2026,10,10,7.0,6.0,3.0,6.0,2.0,45.0,-75.0,2.0,1.0,2.0,1.0,103.0,1626.0,103.0,30.0,365.0,12.0,29.0,53.0,235.5,22.0,1.0,1.0,4.0,4.0,4.0,4.0,4.0,4.0,1.0,2.0,1.0
484,24/06/2026,city scrape,Cozy Quiet Carp Location,Kerry,"Ottawa, Canada",t,t,West Carleton-March,Private room in guest suite,Private room,28/06/2026,29/06/2026,t,24/06/2026,22/05/2023,07/06/2026,7.0,6.0,3.0,6.0,2.0,45.0,-75.0,2.0,1.0,2.0,1.0,103.0,1626.0,103.0,30.0,365.0,12.0,29.0,53.0,235.5,22.0,1.0,1.0,4.0,4.0,4.0,4.0,4.0,4.0,1.0,2.0,1.0
485,24/06/2026,city scrape,Private basement suite,Sandra,"Ottawa, Canada",t,t,Gloucester-South Nepean,Private room in home,Private room,26/06/2026,28/06/2026,t,24/06/2026,16/12/2019,01/06/2026,11.0,11.0,6.0,7.0,1.0,45.0,-75.0,2.0,1.0,2.0,1.0,152.0,304.0,152.0,2.0,28.0,6.0,7.0,7.0,92.0,40.0,14.0,10.0,4.0,4.0,4.0,4.0,4.0,4.0,0.0,1.0,0.0
486,24/06/2026,city scrape,A private room in a cozy bungalow,Naresh,Canada,t,t,Alta Vista,Private room in bungalow,Private room,24/06/2026,24/07/2026,t,24/06/2026,25/11/2019,07/10/2025,8.0,4.0,6.0,7.0,2.0,45.0,-75.0,1.0,1.0,2.0,1.0,38.0,1153.0,38.0,30.0,60.0,30.0,60.0,90.0,90.0,50.0,2.0,3.0,4.0,4.0,4.0,4.0,4.0,4.0,0.0,2.0,0.0
487,24/06/2026,city scrape,"Old Ottawa South 1bdm apartment, #832041",Julie,"Ottawa, Canada",f,t,Capital,Entire guest suite,Entire home/apt,01/09/2026,03/09/2026,t,24/06/2026,17/02/2020,24/04/2026,10.0,8.0,8.0,8.0,1.0,45.0,-75.0,2.0,1.0,1.0,3.0,197.0,394.0,197.0,2.0,5.0,0.0,0.0,21.0,107.0,72.0,22.0,24.0,4.0,4.0,4.0,4.0,4.0,4.0,0.0,1.0,1.0
488,02/07/2026,previous scrape,Large Century Home in Glebe,Corey,"Ottawa, Canada",f,t,Capital,Entire home,Entire home/apt,0000-00-00,"""0000-00-00""",t,02/07/2026,21/02/2022,19/05/2026,7.0,6.0,3.0,6.0,2.0,45.0,-75.0,2.0,1.0,2.0,1.0,103.0,1626.0,103.0,30.0,365.0,12.0,29.0,53.0,235.5,22.0,1.0,1.0,4.0,4.0,4.0,4.0,4.0,4.0,1.0,2.0,1.0
489,24/06/2026,city scrape,Spacious Private bedroom + balcony for rent!,Luisa,"Ottawa, Canada",t,t,River,Private room in townhouse,Private room,21/08/2026,20/09/2026,t,24/06/2026,20/01/2023,05/04/2026,7.0,6.0,3.0,6.0,2.0,45.0,-75.0,2.0,1.0,2.0,1.0,103.0,1626.0,103.0,30.0,365.0,12.0,29.0,53.0,235.5,22.0,1.0,1.0,4.0,4.0,4.0,4.0,4.0,4.0,1.0,2.0,1.0
490,24/06/2026,city scrape,"Chic, Renovated Unit with Parking & All Amenities",Phil,"Ottawa, Canada",f,t,Somerset,Entire rental unit,Entire home/apt,30/09/2026,30/10/2026,t,24/06/2026,17/02/2020,31/08/2020,7.0,6.0,3.0,6.0,2.0,45.0,-75.0,2.0,1.0,2.0,1.0,103.0,1626.0,103.0,30.0,365.0,12.0,29.0,53.0,235.5,22.0,1.0,1.0,4.0,4.0,4.0,4.0,4.0,4.0,1.0,2.0,1.0
491,24/06/2026,city scrape,BOHO BOUTIQUE IN THE HEART OF THE BYWARD MARKET,Jenny,"Ottawa, Canada",t,t,Rideau-Vanier,Entire rental unit,Entire home/apt,25/06/2026,25/07/2026,t,24/06/2026,18/12/2019,25/11/2025,7.0,6.0,3.0,6.0,2.0,45.0,-75.0,2.0,1.0,2.0,1.0,103.0,1626.0,103.0,30.0,365.0,12.0,29.0,53.0,235.5,22.0,1.0,1.0,4.0,4.0,4.0,4.0,4.0,4.0,1.0,2.0,1.0
492,24/06/2026,city scrape,Modern family home in ByWard Market,Richard,"Toronto, Canada",t,t,Rideau-Vanier,Entire townhouse,Entire home/apt,24/08/2026,23/09/2026,t,24/06/2026,27/12/2019,10/10/2025,7.0,6.0,3.0,6.0,2.0,45.0,-75.0,2.0,1.0,2.0,1.0,103.0,1626.0,103.0,30.0,365.0,12.0,29.0,53.0,235.5,22.0,1.0,1.0,4.0,4.0,4.0,4.0,4.0,4.0,1.0,2.0,1.0
493,24/06/2026,city scrape,"Studio w/kitchen, 5m to Hwy 417, 15m to Downtown",Sarel,"Ottawa, Canada",t,t,River,Entire guest suite,Entire home/apt,29/06/2026,30/06/2026,t,24/06/2026,25/12/2019,17/06/2026,7.0,6.0,3.0,6.0,2.0,45.0,-75.0,2.0,1.0,2.0,1.0,103.0,1626.0,103.0,30.0,365.0,12.0,29.0,53.0,235.5,22.0,1.0,1.0,4.0,4.0,4.0,4.0,4.0,4.0,1.0,2.0,1.0
494,24/06/2026,city scrape,𝐖𝐡𝐨𝐥𝐞 𝐏𝐫𝐢𝐯𝐚𝐭𝐞 𝐀𝐩𝐚𝐫𝐭𝐦𝐞𝐧𝐭,Tamer,"Ottawa, Canada",f,t,Barrhaven,Entire rental unit,Entire home/apt,01/10/2026,31/10/2026,t,24/06/2026,26/12/2019,13/04/2026,2.0,10.0,2.0,10.0,1.0,45.0,-75.0,2.0,1.0,1.0,1.0,68.0,2061.0,68.0,30.0,1125.0,0.0,0.0,0.0,266.0,37.0,5.0,3.0,4.0,4.0,4.0,4.0,4.0,4.0,0.0,1.0,1.0
495,24/06/2026,city scrape,"Aroma Studio by Petrie  Netflix, Popcorn Pancakes",Quantumluv,"Ottawa, Canada",f,t,Orleans,Entire loft,Entire home/apt,24/06/2026,24/07/2026,t,24/06/2026,22/12/2019,11/02/2023,6.0,11.0,6.0,6.0,9.0,45.0,-75.0,4.0,1.0,2.0,2.0,99.0,2978.0,99.0,30.0,1125.0,30.0,60.0,90.0,365.0,60.0,0.0,0.0,4.0,4.0,4.0,4.0,4.0,4.0,0.0,2.0,2.0
496,24/06/2026,city scrape,Executive Condo (boutique hotel-like),Hue Thanh,"Ottawa, Canada",f,t,Knoxdale-Merivale,Entire condo,Entire home/apt,02/07/2026,03/07/2026,t,24/06/2026,02/02/2020,28/05/2026,7.0,6.0,3.0,6.0,2.0,45.0,-75.0,2.0,1.0,2.0,1.0,103.0,1626.0,103.0,30.0,365.0,12.0,29.0,53.0,235.5,22.0,1.0,1.0,4.0,4.0,4.0,4.0,4.0,4.0,1.0,2.0,1.0
497,24/06/2026,city scrape,KASHY HOMES-Ravishing 3 story home near DT&Airport,Kashy,"Ottawa, Canada",t,t,Gloucester-Southgate,Entire home,Entire home/apt,28/06/2026,28/07/2026,t,24/06/2026,18/03/2020,06/08/2024,7.0,6.0,3.0,6.0,2.0,45.0,-75.0,2.0,1.0,2.0,1.0,103.0,1626.0,103.0,30.0,365.0,12.0,29.0,53.0,235.5,22.0,1.0,1.0,4.0,4.0,4.0,4.0,4.0,4.0,1.0,2.0,1.0
498,24/06/2026,city scrape,"Room rental in a family home, female guest only",Cristine,"Ottawa, Canada",t,t,River,Private room in townhouse,Private room,26/06/2026,26/07/2026,t,24/06/2026,31/07/2024,31/07/2024,7.0,6.0,3.0,6.0,2.0,45.0,-75.0,2.0,1.0,2.0,1.0,103.0,1626.0,103.0,30.0,365.0,12.0,29.0,53.0,235.5,22.0,1.0,1.0,4.0,4.0,4.0,4.0,4.0,4.0,1.0,2.0,1.0
499,24/06/2026,city scrape,"Zen Studio-Netflix,Popcorn,Pancakes",Quantumluv,"Ottawa, Canada",f,t,Orleans,Entire loft,Entire home/apt,24/06/2026,24/07/2026,t,24/06/2026,03/05/2020,31/08/2021,6.0,11.0,6.0,6.0,9.0,45.0,-75.0,5.0,1.0,2.0,2.0,90.0,2718.0,90.0,30.0,30.0,30.0,60.0,90.0,365.0,29.0,0.0,0.0,4.0,4.0,4.0,4.0,4.0,4.0,0.0,2.0,2.0
500,24/06/2026,city scrape,Private room and washroom,Chelsea,"Thorold, Canada",f,t,Rideau-Vanier,Private room in condo,Private room,01/07/2026,31/07/2026,t,24/06/2026,10,10,6.0,7.0,6.0,6.0,1.0,45.0,-75.0,2.0,1.0,2.0,1.0,45.0,1377.0,45.0,30.0,1125.0,23.0,53.0,83.0,280.0,0.0,0.0,0.0,4.0,4.0,4.0,4.0,4.0,4.0,1.0,1.0,0.0
501,24/06/2026,city scrape,Modern spacious suite near hospital (free parking),Adam,"Ottawa, Canada",t,t,Alta Vista,Entire guest suite,Entire home/apt,06/07/2026,09/07/2026,t,24/06/2026,21/01/2020,11/06/2026,9.0,1.0,6.0,6.0,1.0,45.0,-75.0,2.0,1.0,1.0,2.0,173.0,520.0,173.0,3.0,1125.0,7.0,15.0,23.0,44.0,150.0,13.0,18.0,4.0,4.0,4.0,4.0,4.0,4.0,1.0,1.0,1.0
502,24/06/2026,city scrape,Stylish Private bedroom in Female Only Residence,Murray,"Ottawa, Canada",t,t,Rideau-Vanier,Private room in townhouse,Private room,31/10/2026,30/11/2026,t,24/06/2026,07/06/2021,06/12/2025,7.0,3.0,7.0,3.0,10.0,45.0,-75.0,1.0,1.0,2.0,1.0,51.0,1547.0,51.0,30.0,1125.0,0.0,12.0,12.0,248.0,12.0,2.0,2.0,4.0,4.0,5.0,5.0,4.0,4.0,0.0,10.0,0.0
503,24/06/2026,city scrape,"Clean, beautiful and affordable bedroom free wifi.",Emmanuel,"Glasgow, United Kingdom",f,t,Rideau-Rockcliffe,Private room in rental unit,Private room,24/06/2026,24/07/2026,t,24/06/2026,10,10,6.0,11.0,6.0,5.0,1.0,45.0,-75.0,2.0,1.0,2.0,1.0,99.0,2997.0,99.0,30.0,1125.0,30.0,60.0,90.0,270.0,0.0,0.0,0.0,4.0,4.0,4.0,4.0,4.0,4.0,1.0,1.0,0.0
504,24/06/2026,city scrape,Beechwood Village-dog friendly!,Kaye,"Ottawa, Canada",f,t,Rideau-Vanier,Private room in rental unit,Private room,26/06/2026,26/07/2026,t,24/06/2026,31/03/2020,31/03/2020,7.0,6.0,3.0,6.0,2.0,45.0,-75.0,2.0,1.0,2.0,1.0,103.0,1626.0,103.0,30.0,365.0,12.0,29.0,53.0,235.5,22.0,1.0,1.0,4.0,4.0,4.0,4.0,4.0,4.0,1.0,2.0,1.0
505,02/07/2026,previous scrape,FURNISHED Large Bedroom basement General Hospital,Paul,"Ottawa, Canada",f,t,Alta Vista,Private room in home,Private room,02/07/2026,29/12/2026,t,02/07/2026,17/01/2020,15/03/2020,7.0,6.0,3.0,6.0,2.0,45.0,-75.0,2.0,1.0,2.0,1.0,103.0,1626.0,103.0,30.0,365.0,12.0,29.0,53.0,235.5,22.0,1.0,1.0,4.0,4.0,4.0,4.0,4.0,4.0,1.0,2.0,1.0
506,24/06/2026,city scrape,Enjoy your stay !,Arnise,"Ottawa, Canada",f,t,Orleans,Private room in home,Private room,25/06/2026,25/07/2026,t,24/06/2026,01/08/2021,16/10/2022,7.0,6.0,3.0,6.0,2.0,45.0,-75.0,2.0,1.0,2.0,1.0,103.0,1626.0,103.0,30.0,365.0,12.0,29.0,53.0,235.5,22.0,1.0,1.0,4.0,4.0,4.0,4.0,4.0,4.0,1.0,2.0,1.0
507,24/06/2026,city scrape,*LONG STAYS*Downtown Ottawa  Executive Rental,Michelle,"Toronto, Canada",t,t,Somerset,Entire condo,Entire home/apt,25/08/2026,24/09/2026,t,24/06/2026,16/03/2020,01/05/2026,7.0,9.0,6.0,4.0,3.0,45.0,-75.0,2.0,1.0,1.0,1.0,114.0,3438.0,114.0,30.0,1125.0,0.0,0.0,28.0,208.0,16.0,2.0,3.0,4.0,4.0,4.0,4.0,4.0,4.0,0.0,1.0,1.0
508,24/06/2026,city scrape,Beautiful Private Loft Room on the Pond,Ann,"Ottawa, Canada",t,t,Stittsville-Kanata West,Private room in home,Private room,29/06/2026,30/06/2026,t,24/06/2026,31/07/2021,21/06/2026,7.0,6.0,3.0,6.0,2.0,45.0,-75.0,2.0,1.0,2.0,1.0,103.0,1626.0,103.0,30.0,365.0,12.0,29.0,53.0,235.5,22.0,1.0,1.0,4.0,4.0,4.0,4.0,4.0,4.0,1.0,2.0,1.0
509,24/06/2026,city scrape,"New one bed. apt w/ parking self check in 43"" TV",Gisele,"Ottawa, Canada",t,t,Orleans,Entire rental unit,Entire home/apt,30/08/2026,30/09/2026,t,24/06/2026,05/03/2020,17/01/2026,7.0,6.0,3.0,6.0,2.0,45.0,-75.0,2.0,1.0,2.0,1.0,103.0,1626.0,103.0,30.0,365.0,12.0,29.0,53.0,235.5,22.0,1.0,1.0,4.0,4.0,4.0,4.0,4.0,4.0,1.0,2.0,1.0
510,24/06/2026,city scrape,"6 km away from Ottawa Airport, Elegant Studio!",Sam,"Ottawa, Canada",f,t,Knoxdale-Merivale,Entire guesthouse,Entire home/apt,25/06/2026,26/06/2026,t,24/06/2026,04/02/2020,13/05/2026,7.0,6.0,3.0,6.0,2.0,45.0,-75.0,2.0,1.0,2.0,1.0,103.0,1626.0,103.0,30.0,365.0,12.0,29.0,53.0,235.5,22.0,1.0,1.0,4.0,4.0,4.0,4.0,4.0,4.0,1.0,2.0,1.0
511,24/06/2026,city scrape,Elegant full apartment! 6km away from airport!,Sam,"Ottawa, Canada",f,t,Knoxdale-Merivale,Entire rental unit,Entire home/apt,03/07/2026,05/07/2026,t,24/06/2026,02/08/2020,29/05/2026,6.0,5.0,6.0,4.0,2.0,45.0,-75.0,2.0,1.0,1.0,1.0,270.0,540.0,270.0,2.0,1125.0,8.0,30.0,60.0,238.0,166.0,24.0,27.0,4.0,4.0,4.0,4.0,4.0,4.0,2.0,2.0,2.0
512,24/06/2026,city scrape,12 mins from OTTAWA AIRPORT,Parisa,"Ottawa, Canada",f,t,Gloucester-South Nepean,Private room in condo,Private room,25/06/2026,25/07/2026,t,24/06/2026,10,10,8.0,11.0,6.0,4.0,1.0,45.0,-75.0,1.0,1.0,1.0,2.0,77.0,2330.0,77.0,30.0,1125.0,29.0,59.0,89.0,269.0,0.0,0.0,0.0,4.0,4.0,4.0,4.0,4.0,4.0,1.0,1.0,0.0
513,24/06/2026,city scrape,The Lexy,Westhaven,"Ottawa, Canada",t,t,River,Entire home,Entire home/apt,29/08/2026,28/09/2026,t,24/06/2026,27/03/2020,05/01/2025,7.0,6.0,3.0,6.0,2.0,45.0,-75.0,2.0,1.0,2.0,1.0,103.0,1626.0,103.0,30.0,365.0,12.0,29.0,53.0,235.5,22.0,1.0,1.0,4.0,4.0,4.0,4.0,4.0,4.0,1.0,2.0,1.0
514,24/06/2026,city scrape,"Modern, Clean, Cozy Room by Airport & Free Parking",Samuel,"Ottawa, Canada",t,t,Gloucester-Southgate,Private room in townhouse,Private room,04/07/2026,06/07/2026,t,24/06/2026,15/04/2022,05/06/2026,7.0,6.0,3.0,6.0,2.0,45.0,-75.0,2.0,1.0,2.0,1.0,103.0,1626.0,103.0,30.0,365.0,12.0,29.0,53.0,235.5,22.0,1.0,1.0,4.0,4.0,4.0,4.0,4.0,4.0,1.0,2.0,1.0
515,24/06/2026,city scrape,Walking Distance to Parliament Heart of Downtown,May,Canada,t,t,Rideau-Vanier,Entire rental unit,Entire home/apt,03/07/2026,04/07/2026,t,24/06/2026,14/08/2020,31/05/2026,7.0,6.0,3.0,6.0,2.0,45.0,-75.0,2.0,1.0,2.0,1.0,103.0,1626.0,103.0,30.0,365.0,12.0,29.0,53.0,235.5,22.0,1.0,1.0,4.0,4.0,4.0,4.0,4.0,4.0,1.0,2.0,1.0
516,24/06/2026,city scrape,"Bright, Spacious & Spotless 1 Bedroom in Westboro",Lisa,"Ottawa, Canada",f,t,Kitchissippi,Entire rental unit,Entire home/apt,02/07/2026,01/08/2026,t,24/06/2026,23/02/2020,03/07/2025,6.0,4.0,6.0,4.0,1.0,45.0,-75.0,3.0,1.0,2.0,3.0,111.0,3346.0,111.0,30.0,1125.0,22.0,52.0,82.0,303.0,27.0,1.0,2.0,4.0,4.0,4.0,4.0,4.0,4.0,0.0,1.0,1.0
517,24/06/2026,city scrape,Comfortable Guest Suite in Orleans,"Paulos,S","Ottawa, Canada",f,t,Innes,Entire guest suite,Entire home/apt,24/06/2026,26/06/2026,t,24/06/2026,01/09/2021,24/05/2026,7.0,6.0,7.0,6.0,2.0,45.0,-75.0,4.0,1.0,2.0,2.0,213.0,427.0,213.0,2.0,730.0,13.0,31.0,51.0,321.0,103.0,7.0,7.0,4.0,4.0,4.0,4.0,4.0,4.0,1.0,2.0,2.0
518,02/07/2026,previous scrape,Affordable and quaint townhouse for relaxing stay,Julia,"Ottawa, Canada",f,t,Knoxdale-Merivale,Private room in townhouse,Private room,0000-00-00,"""0000-00-00""",t,02/07/2026,06/03/2020,04/11/2023,6.0,11.0,6.0,4.0,3.0,45.0,-75.0,1.0,1.0,2.0,2.0,173.0,2246.0,173.0,30.0,120.0,0.0,0.0,0.0,0.0,53.0,0.0,0.0,4.0,4.0,4.0,4.0,4.0,4.0,0.0,3.0,0.0
519,02/07/2026,previous scrape,Bright Stylish Executive Apt - Byward Mkt /parking,Faye,"Ottawa, Canada",t,t,Rideau-Vanier,Entire condo,Entire home/apt,03/07/2026,29/10/2026,t,02/07/2026,31/05/2022,01/02/2025,7.0,6.0,3.0,6.0,2.0,45.0,-75.0,2.0,1.0,2.0,1.0,103.0,1626.0,103.0,30.0,365.0,12.0,29.0,53.0,235.5,22.0,1.0,1.0,4.0,4.0,4.0,4.0,4.0,4.0,1.0,2.0,1.0
520,24/06/2026,city scrape,Cozy & Bright 3BR Detached Bungalow,Mahmut Ali,"Ottawa, Canada",f,t,Rideau-Goulbourn,Entire home,Entire home/apt,02/08/2026,01/09/2026,t,24/06/2026,20/05/2026,20/05/2026,7.0,6.0,3.0,6.0,2.0,45.0,-75.0,2.0,1.0,2.0,1.0,103.0,1626.0,103.0,30.0,365.0,12.0,29.0,53.0,235.5,22.0,1.0,1.0,4.0,4.0,4.0,4.0,4.0,4.0,1.0,2.0,1.0
521,24/06/2026,city scrape,Home Away From Home - Master Bedroom :),Ellen,"Ottawa, Canada",t,t,Rideau-Rockcliffe,Private room in bungalow,Private room,29/06/2026,30/06/2026,t,24/06/2026,20/04/2020,11/06/2026,7.0,6.0,3.0,6.0,2.0,45.0,-75.0,2.0,1.0,2.0,1.0,103.0,1626.0,103.0,30.0,365.0,12.0,29.0,53.0,235.5,22.0,1.0,1.0,4.0,4.0,4.0,4.0,4.0,4.0,1.0,2.0,1.0
522,24/06/2026,city scrape,"Spacious, Clean, 2BR Unit In The City Of Ottawa",Ike,Canada,t,t,Rideau-Vanier,Entire rental unit,Entire home/apt,12/09/2026,12/10/2026,t,24/06/2026,11/03/2020,31/03/2026,10.0,2.0,10.0,2.0,4.0,45.0,-75.0,4.0,1.0,2.0,2.0,142.0,4265.0,142.0,30.0,730.0,3.0,3.0,13.0,288.0,32.0,6.0,5.0,4.0,4.0,4.0,5.0,4.0,4.0,0.0,4.0,4.0
523,24/06/2026,city scrape,"Bright room, Private Full Bath, Roku TV, Fridge",Elham,"Ottawa, Canada",t,t,Gloucester-South Nepean,Private room in home,Private room,01/10/2026,03/10/2026,t,24/06/2026,03/04/2020,15/05/2026,10.0,11.0,6.0,3.0,1.0,45.0,-75.0,1.0,1.0,2.0,1.0,95.0,191.0,95.0,2.0,20.0,0.0,0.0,0.0,81.0,67.0,10.0,11.0,4.0,4.0,4.0,4.0,4.0,4.0,0.0,1.0,0.0
524,24/06/2026,city scrape,1 Bedroom Guest Suite with Private Entrance,Jessica,"Ottawa, Canada",f,t,Stittsville-Kanata West,Entire guest suite,Entire home/apt,31/08/2026,01/09/2026,t,24/06/2026,24/12/2023,14/06/2026,11.0,8.0,9.0,1.0,1.0,45.0,-75.0,2.0,1.0,1.0,1.0,166.0,166.0,166.0,1.0,14.0,0.0,0.0,10.0,10.0,55.0,14.0,26.0,4.0,4.0,4.0,4.0,4.0,4.0,1.0,1.0,1.0
525,24/06/2026,city scrape,"Beautiful, private guest suite in mature area",Benjamin,"Ottawa, Canada",f,t,College,Entire guest suite,Entire home/apt,07/07/2026,09/07/2026,t,24/06/2026,15/03/2020,20/06/2026,12.0,6.0,6.0,3.0,1.0,45.0,-75.0,2.0,1.0,2.0,1.0,137.0,274.0,137.0,2.0,730.0,7.0,24.0,44.0,44.0,125.0,3.0,2.0,4.0,4.0,5.0,4.0,4.0,4.0,1.0,1.0,1.0
526,24/06/2026,city scrape,Entire floor in a modern townhome by downtown,Sam,"Ottawa, Canada",t,t,Rideau-Vanier,Private room in townhouse,Private room,12/07/2026,13/07/2026,t,24/06/2026,26/06/2023,09/06/2026,7.0,6.0,3.0,6.0,2.0,45.0,-75.0,2.0,1.0,2.0,1.0,103.0,1626.0,103.0,30.0,365.0,12.0,29.0,53.0,235.5,22.0,1.0,1.0,4.0,4.0,4.0,4.0,4.0,4.0,1.0,2.0,1.0
527,24/06/2026,city scrape,Twin Balcony,Fraser,"Ottawa, Canada",f,t,Rideau-Vanier,Room in boutique hotel,Private room,26/06/2026,27/06/2026,t,24/06/2026,31/03/2020,12/04/2026,6.0,3.0,6.0,3.0,9.0,45.0,-75.0,2.0,1.0,1.0,2.0,230.0,230.0,230.0,1.0,1125.0,14.0,20.0,20.0,20.0,63.0,16.0,21.0,4.0,4.0,4.0,4.0,4.0,4.0,0.0,9.0,0.0
528,24/06/2026,city scrape,Stunning Private Bedroom in Female Only Residence,Murray,"Ottawa, Canada",t,t,Rideau-Vanier,Private room in townhouse,Private room,30/09/2026,30/10/2026,t,24/06/2026,31/08/2020,11/09/2024,7.0,6.0,3.0,6.0,2.0,45.0,-75.0,2.0,1.0,2.0,1.0,103.0,1626.0,103.0,30.0,365.0,12.0,29.0,53.0,235.5,22.0,1.0,1.0,4.0,4.0,4.0,4.0,4.0,4.0,1.0,2.0,1.0
529,24/06/2026,city scrape,Entire Spacious bright 3-bedrooms townhouse.,Abdullah,"Ottawa, Canada",f,t,Gloucester-South Nepean,Entire home,Entire home/apt,01/12/2026,31/12/2026,t,24/06/2026,30/06/2020,30/06/2021,7.0,6.0,3.0,6.0,2.0,45.0,-75.0,2.0,1.0,2.0,1.0,103.0,1626.0,103.0,30.0,365.0,12.0,29.0,53.0,235.5,22.0,1.0,1.0,4.0,4.0,4.0,4.0,4.0,4.0,1.0,2.0,1.0
530,24/06/2026,city scrape,Modern private bedroom in Female only Residence,Murray,"Ottawa, Canada",t,t,Rideau-Vanier,Private room in townhouse,Private room,04/07/2026,03/08/2026,t,24/06/2026,01/05/2020,30/04/2026,7.0,3.0,7.0,3.0,10.0,45.0,-75.0,1.0,1.0,2.0,1.0,40.0,1215.0,40.0,30.0,1125.0,20.0,50.0,59.0,234.0,8.0,3.0,3.0,4.0,4.0,4.0,4.0,4.0,4.0,0.0,10.0,0.0
531,02/07/2026,previous scrape,Two Room Suite,Fraser,"Ottawa, Canada",f,t,Rideau-Vanier,Room in boutique hotel,Private room,02/07/2026,03/07/2026,t,02/07/2026,16/04/2020,14/06/2026,6.0,3.0,6.0,3.0,9.0,45.0,-75.0,4.0,1.0,2.0,2.0,301.0,301.0,301.0,1.0,1125.0,4.0,6.0,6.0,6.0,60.0,4.0,3.0,4.0,4.0,4.0,4.0,4.0,4.0,0.0,9.0,0.0
532,02/07/2026,previous scrape,Home Away From Home - Guest Room :),Ellen,"Ottawa, Canada",t,t,Rideau-Rockcliffe,Private room in bungalow,Private room,05/07/2026,06/07/2026,t,02/07/2026,16/05/2020,23/06/2026,7.0,6.0,3.0,6.0,2.0,45.0,-75.0,2.0,1.0,2.0,1.0,103.0,1626.0,103.0,30.0,365.0,12.0,29.0,53.0,235.5,22.0,1.0,1.0,4.0,4.0,4.0,4.0,4.0,4.0,1.0,2.0,1.0
533,24/06/2026,city scrape,Cozy refuge steps from canal and Landsdowne Park,Benjamin,"Ottawa, Canada",t,t,Capital,Entire guesthouse,Entire home/apt,19/09/2026,19/10/2026,t,24/06/2026,09/03/2022,02/05/2026,7.0,6.0,3.0,6.0,2.0,45.0,-75.0,2.0,1.0,2.0,1.0,103.0,1626.0,103.0,30.0,365.0,12.0,29.0,53.0,235.5,22.0,1.0,1.0,4.0,4.0,4.0,4.0,4.0,4.0,1.0,2.0,1.0
534,24/06/2026,city scrape,Overbrook 2C- private washroom; 30 mins walk Ott U,Paul,"Ottawa, Canada",f,t,Rideau-Rockcliffe,Private room in rental unit,Private room,26/06/2026,26/07/2026,t,24/06/2026,25/06/2020,01/07/2023,7.0,6.0,3.0,6.0,2.0,45.0,-75.0,2.0,1.0,2.0,1.0,103.0,1626.0,103.0,30.0,365.0,12.0,29.0,53.0,235.5,22.0,1.0,1.0,4.0,4.0,4.0,4.0,4.0,4.0,1.0,2.0,1.0
535,24/06/2026,city scrape,Queen Balcony,Fraser,"Ottawa, Canada",f,t,Rideau-Vanier,Room in hotel,Private room,30/06/2026,01/07/2026,t,24/06/2026,03/05/2020,28/04/2026,6.0,3.0,6.0,3.0,9.0,45.0,-75.0,2.0,1.0,1.0,1.0,197.0,197.0,197.0,1.0,1125.0,15.0,25.0,25.0,25.0,89.0,21.0,20.0,4.0,4.0,4.0,4.0,4.0,4.0,1.0,9.0,0.0
536,24/06/2026,city scrape,A wave of calm and class in downtown Ottawa,Mylaine,"Ottawa, Canada",t,t,Rideau-Vanier,Entire rental unit,Entire home/apt,05/07/2026,06/07/2026,t,24/06/2026,02/06/2020,20/06/2026,7.0,6.0,3.0,6.0,2.0,45.0,-75.0,2.0,1.0,2.0,1.0,103.0,1626.0,103.0,30.0,365.0,12.0,29.0,53.0,235.5,22.0,1.0,1.0,4.0,4.0,4.0,4.0,4.0,4.0,1.0,2.0,1.0
537,24/06/2026,city scrape,Enchanting Private Bedroom - Female only Residence,Murray,"Ottawa, Canada",t,t,Rideau-Vanier,Private room in townhouse,Private room,13/09/2026,13/10/2026,t,24/06/2026,31/03/2021,28/05/2026,7.0,6.0,3.0,6.0,2.0,45.0,-75.0,2.0,1.0,2.0,1.0,103.0,1626.0,103.0,30.0,365.0,12.0,29.0,53.0,235.5,22.0,1.0,1.0,4.0,4.0,4.0,4.0,4.0,4.0,1.0,2.0,1.0
538,24/06/2026,city scrape,Master Bedroom & Bathroom in Female Only Residence,Murray,"Ottawa, Canada",t,t,Rideau-Vanier,Private room in townhouse,Private room,01/05/2027,31/05/2027,t,24/06/2026,07/07/2020,22/12/2025,7.0,6.0,3.0,6.0,2.0,45.0,-75.0,2.0,1.0,2.0,1.0,103.0,1626.0,103.0,30.0,365.0,12.0,29.0,53.0,235.5,22.0,1.0,1.0,4.0,4.0,4.0,4.0,4.0,4.0,1.0,2.0,1.0
539,24/06/2026,city scrape,Modern Private Bedroom in Female Only Residence,Murray,"Ottawa, Canada",t,t,Rideau-Vanier,Private room in townhouse,Private room,01/01/2027,31/01/2027,t,24/06/2026,21/09/2021,23/08/2025,7.0,6.0,3.0,6.0,2.0,45.0,-75.0,2.0,1.0,2.0,1.0,103.0,1626.0,103.0,30.0,365.0,12.0,29.0,53.0,235.5,22.0,1.0,1.0,4.0,4.0,4.0,4.0,4.0,4.0,1.0,2.0,1.0
540,24/06/2026,city scrape,FisherHouse - Central Ottawa - STR 854-091,John,"Ottawa, Canada",t,t,River,Entire home,Entire home/apt,13/07/2026,15/07/2026,t,24/06/2026,11/08/2020,21/06/2026,7.0,6.0,3.0,6.0,2.0,45.0,-75.0,2.0,1.0,2.0,1.0,103.0,1626.0,103.0,30.0,365.0,12.0,29.0,53.0,235.5,22.0,1.0,1.0,4.0,4.0,4.0,4.0,4.0,4.0,1.0,2.0,1.0
541,24/06/2026,city scrape,"A Private, Clean 3 bedroom Home",Amy,"Ottawa, Canada",t,t,College,Entire bungalow,Entire home/apt,11/07/2026,13/07/2026,t,24/06/2026,29/06/2020,15/06/2026,7.0,6.0,3.0,6.0,2.0,45.0,-75.0,2.0,1.0,2.0,1.0,103.0,1626.0,103.0,30.0,365.0,12.0,29.0,53.0,235.5,22.0,1.0,1.0,4.0,4.0,4.0,4.0,4.0,4.0,1.0,2.0,1.0
542,24/06/2026,city scrape,Beautiful 2 bedroom with Outdoor Space and Parking,Lisa,"Ontario, Canada",t,t,Rideau-Rockcliffe,Entire rental unit,Entire home/apt,01/08/2026,31/08/2026,t,24/06/2026,21/07/2020,22/05/2026,7.0,6.0,3.0,6.0,2.0,45.0,-75.0,2.0,1.0,2.0,1.0,103.0,1626.0,103.0,30.0,365.0,12.0,29.0,53.0,235.5,22.0,1.0,1.0,4.0,4.0,4.0,4.0,4.0,4.0,1.0,2.0,1.0
543,24/06/2026,city scrape,CLEAN & COZY PRIVATE BEDROOM LONG TERM AVAILABLE,Wei,"Ottawa, Canada",t,t,Knoxdale-Merivale,Private room in home,Private room,01/08/2026,31/08/2026,t,24/06/2026,29/06/2022,30/11/2025,8.0,1.0,8.0,1.0,7.0,45.0,-75.0,1.0,1.0,2.0,1.0,28.0,863.0,28.0,30.0,730.0,0.0,22.0,31.0,206.0,10.0,1.0,1.0,4.0,4.0,4.0,5.0,4.0,4.0,0.0,6.0,0.0
544,24/06/2026,city scrape,MID CENTURY BOHO BACHELOR,Jenny,"Ottawa, Canada",t,t,Rideau-Vanier,Entire rental unit,Entire home/apt,28/06/2026,29/06/2026,t,24/06/2026,24/06/2020,05/06/2026,7.0,6.0,3.0,6.0,2.0,45.0,-75.0,2.0,1.0,2.0,1.0,103.0,1626.0,103.0,30.0,365.0,12.0,29.0,53.0,235.5,22.0,1.0,1.0,4.0,4.0,4.0,4.0,4.0,4.0,1.0,2.0,1.0
545,24/06/2026,city scrape,Queen Balcony,Fraser,"Ottawa, Canada",f,t,Rideau-Vanier,Room in hotel,Private room,25/06/2026,26/06/2026,t,24/06/2026,21/06/2020,07/06/2026,6.0,3.0,6.0,3.0,9.0,45.0,-75.0,2.0,1.0,1.0,1.0,229.0,229.0,229.0,1.0,1125.0,18.0,28.0,28.0,28.0,74.0,9.0,6.0,4.0,4.0,4.0,4.0,4.0,4.0,1.0,9.0,0.0
546,02/07/2026,previous scrape,Modern Suite with private bathroom & Kitchenette,Rachid,"Ottawa, Canada",t,t,River,Private room in rental unit,Private room,0000-00-00,"""0000-00-00""",t,02/07/2026,01/09/2021,01/09/2021,7.0,6.0,3.0,6.0,2.0,45.0,-75.0,2.0,1.0,2.0,1.0,103.0,1626.0,103.0,30.0,365.0,12.0,29.0,53.0,235.5,22.0,1.0,1.0,4.0,4.0,4.0,4.0,4.0,4.0,1.0,2.0,1.0
547,02/07/2026,previous scrape,Suite Near Algonquin college,Moh,"Ottawa, Canada",f,t,College,Entire guest suite,Entire home/apt,0000-00-00,"""0000-00-00""",t,02/07/2026,15/08/2020,28/02/2026,8.0,8.0,6.0,0.0,1.0,45.0,-75.0,4.0,1.0,2.0,2.0,173.0,2246.0,173.0,30.0,1125.0,0.0,0.0,0.0,0.0,63.0,3.0,2.0,4.0,4.0,4.0,4.0,4.0,4.0,0.0,1.0,1.0
548,24/06/2026,city scrape,Queen Balcony,Fraser,"Ottawa, Canada",f,t,Rideau-Vanier,Room in hotel,Private room,25/06/2026,26/06/2026,t,24/06/2026,25/06/2020,07/12/2025,6.0,3.0,6.0,3.0,9.0,45.0,-75.0,2.0,1.0,1.0,1.0,230.0,230.0,230.0,1.0,1125.0,20.0,29.0,29.0,29.0,39.0,2.0,7.0,4.0,4.0,4.0,4.0,4.0,4.0,0.0,9.0,0.0
549,24/06/2026,city scrape,Queen Window,Fraser,"Ottawa, Canada",f,t,Rideau-Vanier,Room in hotel,Private room,24/06/2026,25/06/2026,t,24/06/2026,02/07/2020,09/11/2025,6.0,3.0,6.0,3.0,9.0,45.0,-75.0,2.0,1.0,1.0,1.0,230.0,230.0,230.0,1.0,1125.0,17.0,23.0,23.0,23.0,29.0,2.0,3.0,4.0,4.0,4.0,4.0,4.0,4.0,0.0,9.0,0.0
550,24/06/2026,city scrape,Basement - Sunsets on the Pond (1 bedroom + suite),Ann,"Ottawa, Canada",t,t,Stittsville-Kanata West,Private room in home,Private room,28/06/2026,29/06/2026,t,24/06/2026,01/07/2020,20/06/2026,8.0,11.0,8.0,2.0,2.0,45.0,-75.0,4.0,1.0,2.0,2.0,189.0,189.0,189.0,1.0,7.0,6.0,32.0,59.0,68.0,108.0,36.0,22.0,4.0,4.0,4.0,4.0,4.0,4.0,1.0,2.0,0.0
551,24/06/2026,city scrape,Queen Balcony,Fraser,"Ottawa, Canada",f,t,Rideau-Vanier,Room in hotel,Private room,28/06/2026,29/06/2026,t,24/06/2026,02/07/2020,09/02/2026,6.0,3.0,6.0,3.0,9.0,45.0,-75.0,2.0,1.0,1.0,1.0,230.0,230.0,230.0,1.0,1125.0,18.0,27.0,27.0,27.0,22.0,1.0,0.0,4.0,4.0,4.0,4.0,4.0,4.0,0.0,9.0,0.0
552,24/06/2026,city scrape,Overbrook 2B,Paul,"Ottawa, Canada",f,t,Rideau-Rockcliffe,Private room in bungalow,Private room,26/06/2026,26/07/2026,t,24/06/2026,01/07/2021,30/09/2024,7.0,6.0,3.0,6.0,2.0,45.0,-75.0,2.0,1.0,2.0,1.0,103.0,1626.0,103.0,30.0,365.0,12.0,29.0,53.0,235.5,22.0,1.0,1.0,4.0,4.0,4.0,4.0,4.0,4.0,1.0,2.0,1.0
553,24/06/2026,city scrape,Queen Window,Fraser,"Ottawa, Canada",f,t,Rideau-Vanier,Room in hotel,Private room,26/06/2026,27/06/2026,t,24/06/2026,12/07/2020,07/04/2026,6.0,3.0,6.0,3.0,9.0,45.0,-75.0,2.0,1.0,1.0,1.0,230.0,230.0,230.0,1.0,1125.0,15.0,21.0,21.0,21.0,85.0,16.0,12.0,4.0,4.0,4.0,4.0,4.0,4.0,1.0,9.0,0.0
554,24/06/2026,city scrape,CLEAN & COZY PRIVATE BEDROOM WITH PRIVATE HALFBATH,Wei,"Ottawa, Canada",t,t,Knoxdale-Merivale,Private room in home,Private room,01/05/2027,31/05/2027,t,24/06/2026,30/04/2021,30/04/2026,8.0,1.0,8.0,1.0,7.0,45.0,-75.0,1.0,1.0,2.0,1.0,32.0,963.0,32.0,30.0,1125.0,0.0,0.0,0.0,54.0,13.0,2.0,1.0,4.0,4.0,4.0,4.0,4.0,4.0,0.0,6.0,0.0
555,24/06/2026,city scrape,Elegant Downtown Studio with Outdoor Patio,Short And Suite BnB,"Ottawa, Canada",t,t,Somerset,Entire guest suite,Entire home/apt,29/06/2026,01/07/2026,t,24/06/2026,12/08/2020,23/06/2026,7.0,6.0,3.0,6.0,2.0,45.0,-75.0,2.0,1.0,2.0,1.0,103.0,1626.0,103.0,30.0,365.0,12.0,29.0,53.0,235.5,22.0,1.0,1.0,4.0,4.0,4.0,4.0,4.0,4.0,1.0,2.0,1.0
556,02/07/2026,previous scrape,❤ Chic Guest Suite with Parking & Private Sunroom,Amy,"Ontario, Canada",f,t,Kitchissippi,Entire guest suite,Entire home/apt,0000-00-00,"""0000-00-00""",t,02/07/2026,03/08/2020,03/08/2024,7.0,6.0,3.0,6.0,2.0,45.0,-75.0,2.0,1.0,2.0,1.0,103.0,1626.0,103.0,30.0,365.0,12.0,29.0,53.0,235.5,22.0,1.0,1.0,4.0,4.0,4.0,4.0,4.0,4.0,1.0,2.0,1.0
557,02/07/2026,previous scrape,30+ Night 3BR Home With Private Saltwater Pool,Tiffany,"Ottawa, Canada",f,t,College,Entire bungalow,Entire home/apt,0000-00-00,"""0000-00-00""",t,02/07/2026,03/08/2020,12/03/2024,7.0,6.0,3.0,6.0,2.0,45.0,-75.0,2.0,1.0,2.0,1.0,103.0,1626.0,103.0,30.0,365.0,12.0,29.0,53.0,235.5,22.0,1.0,1.0,4.0,4.0,4.0,4.0,4.0,4.0,1.0,2.0,1.0
558,02/07/2026,previous scrape,COZY & LUXURY MASTERBEDROOM WITH ENSUITE BATHROOM,Wei,"Ottawa, Canada",t,t,Knoxdale-Merivale,Private room in home,Private room,0000-00-00,"""0000-00-00""",t,02/07/2026,31/10/2021,31/12/2025,8.0,1.0,8.0,1.0,7.0,45.0,-75.0,1.0,1.0,2.0,2.0,173.0,2246.0,173.0,30.0,1125.0,0.0,0.0,0.0,0.0,12.0,2.0,3.0,4.0,4.0,5.0,5.0,4.0,4.0,0.0,6.0,0.0
559,24/06/2026,city scrape,Centrally located walk to restaurants and cafes,Lianna,"Ottawa, Canada",f,t,Somerset,Room in boutique hotel,Private room,24/06/2026,24/07/2026,t,24/06/2026,05/09/2020,07/03/2025,7.0,6.0,3.0,6.0,2.0,45.0,-75.0,2.0,1.0,2.0,1.0,103.0,1626.0,103.0,30.0,365.0,12.0,29.0,53.0,235.5,22.0,1.0,1.0,4.0,4.0,4.0,4.0,4.0,4.0,1.0,2.0,1.0
560,24/06/2026,city scrape,Exquisite Kanata Home,Lindsay,Canada,f,t,Kanata South,Entire home,Entire home/apt,19/07/2026,21/07/2026,t,24/06/2026,19/09/2020,18/06/2026,7.0,6.0,3.0,6.0,2.0,45.0,-75.0,2.0,1.0,2.0,1.0,103.0,1626.0,103.0,30.0,365.0,12.0,29.0,53.0,235.5,22.0,1.0,1.0,4.0,4.0,4.0,4.0,4.0,4.0,1.0,2.0,1.0
561,24/06/2026,city scrape,Luxurious oasis single house,Anastasia,"Ottawa, Canada",t,t,Barrhaven,Entire home,Entire home/apt,10/07/2026,10/08/2026,t,24/06/2026,30/08/2020,02/04/2025,7.0,6.0,3.0,6.0,2.0,45.0,-75.0,2.0,1.0,2.0,1.0,103.0,1626.0,103.0,30.0,365.0,12.0,29.0,53.0,235.5,22.0,1.0,1.0,4.0,4.0,4.0,4.0,4.0,4.0,1.0,2.0,1.0
562,24/06/2026,city scrape,Great room,Joyce,"Ottawa, Canada",f,t,Knoxdale-Merivale,Private room in townhouse,Private room,24/06/2026,24/07/2026,t,24/06/2026,21/08/2020,07/09/2020,7.0,6.0,3.0,6.0,2.0,45.0,-75.0,2.0,1.0,2.0,1.0,103.0,1626.0,103.0,30.0,365.0,12.0,29.0,53.0,235.5,22.0,1.0,1.0,4.0,4.0,4.0,4.0,4.0,4.0,1.0,2.0,1.0
563,24/06/2026,city scrape,Townhouse-Brittanic Rd Kanata 31-day min booking,Jindra,"Ottawa, Canada",f,t,Stittsville-Kanata West,Entire townhouse,Entire home/apt,06/09/2026,07/10/2026,t,24/06/2026,14/11/2020,28/04/2026,7.0,6.0,3.0,6.0,2.0,45.0,-75.0,2.0,1.0,2.0,1.0,103.0,1626.0,103.0,30.0,365.0,12.0,29.0,53.0,235.5,22.0,1.0,1.0,4.0,4.0,4.0,4.0,4.0,4.0,1.0,2.0,1.0
564,24/06/2026,city scrape,ROOM NUMBER 2,Arian,"Ottawa, Canada",t,t,Knoxdale-Merivale,Private room in bungalow,Private room,16/07/2026,17/07/2026,t,24/06/2026,18/09/2020,21/02/2026,6.0,5.0,6.0,5.0,7.0,45.0,-75.0,2.0,1.0,2.0,1.0,126.0,126.0,126.0,1.0,30.0,8.0,38.0,68.0,68.0,126.0,9.0,16.0,4.0,4.0,4.0,4.0,4.0,4.0,1.0,7.0,1.0
565,24/06/2026,city scrape,ROOM NUMBER 3,Arian,"Ottawa, Canada",t,t,Knoxdale-Merivale,Private room in bungalow,Private room,30/06/2026,01/07/2026,t,24/06/2026,06/09/2020,12/06/2026,7.0,6.0,3.0,6.0,2.0,45.0,-75.0,2.0,1.0,2.0,1.0,103.0,1626.0,103.0,30.0,365.0,12.0,29.0,53.0,235.5,22.0,1.0,1.0,4.0,4.0,4.0,4.0,4.0,4.0,1.0,2.0,1.0
566,24/06/2026,city scrape,"Clean, renovated room with kitchen in southgate rd",Amin,"Ottawa, Canada",f,t,Gloucester-Southgate,Private room in home,Private room,28/06/2026,30/06/2026,t,24/06/2026,02/09/2020,08/06/2026,7.0,6.0,3.0,6.0,2.0,45.0,-75.0,2.0,1.0,2.0,1.0,103.0,1626.0,103.0,30.0,365.0,12.0,29.0,53.0,235.5,22.0,1.0,1.0,4.0,4.0,4.0,4.0,4.0,4.0,1.0,2.0,1.0
567,24/06/2026,city scrape,Overbrook 2A- 30 minutes walk to Ottawa University,Paul,"Ottawa, Canada",f,t,Rideau-Rockcliffe,Private room in home,Private room,02/07/2026,01/08/2026,t,24/06/2026,01/11/2020,01/09/2025,7.0,6.0,3.0,6.0,2.0,45.0,-75.0,2.0,1.0,2.0,1.0,103.0,1626.0,103.0,30.0,365.0,12.0,29.0,53.0,235.5,22.0,1.0,1.0,4.0,4.0,4.0,4.0,4.0,4.0,1.0,2.0,1.0
568,24/06/2026,city scrape,Basement all inclusive studio,Parni,"Ottawa, Canada",f,t,Barrhaven,Private room in home,Private room,29/07/2026,02/08/2026,t,24/06/2026,31/08/2020,12/06/2026,8.0,11.0,5.0,9.0,3.0,45.0,-75.0,2.0,1.0,2.0,3.0,105.0,422.0,105.0,4.0,1125.0,2.0,27.0,57.0,264.0,55.0,5.0,2.0,4.0,4.0,4.0,4.0,4.0,4.0,0.0,1.0,0.0
569,24/06/2026,city scrape,"Clean,big,new renovated room 6min to airport.",Amin,"Ottawa, Canada",f,t,Gloucester-Southgate,Private room in home,Private room,24/06/2026,26/06/2026,t,24/06/2026,07/09/2020,08/06/2026,7.0,6.0,3.0,6.0,2.0,45.0,-75.0,2.0,1.0,2.0,1.0,103.0,1626.0,103.0,30.0,365.0,12.0,29.0,53.0,235.5,22.0,1.0,1.0,4.0,4.0,4.0,4.0,4.0,4.0,1.0,2.0,1.0
570,24/06/2026,city scrape,"Clean, clean clean room with kitchen in rd",Amin,"Ottawa, Canada",f,t,Gloucester-Southgate,Private room in home,Private room,28/06/2026,30/06/2026,t,24/06/2026,02/09/2020,07/06/2026,7.0,6.0,3.0,6.0,2.0,45.0,-75.0,2.0,1.0,2.0,1.0,103.0,1626.0,103.0,30.0,365.0,12.0,29.0,53.0,235.5,22.0,1.0,1.0,4.0,4.0,4.0,4.0,4.0,4.0,1.0,2.0,1.0
571,24/06/2026,city scrape,"Clean, new renovated room 8min to the airport.",Amin,"Ottawa, Canada",f,t,Gloucester-Southgate,Private room in home,Private room,24/06/2026,25/06/2026,t,24/06/2026,30/08/2020,01/06/2026,7.0,6.0,3.0,6.0,2.0,45.0,-75.0,2.0,1.0,2.0,1.0,103.0,1626.0,103.0,30.0,365.0,12.0,29.0,53.0,235.5,22.0,1.0,1.0,4.0,4.0,4.0,4.0,4.0,4.0,1.0,2.0,1.0
572,24/06/2026,city scrape,Room Across UOttawa 10 Minutes Walk Parliament,Frits,"Mexicali, Mexico",f,t,Rideau-Vanier,Private room in rental unit,Private room,24/06/2026,24/07/2026,t,24/06/2026,05/09/2020,02/10/2022,7.0,6.0,3.0,6.0,2.0,45.0,-75.0,2.0,1.0,2.0,1.0,103.0,1626.0,103.0,30.0,365.0,12.0,29.0,53.0,235.5,22.0,1.0,1.0,4.0,4.0,4.0,4.0,4.0,4.0,1.0,2.0,1.0
573,24/06/2026,city scrape,Across Uottawa Room 10min Walk Parliament/Downtown,Frits,"Mexicali, Mexico",f,t,Rideau-Vanier,Private room in rental unit,Private room,24/06/2026,24/07/2026,t,24/06/2026,31/08/2021,15/05/2023,7.0,6.0,3.0,6.0,2.0,45.0,-75.0,2.0,1.0,2.0,1.0,103.0,1626.0,103.0,30.0,365.0,12.0,29.0,53.0,235.5,22.0,1.0,1.0,4.0,4.0,4.0,4.0,4.0,4.0,1.0,2.0,1.0
574,02/07/2026,previous scrape,Penthouse in the Byward Market,Jf,"Ottawa, Canada",t,t,Rideau-Vanier,Entire condo,Entire home/apt,01/02/2027,01/06/2027,t,02/07/2026,11/11/2022,11/11/2022,7.0,6.0,3.0,6.0,2.0,45.0,-75.0,2.0,1.0,2.0,1.0,103.0,1626.0,103.0,30.0,365.0,12.0,29.0,53.0,235.5,22.0,1.0,1.0,4.0,4.0,4.0,4.0,4.0,4.0,1.0,2.0,1.0
575,24/06/2026,city scrape,Little Brick House-2 Bedroom Private Home,Hana,"Ottawa, Canada",t,t,Rideau-Vanier,Entire home,Entire home/apt,07/03/2027,06/04/2027,t,24/06/2026,07/09/2020,20/02/2026,7.0,6.0,3.0,6.0,2.0,45.0,-75.0,2.0,1.0,2.0,1.0,103.0,1626.0,103.0,30.0,365.0,12.0,29.0,53.0,235.5,22.0,1.0,1.0,4.0,4.0,4.0,4.0,4.0,4.0,1.0,2.0,1.0
576,24/06/2026,city scrape,Room Across UOttawa  Steps TO  Downtown Ottawa,Frits,"Mexicali, Mexico",f,t,Rideau-Vanier,Private room in condo,Private room,24/06/2026,24/07/2026,t,24/06/2026,11/11/2020,25/09/2022,7.0,6.0,3.0,6.0,2.0,45.0,-75.0,2.0,1.0,2.0,1.0,103.0,1626.0,103.0,30.0,365.0,12.0,29.0,53.0,235.5,22.0,1.0,1.0,4.0,4.0,4.0,4.0,4.0,4.0,1.0,2.0,1.0
577,24/06/2026,city scrape,Victorian Room  3Min Walk To UOttawa Train Station,Frits,"Mexicali, Mexico",f,t,Rideau-Vanier,Private room in rental unit,Private room,24/06/2026,24/07/2026,t,24/06/2026,21/01/2021,10/07/2022,7.0,6.0,3.0,6.0,2.0,45.0,-75.0,2.0,1.0,2.0,1.0,103.0,1626.0,103.0,30.0,365.0,12.0,29.0,53.0,235.5,22.0,1.0,1.0,4.0,4.0,4.0,4.0,4.0,4.0,1.0,2.0,1.0
578,02/07/2026,previous scrape,Perfect for Your Posting: A Downtown Oasis,J. Anne,"Ottawa, Canada",f,t,Somerset,Entire home,Entire home/apt,09/07/2026,07/12/2026,t,02/07/2026,10,10,7.0,6.0,3.0,6.0,2.0,45.0,-75.0,2.0,1.0,2.0,1.0,103.0,1626.0,103.0,30.0,365.0,12.0,29.0,53.0,235.5,22.0,1.0,1.0,4.0,4.0,4.0,4.0,4.0,4.0,1.0,2.0,1.0
579,24/06/2026,city scrape,"Serene, updated 1 bed downtown Ottawa",Tara,"Ottawa, Canada",t,t,Somerset,Entire rental unit,Entire home/apt,18/09/2026,18/10/2026,t,24/06/2026,30/09/2020,19/05/2026,9.0,5.0,7.0,0.0,2.0,45.0,-75.0,2.0,1.0,1.0,1.0,98.0,2958.0,98.0,30.0,1125.0,1.0,7.0,11.0,191.0,34.0,4.0,2.0,4.0,4.0,4.0,4.0,4.0,4.0,0.0,2.0,2.0
580,24/06/2026,city scrape,Cozy Room in Quiet Corner of Big Nepean LakeHouse,Josephine,"Ottawa, Canada",t,t,Barrhaven,Private room in home,Private room,05/07/2026,07/07/2026,t,24/06/2026,19/11/2020,27/11/2025,7.0,6.0,3.0,6.0,2.0,45.0,-75.0,2.0,1.0,2.0,1.0,103.0,1626.0,103.0,30.0,365.0,12.0,29.0,53.0,235.5,22.0,1.0,1.0,4.0,4.0,4.0,4.0,4.0,4.0,1.0,2.0,1.0
581,24/06/2026,city scrape,Stylish living near Ottawa River and Cyclist Path,Alex & Katya,"Ottawa, Canada",f,t,Rideau-Vanier,Entire condo,Entire home/apt,01/07/2026,31/07/2026,t,24/06/2026,22/11/2020,24/02/2026,14.0,0.0,10.0,5.0,3.0,45.0,-75.0,2.0,1.0,1.0,2.0,84.0,2541.0,84.0,30.0,1125.0,23.0,46.0,46.0,281.0,4.0,2.0,1.0,4.0,4.0,5.0,5.0,4.0,4.0,0.0,3.0,3.0
582,24/06/2026,city scrape,Large Cozy Bedroom & Office in Barrhaven LakeHouse,Josephine,"Ottawa, Canada",t,t,Barrhaven,Private room in home,Private room,10/09/2026,12/09/2026,t,24/06/2026,15/10/2020,12/11/2025,5.0,9.0,5.0,9.0,3.0,45.0,-75.0,2.0,1.0,2.0,1.0,92.0,184.0,92.0,2.0,1125.0,0.0,0.0,12.0,12.0,25.0,6.0,8.0,4.0,4.0,4.0,5.0,4.0,4.0,0.0,3.0,0.0
583,24/06/2026,city scrape,NRC 2A: Quiet room & private washroom,Paul,"Ottawa, Canada",f,t,Beacon Hill-Cyrville,Private room in home,Private room,27/08/2026,26/09/2026,t,24/06/2026,01/01/2023,01/01/2023,7.0,6.0,3.0,6.0,2.0,45.0,-75.0,2.0,1.0,2.0,1.0,103.0,1626.0,103.0,30.0,365.0,12.0,29.0,53.0,235.5,22.0,1.0,1.0,4.0,4.0,4.0,4.0,4.0,4.0,1.0,2.0,1.0
584,24/06/2026,city scrape,Ottawa ideal pied-a-terre,Mélanye,"Ottawa, Canada",t,t,Rideau-Rockcliffe,Entire rental unit,Entire home/apt,25/12/2026,24/01/2027,t,24/06/2026,04/12/2020,01/03/2026,13.0,9.0,12.0,11.0,1.0,45.0,-75.0,4.0,1.0,2.0,2.0,89.0,2685.0,89.0,30.0,730.0,10.0,23.0,34.0,120.0,20.0,2.0,2.0,4.0,4.0,4.0,4.0,4.0,4.0,0.0,1.0,1.0
585,02/07/2026,previous scrape,Twin Balcony,Fraser,"Ottawa, Canada",f,t,Rideau-Vanier,Room in boutique hotel,Private room,05/07/2026,06/07/2026,t,02/07/2026,07/11/2020,09/03/2024,6.0,3.0,6.0,3.0,9.0,45.0,-75.0,2.0,1.0,1.0,2.0,170.0,170.0,170.0,1.0,1125.0,8.0,11.0,11.0,11.0,30.0,0.0,0.0,4.0,4.0,4.0,4.0,4.0,4.0,0.0,9.0,0.0
586,24/06/2026,city scrape,2 Bedroom Basement apt mins from Downtown/La Cité,Stacie,"Ottawa, Canada",t,t,Rideau-Rockcliffe,Entire guest suite,Entire home/apt,28/08/2026,30/08/2026,t,24/06/2026,28/10/2020,19/06/2026,7.0,6.0,3.0,6.0,2.0,45.0,-75.0,2.0,1.0,2.0,1.0,103.0,1626.0,103.0,30.0,365.0,12.0,29.0,53.0,235.5,22.0,1.0,1.0,4.0,4.0,4.0,4.0,4.0,4.0,1.0,2.0,1.0
587,24/06/2026,city scrape,Neat Basement Apartment in the South End,Merry,"Ottawa, Canada",f,t,Gloucester-Southgate,Entire guest suite,Entire home/apt,15/07/2026,14/08/2026,t,24/06/2026,30/04/2021,30/11/2021,7.0,6.0,3.0,6.0,2.0,45.0,-75.0,2.0,1.0,2.0,1.0,103.0,1626.0,103.0,30.0,365.0,12.0,29.0,53.0,235.5,22.0,1.0,1.0,4.0,4.0,4.0,4.0,4.0,4.0,1.0,2.0,1.0
588,24/06/2026,city scrape,Cozy and Large Room in Barrhaven House Ottawa,Josephine,"Ottawa, Canada",t,t,Barrhaven,Private room in home,Private room,02/07/2026,04/07/2026,t,24/06/2026,25/10/2020,01/09/2025,7.0,6.0,3.0,6.0,2.0,45.0,-75.0,2.0,1.0,2.0,1.0,103.0,1626.0,103.0,30.0,365.0,12.0,29.0,53.0,235.5,22.0,1.0,1.0,4.0,4.0,4.0,4.0,4.0,4.0,1.0,2.0,1.0
589,24/06/2026,city scrape,Excellent Apartment Downtown,Ike,Canada,t,t,Rideau-Vanier,Entire rental unit,Entire home/apt,01/10/2026,31/10/2026,t,24/06/2026,31/12/2020,30/04/2026,10.0,2.0,10.0,2.0,4.0,45.0,-75.0,4.0,1.0,2.0,2.0,84.0,2548.0,84.0,30.0,730.0,0.0,0.0,0.0,266.0,24.0,3.0,5.0,4.0,4.0,4.0,4.0,4.0,4.0,0.0,4.0,4.0
590,24/06/2026,city scrape,"Full apartment, ideal for longer term visits",Julia,"Ottawa, Canada",f,t,Capital,Entire rental unit,Entire home/apt,01/07/2026,31/07/2026,t,24/06/2026,04/01/2021,04/01/2022,5.0,8.0,5.0,8.0,1.0,45.0,-75.0,4.0,1.0,1.0,1.0,146.0,4402.0,146.0,30.0,100.0,23.0,53.0,83.0,173.0,4.0,0.0,0.0,4.0,4.0,4.0,5.0,4.0,4.0,0.0,1.0,1.0
591,24/06/2026,city scrape,Heart Of Barrhaven- Updated Private Guest Suite,Sharmilee,"Ottawa, Canada",f,t,Barrhaven,Entire guest suite,Entire home/apt,24/06/2026,24/07/2026,t,24/06/2026,04/11/2020,10/11/2021,8.0,10.0,5.0,8.0,2.0,45.0,-75.0,4.0,1.0,2.0,1.0,166.0,4990.0,166.0,30.0,365.0,30.0,60.0,90.0,365.0,44.0,0.0,0.0,4.0,4.0,4.0,4.0,4.0,4.0,0.0,2.0,1.0
592,24/06/2026,city scrape,Spacious 4BR Orleans Home w/ Separate In-Law Suite,Amaury,"Ottawa, Canada",t,t,Orleans,Entire bungalow,Entire home/apt,01/11/2026,01/12/2026,t,24/06/2026,17/11/2020,31/05/2023,7.0,6.0,3.0,6.0,2.0,45.0,-75.0,2.0,1.0,2.0,1.0,103.0,1626.0,103.0,30.0,365.0,12.0,29.0,53.0,235.5,22.0,1.0,1.0,4.0,4.0,4.0,4.0,4.0,4.0,1.0,2.0,1.0
593,02/07/2026,previous scrape,Villy's Clean Quiet and Friendly Escape,Villy,"Ottawa, Canada",f,t,Rideau-Rockcliffe,Private room in townhouse,Private room,0000-00-00,"""0000-00-00""",t,02/07/2026,16/11/2020,06/02/2022,10.0,2.0,5.0,7.0,1.0,45.0,-75.0,3.0,1.0,0.0,2.0,173.0,2246.0,173.0,30.0,1125.0,0.0,0.0,0.0,0.0,11.0,0.0,0.0,4.0,4.0,4.0,4.0,4.0,4.0,0.0,1.0,0.0
594,24/06/2026,city scrape,Stylish east downtown house with easy river access,Rodney,"Ottawa, Canada",f,t,Rideau-Rockcliffe,Entire home,Entire home/apt,06/12/2026,06/01/2027,t,24/06/2026,02/01/2021,18/12/2025,12.0,1.0,7.0,2.0,1.0,45.0,-75.0,4.0,1.0,2.0,2.0,90.0,2807.0,90.0,1.0,730.0,2.0,29.0,31.0,231.0,35.0,19.0,27.0,4.0,4.0,4.0,4.0,4.0,4.0,0.0,1.0,1.0
595,24/06/2026,city scrape,"Unique comfortable loft, enjoy the Rideau Canal!",Katie,"Ottawa, Canada",f,t,Rideau-Vanier,Entire loft,Entire home/apt,13/07/2026,12/08/2026,t,24/06/2026,29/11/2020,02/01/2026,6.0,6.0,5.0,7.0,3.0,45.0,-75.0,4.0,1.0,2.0,3.0,103.0,3097.0,103.0,30.0,1125.0,11.0,40.0,40.0,222.0,82.0,3.0,5.0,4.0,4.0,4.0,4.0,4.0,4.0,1.0,3.0,3.0
596,24/06/2026,city scrape,Modern new townhouse close to downtown Ottawa!,Melanie,"Ottawa, Canada",t,t,Rideau-Rockcliffe,Entire townhouse,Entire home/apt,02/07/2026,03/07/2026,t,24/06/2026,25/07/2021,25/05/2026,7.0,6.0,3.0,6.0,2.0,45.0,-75.0,2.0,1.0,2.0,1.0,103.0,1626.0,103.0,30.0,365.0,12.0,29.0,53.0,235.5,22.0,1.0,1.0,4.0,4.0,4.0,4.0,4.0,4.0,1.0,2.0,1.0
597,24/06/2026,city scrape,Cozy crash pad (NOT A DAYTIME OFFICE),Julia,"Ottawa, Canada",f,t,Knoxdale-Merivale,Private room in townhouse,Private room,26/06/2026,26/07/2026,t,24/06/2026,24/11/2020,10/05/2022,6.0,11.0,6.0,4.0,3.0,45.0,-75.0,2.0,1.0,2.0,1.0,43.0,1310.0,43.0,30.0,1125.0,28.0,58.0,88.0,363.0,33.0,0.0,0.0,4.0,4.0,4.0,4.0,4.0,4.0,0.0,3.0,0.0
598,24/06/2026,city scrape,West Centretown two bedrooms unit!,Marilyn,"Ottawa, Canada",f,t,Somerset,Entire guesthouse,Entire home/apt,01/01/2027,31/01/2027,t,24/06/2026,22/12/2020,27/02/2024,9.0,11.0,5.0,6.0,1.0,45.0,-75.0,4.0,1.0,2.0,2.0,103.0,3103.0,103.0,30.0,1125.0,1.0,1.0,1.0,175.0,58.0,0.0,0.0,4.0,4.0,4.0,4.0,4.0,4.0,0.0,1.0,1.0
599,24/06/2026,city scrape,Beautifull House in Nice neighborhood,Junot,"Neuchâtel, Switzerland",f,t,Gloucester-South Nepean,Private room in home,Private room,25/06/2026,25/07/2026,t,24/06/2026,03/12/2020,24/01/2021,7.0,6.0,3.0,6.0,2.0,45.0,-75.0,2.0,1.0,2.0,1.0,103.0,1626.0,103.0,30.0,365.0,12.0,29.0,53.0,235.5,22.0,1.0,1.0,4.0,4.0,4.0,4.0,4.0,4.0,1.0,2.0,1.0
600,24/06/2026,city scrape,"THE LODGE - Ottawa's 12,000sqft Waterfront Mansion",Cory,"Ottawa, Canada",f,t,Gloucester-South Nepean,Entire home,Entire home/apt,24/06/2026,26/06/2026,t,24/06/2026,24/05/2021,20/05/2026,7.0,6.0,3.0,6.0,2.0,45.0,-75.0,2.0,1.0,2.0,1.0,103.0,1626.0,103.0,30.0,365.0,12.0,29.0,53.0,235.5,22.0,1.0,1.0,4.0,4.0,4.0,4.0,4.0,4.0,1.0,2.0,1.0
601,24/06/2026,city scrape,"30+ Night 3BR Home w/Pool, Parking & Putting Green",Jenn,"Ottawa, Canada",t,t,Knoxdale-Merivale,Entire bungalow,Entire home/apt,01/09/2026,01/10/2026,t,24/06/2026,26/07/2021,02/07/2022,7.0,6.0,3.0,6.0,2.0,45.0,-75.0,2.0,1.0,2.0,1.0,103.0,1626.0,103.0,30.0,365.0,12.0,29.0,53.0,235.5,22.0,1.0,1.0,4.0,4.0,4.0,4.0,4.0,4.0,1.0,2.0,1.0
602,02/07/2026,previous scrape,"WFH @ Carnegie Home - Clean, Modern, Private Apt.",Ryan,"Ottawa, Canada",t,t,Alta Vista,Entire guest suite,Entire home/apt,0000-00-00,"""0000-00-00""",t,02/07/2026,19/12/2020,15/12/2025,7.0,6.0,3.0,6.0,2.0,45.0,-75.0,2.0,1.0,2.0,1.0,103.0,1626.0,103.0,30.0,365.0,12.0,29.0,53.0,235.5,22.0,1.0,1.0,4.0,4.0,4.0,4.0,4.0,4.0,1.0,2.0,1.0
603,24/06/2026,city scrape,Executive 5 Bedroom home in Ottawa,Sean,"Ottawa, Canada",f,t,Stittsville-Kanata West,Entire home,Entire home/apt,26/06/2026,26/07/2026,t,24/06/2026,14/03/2021,14/03/2021,7.0,6.0,3.0,6.0,2.0,45.0,-75.0,2.0,1.0,2.0,1.0,103.0,1626.0,103.0,30.0,365.0,12.0,29.0,53.0,235.5,22.0,1.0,1.0,4.0,4.0,4.0,4.0,4.0,4.0,1.0,2.0,1.0
604,24/06/2026,city scrape,Brand New Spacious Executive 2 BDRM with Parking,Lisa,"Ontario, Canada",t,t,Knoxdale-Merivale,Entire rental unit,Entire home/apt,18/10/2026,17/11/2026,t,24/06/2026,26/03/2022,02/05/2026,7.0,6.0,3.0,6.0,2.0,45.0,-75.0,2.0,1.0,2.0,1.0,103.0,1626.0,103.0,30.0,365.0,12.0,29.0,53.0,235.5,22.0,1.0,1.0,4.0,4.0,4.0,4.0,4.0,4.0,1.0,2.0,1.0
605,24/06/2026,city scrape,Room Number 1,Arian,"Ottawa, Canada",t,t,Knoxdale-Merivale,Private room in bungalow,Private room,29/06/2026,01/07/2026,t,24/06/2026,18/12/2020,17/05/2026,6.0,5.0,6.0,5.0,7.0,45.0,-75.0,2.0,1.0,2.0,1.0,95.0,191.0,95.0,2.0,30.0,25.0,55.0,81.0,356.0,120.0,13.0,19.0,4.0,4.0,4.0,4.0,4.0,4.0,1.0,7.0,1.0
606,24/06/2026,city scrape,Luxe 1BR with Private Terrace near Ottawa Hospital,Corporate Stays,"Montreal, Canada",f,f,Kitchissippi,Entire rental unit,Entire home/apt,02/07/2026,02/08/2026,t,24/06/2026,05/04/2024,02/01/2025,7.0,6.0,3.0,6.0,2.0,45.0,-75.0,2.0,1.0,2.0,1.0,103.0,1626.0,103.0,30.0,365.0,12.0,29.0,53.0,235.5,22.0,1.0,1.0,4.0,4.0,4.0,4.0,4.0,4.0,1.0,2.0,1.0
607,24/06/2026,city scrape,Downtown 2BR Gem with Balcony and Skyline Views,Corporate Stays,"Montreal, Canada",f,f,Somerset,Entire rental unit,Entire home/apt,31/07/2026,30/08/2026,t,24/06/2026,30/09/2024,01/03/2026,7.0,6.0,3.0,6.0,2.0,45.0,-75.0,2.0,1.0,2.0,1.0,103.0,1626.0,103.0,30.0,365.0,12.0,29.0,53.0,235.5,22.0,1.0,1.0,4.0,4.0,4.0,4.0,4.0,4.0,1.0,2.0,1.0
608,02/07/2026,previous scrape,Private Room & Bath with FREE Parking in Downtown,Jon,"Ottawa, Canada",f,t,Rideau-Vanier,Private room in condo,Private room,13/07/2026,14/07/2026,t,02/07/2026,04/08/2023,30/06/2026,7.0,6.0,3.0,6.0,2.0,45.0,-75.0,2.0,1.0,2.0,1.0,103.0,1626.0,103.0,30.0,365.0,12.0,29.0,53.0,235.5,22.0,1.0,1.0,4.0,4.0,4.0,4.0,4.0,4.0,1.0,2.0,1.0
609,02/07/2026,previous scrape,"""Cozy ensuite master bedroom in Kanata South""!",Lola,"Ottawa, Canada",f,t,Kanata South,Private room in townhouse,Private room,0000-00-00,"""0000-00-00""",t,02/07/2026,17/01/2021,03/08/2025,5.0,6.0,5.0,6.0,3.0,45.0,-75.0,2.0,1.0,2.0,2.0,173.0,2246.0,173.0,5.0,360.0,0.0,0.0,0.0,0.0,21.0,3.0,10.0,4.0,4.0,4.0,4.0,4.0,4.0,0.0,3.0,0.0
610,24/06/2026,city scrape,Retreat surrounded by majestic trees along a river,Sylvie,"Ottawa, Canada",t,t,Rideau-Goulbourn,Entire home,Entire home/apt,24/06/2026,26/06/2026,t,24/06/2026,18/07/2021,15/06/2026,9.0,9.0,4.0,11.0,1.0,45.0,-75.0,4.0,1.0,2.0,2.0,240.0,480.0,240.0,2.0,30.0,2.0,14.0,39.0,39.0,136.0,30.0,22.0,4.0,4.0,4.0,4.0,4.0,4.0,2.0,1.0,1.0
611,24/06/2026,city scrape,"Entire 2 bedroom unit near NRC-Blair, clean, quiet",Paul,"Ottawa, Canada",f,t,Beacon Hill-Cyrville,Entire home,Entire home/apt,01/07/2026,31/07/2026,t,24/06/2026,30/04/2021,09/06/2023,7.0,6.0,3.0,6.0,2.0,45.0,-75.0,2.0,1.0,2.0,1.0,103.0,1626.0,103.0,30.0,365.0,12.0,29.0,53.0,235.5,22.0,1.0,1.0,4.0,4.0,4.0,4.0,4.0,4.0,1.0,2.0,1.0
612,24/06/2026,city scrape,Charming modern barn style apartment,Aziz,"Ottawa, Canada",f,t,Rideau-Rockcliffe,Entire rental unit,Entire home/apt,24/06/2026,25/06/2026,t,24/06/2026,28/02/2021,07/06/2026,7.0,6.0,3.0,6.0,2.0,45.0,-75.0,2.0,1.0,2.0,1.0,103.0,1626.0,103.0,30.0,365.0,12.0,29.0,53.0,235.5,22.0,1.0,1.0,4.0,4.0,4.0,4.0,4.0,4.0,1.0,2.0,1.0
613,24/06/2026,city scrape,Sparkling clean room pvt. Bath& Fridge and Roku TV,Kambiz,"Ottawa, Canada",f,t,Stittsville-Kanata West,Private room in townhouse,Private room,24/06/2026,24/07/2026,t,24/06/2026,12/03/2021,21/10/2022,7.0,6.0,3.0,6.0,2.0,45.0,-75.0,2.0,1.0,2.0,1.0,103.0,1626.0,103.0,30.0,365.0,12.0,29.0,53.0,235.5,22.0,1.0,1.0,4.0,4.0,4.0,4.0,4.0,4.0,1.0,2.0,1.0
614,24/06/2026,city scrape,Byward Market Ottawa One Bedroom Beautiful Deck #3,Danielle,"Ottawa, Canada",t,t,Rideau-Vanier,Entire rental unit,Entire home/apt,17/07/2026,16/08/2026,t,24/06/2026,06/02/2021,22/02/2026,7.0,0.0,7.0,0.0,5.0,45.0,-75.0,2.0,1.0,1.0,1.0,118.0,3564.0,118.0,30.0,1125.0,7.0,37.0,67.0,247.0,64.0,4.0,6.0,4.0,4.0,4.0,4.0,4.0,4.0,0.0,5.0,5.0
615,24/06/2026,city scrape,Short term rental,Zed,"Ottawa, Canada",f,t,Gloucester-Southgate,Private room in townhouse,Private room,26/06/2026,26/07/2026,t,24/06/2026,10,10,9.0,10.0,9.0,7.0,5.0,45.0,-75.0,2.0,1.0,2.0,1.0,55.0,1657.0,55.0,30.0,90.0,28.0,58.0,88.0,363.0,0.0,0.0,0.0,4.0,4.0,4.0,4.0,4.0,4.0,1.0,4.0,0.0
616,02/07/2026,previous scrape,Cozy One Bedroom w/ Parking - Mins to Downtown!,⁨Ben H.⁩,"Ottawa, Canada",f,t,Kitchissippi,Entire rental unit,Entire home/apt,0000-00-00,"""0000-00-00""",t,02/07/2026,16/05/2021,11/07/2025,7.0,6.0,3.0,6.0,2.0,45.0,-75.0,2.0,1.0,2.0,1.0,103.0,1626.0,103.0,30.0,365.0,12.0,29.0,53.0,235.5,22.0,1.0,1.0,4.0,4.0,4.0,4.0,4.0,4.0,1.0,2.0,1.0
617,24/06/2026,city scrape,Tiny Room 3Min Walk UOttawa Train Station DownTown,Frits,"Mexicali, Mexico",f,t,Rideau-Vanier,Private room in condo,Private room,24/06/2026,24/07/2026,t,24/06/2026,29/01/2021,21/05/2022,7.0,6.0,3.0,6.0,2.0,45.0,-75.0,2.0,1.0,2.0,1.0,103.0,1626.0,103.0,30.0,365.0,12.0,29.0,53.0,235.5,22.0,1.0,1.0,4.0,4.0,4.0,4.0,4.0,4.0,1.0,2.0,1.0
618,24/06/2026,city scrape,Close to everything,Zed,"Ottawa, Canada",f,t,Gloucester-Southgate,Private room in townhouse,Private room,25/06/2026,25/07/2026,t,24/06/2026,08/09/2022,08/09/2022,7.0,6.0,3.0,6.0,2.0,45.0,-75.0,2.0,1.0,2.0,1.0,103.0,1626.0,103.0,30.0,365.0,12.0,29.0,53.0,235.5,22.0,1.0,1.0,4.0,4.0,4.0,4.0,4.0,4.0,1.0,2.0,1.0
619,24/06/2026,city scrape,Charming 1 bedroom Apt in Ottawa Neighborhood,Odette,"Ottawa, Canada",t,t,Orleans,Entire guest suite,Entire home/apt,28/07/2026,04/08/2026,t,24/06/2026,13/02/2021,27/01/2026,5.0,5.0,5.0,5.0,2.0,45.0,-75.0,2.0,1.0,1.0,1.0,97.0,679.0,97.0,7.0,1125.0,0.0,26.0,56.0,331.0,144.0,16.0,33.0,4.0,4.0,4.0,4.0,4.0,4.0,2.0,2.0,1.0
620,02/07/2026,previous scrape,Chic Urban Retreat: Central Ottawa Comfort,Lindsay,Canada,f,t,Capital,Entire home,Entire home/apt,0000-00-00,"""0000-00-00""",t,02/07/2026,28/02/2021,04/08/2025,7.0,6.0,3.0,6.0,2.0,45.0,-75.0,2.0,1.0,2.0,1.0,103.0,1626.0,103.0,30.0,365.0,12.0,29.0,53.0,235.5,22.0,1.0,1.0,4.0,4.0,4.0,4.0,4.0,4.0,1.0,2.0,1.0
621,24/06/2026,city scrape,Spacious Room 3Min Walk To UOTtawa Train/Downtown,Frits,"Mexicali, Mexico",f,t,Rideau-Vanier,Private room in rental unit,Private room,24/06/2026,24/07/2026,t,24/06/2026,01/04/2021,30/09/2023,7.0,6.0,3.0,6.0,2.0,45.0,-75.0,2.0,1.0,2.0,1.0,103.0,1626.0,103.0,30.0,365.0,12.0,29.0,53.0,235.5,22.0,1.0,1.0,4.0,4.0,4.0,4.0,4.0,4.0,1.0,2.0,1.0
622,02/07/2026,previous scrape,Bright basement apartment - close to Dows Lake,Anne,"Ottawa, Canada",t,t,Capital,Entire guest suite,Entire home/apt,01/02/2027,03/03/2027,t,02/07/2026,31/03/2021,29/05/2026,7.0,6.0,3.0,6.0,2.0,45.0,-75.0,2.0,1.0,2.0,1.0,103.0,1626.0,103.0,30.0,365.0,12.0,29.0,53.0,235.5,22.0,1.0,1.0,4.0,4.0,4.0,4.0,4.0,4.0,1.0,2.0,1.0
623,24/06/2026,city scrape,Byward Market Ottawa Beautiful One Bedroom #4,Danielle,"Ottawa, Canada",t,t,Rideau-Vanier,Entire rental unit,Entire home/apt,24/06/2026,24/07/2026,t,24/06/2026,16/02/2021,19/05/2026,7.0,0.0,7.0,0.0,5.0,45.0,-75.0,2.0,1.0,1.0,1.0,90.0,2724.0,90.0,30.0,1125.0,30.0,60.0,90.0,270.0,30.0,4.0,4.0,4.0,4.0,4.0,4.0,4.0,4.0,0.0,5.0,5.0
624,24/06/2026,city scrape,RiverBend Landing near Mooney’s Bay,Kathy,"Ottawa, Canada",t,t,River,Entire guest suite,Entire home/apt,14/10/2026,16/10/2026,t,24/06/2026,05/01/2023,19/06/2026,7.0,6.0,3.0,6.0,2.0,45.0,-75.0,2.0,1.0,2.0,1.0,103.0,1626.0,103.0,30.0,365.0,12.0,29.0,53.0,235.5,22.0,1.0,1.0,4.0,4.0,4.0,4.0,4.0,4.0,1.0,2.0,1.0
625,24/06/2026,city scrape,"""Private bedroom in a family house""",Odette,"Ottawa, Canada",t,t,Orleans,Private room in guest suite,Private room,06/07/2026,09/07/2026,t,24/06/2026,19/04/2021,12/03/2026,5.0,5.0,5.0,5.0,2.0,45.0,-75.0,1.0,1.0,2.0,1.0,68.0,206.0,68.0,3.0,365.0,9.0,34.0,64.0,339.0,95.0,13.0,19.0,4.0,4.0,4.0,4.0,4.0,4.0,1.0,2.0,1.0
626,02/07/2026,previous scrape,"Luxury 1 BDR + Den Condo for Rent, Downtown Ottawa",Shamar,"Ottawa, Canada",f,t,Somerset,Entire condo,Entire home/apt,02/07/2026,02/07/2027,t,02/07/2026,10,10,7.0,6.0,3.0,6.0,2.0,45.0,-75.0,2.0,1.0,2.0,1.0,103.0,1626.0,103.0,30.0,365.0,12.0,29.0,53.0,235.5,22.0,1.0,1.0,4.0,4.0,4.0,4.0,4.0,4.0,1.0,2.0,1.0
627,24/06/2026,city scrape,Very large room for your comfort,Junot,"Neuchâtel, Switzerland",f,t,Gloucester-South Nepean,Private room in home,Private room,24/06/2026,24/07/2026,t,24/06/2026,24/01/2021,24/01/2021,7.0,6.0,3.0,6.0,2.0,45.0,-75.0,2.0,1.0,2.0,1.0,103.0,1626.0,103.0,30.0,365.0,12.0,29.0,53.0,235.5,22.0,1.0,1.0,4.0,4.0,4.0,4.0,4.0,4.0,1.0,2.0,1.0
628,24/06/2026,city scrape,COZY BASEMENT PRIVATE,Badri,"Ottawa, Canada",f,t,Gloucester-Southgate,Private room in home,Private room,01/11/2026,01/12/2026,t,24/06/2026,28/01/2021,18/03/2022,8.0,8.0,7.0,11.0,3.0,45.0,-75.0,2.0,1.0,2.0,2.0,66.0,1996.0,66.0,30.0,120.0,0.0,0.0,0.0,62.0,16.0,0.0,0.0,4.0,4.0,4.0,4.0,4.0,4.0,0.0,3.0,0.0
629,24/06/2026,city scrape,"Skating on the Rideau Canal! Lovely, comfy suite!",Katie,"Ottawa, Canada",f,t,Rideau-Vanier,Entire rental unit,Entire home/apt,21/02/2027,23/03/2027,t,24/06/2026,28/01/2021,02/07/2025,6.0,6.0,5.0,7.0,3.0,45.0,-75.0,5.0,1.0,2.0,3.0,107.0,3216.0,107.0,30.0,1125.0,8.0,11.0,11.0,134.0,60.0,1.0,3.0,4.0,4.0,4.0,4.0,4.0,4.0,0.0,3.0,3.0
630,24/06/2026,city scrape,Stylish Studio Escape near Suya Palace w/ Terrace,Corporate Stays,"Montreal, Canada",f,f,Kitchissippi,Entire rental unit,Entire home/apt,11/07/2026,11/08/2026,t,24/06/2026,26/02/2025,28/03/2026,7.0,6.0,3.0,6.0,2.0,45.0,-75.0,2.0,1.0,2.0,1.0,103.0,1626.0,103.0,30.0,365.0,12.0,29.0,53.0,235.5,22.0,1.0,1.0,4.0,4.0,4.0,4.0,4.0,4.0,1.0,2.0,1.0
631,24/06/2026,city scrape,Byward Market Ottawa Beautiful One Bedroom #6,Danielle,"Ottawa, Canada",t,t,Rideau-Vanier,Entire rental unit,Entire home/apt,24/06/2026,24/07/2026,t,24/06/2026,13/02/2021,18/05/2026,7.0,0.0,7.0,0.0,5.0,45.0,-75.0,2.0,1.0,1.0,1.0,91.0,2752.0,91.0,30.0,1125.0,30.0,60.0,90.0,270.0,35.0,2.0,3.0,4.0,4.0,4.0,4.0,4.0,4.0,0.0,5.0,5.0
632,24/06/2026,city scrape,Tiny Room Across Uottawa 5min walk Downtown,Frits,"Mexicali, Mexico",f,t,Rideau-Vanier,Private room in condo,Private room,24/06/2026,24/07/2026,t,24/06/2026,31/08/2022,31/10/2023,7.0,6.0,3.0,6.0,2.0,45.0,-75.0,2.0,1.0,2.0,1.0,103.0,1626.0,103.0,30.0,365.0,12.0,29.0,53.0,235.5,22.0,1.0,1.0,4.0,4.0,4.0,4.0,4.0,4.0,1.0,2.0,1.0
633,24/06/2026,city scrape,Elegant Eco-Style Townhome in Kanata,Dmitry,"Ottawa, Canada",f,t,Kanata South,Entire townhouse,Entire home/apt,01/09/2026,02/10/2026,t,24/06/2026,26/04/2026,26/04/2026,7.0,6.0,3.0,6.0,2.0,45.0,-75.0,2.0,1.0,2.0,1.0,103.0,1626.0,103.0,30.0,365.0,12.0,29.0,53.0,235.5,22.0,1.0,1.0,4.0,4.0,4.0,4.0,4.0,4.0,1.0,2.0,1.0
634,24/06/2026,city scrape,Modern & Private Downtown Getaway,Mathieu,"Ottawa, Canada",f,t,Rideau-Vanier,Entire home,Entire home/apt,09/07/2026,12/07/2026,t,24/06/2026,14/06/2021,05/06/2026,7.0,6.0,3.0,6.0,2.0,45.0,-75.0,2.0,1.0,2.0,1.0,103.0,1626.0,103.0,30.0,365.0,12.0,29.0,53.0,235.5,22.0,1.0,1.0,4.0,4.0,4.0,4.0,4.0,4.0,1.0,2.0,1.0
635,24/06/2026,city scrape,"Top Floor,  bright, beautiful view of downtown.",Carol,"Ottawa, Canada",t,t,Somerset,Entire rental unit,Entire home/apt,31/08/2026,30/09/2026,t,24/06/2026,08/03/2021,31/03/2026,10.0,7.0,8.0,11.0,7.0,45.0,-75.0,2.0,1.0,1.0,1.0,103.0,3098.0,103.0,30.0,365.0,0.0,0.0,22.0,202.0,70.0,2.0,2.0,4.0,4.0,4.0,4.0,4.0,4.0,1.0,5.0,5.0
636,24/06/2026,city scrape,Ensuite by the canal,Evelyne,"Ottawa, Canada",f,t,Capital,Entire guest suite,Entire home/apt,29/06/2026,01/07/2026,t,24/06/2026,17/02/2021,01/06/2026,7.0,6.0,3.0,6.0,2.0,45.0,-75.0,2.0,1.0,2.0,1.0,103.0,1626.0,103.0,30.0,365.0,12.0,29.0,53.0,235.5,22.0,1.0,1.0,4.0,4.0,4.0,4.0,4.0,4.0,1.0,2.0,1.0
637,24/06/2026,city scrape,Work remote in Luxury Furnished Smarthome,David,"Mississauga, Canada",f,t,River,Private room in bed and breakfast,Private room,24/06/2026,24/07/2026,t,24/06/2026,18/03/2021,24/05/2021,9.0,3.0,5.0,4.0,2.0,45.0,-75.0,1.0,1.0,2.0,2.0,85.0,2573.0,85.0,30.0,1125.0,30.0,60.0,90.0,270.0,4.0,0.0,0.0,4.0,4.0,4.0,4.0,4.0,4.0,0.0,2.0,0.0
638,24/06/2026,city scrape,"Cosy basement apartment Orleans, 20 min to Ottawa",Bruno,"Ottawa, Canada",f,t,Cumberland,Entire guest suite,Entire home/apt,22/11/2026,25/11/2026,t,24/06/2026,30/11/2021,01/10/2024,5.0,3.0,4.0,9.0,1.0,45.0,-75.0,5.0,1.0,2.0,2.0,146.0,440.0,146.0,3.0,75.0,0.0,0.0,0.0,29.0,42.0,0.0,0.0,4.0,4.0,4.0,4.0,4.0,4.0,0.0,1.0,1.0
639,24/06/2026,city scrape,Cozy & Peaceful Private Master Bedroom,Odenie,"Ottawa, Canada",t,t,Gloucester-South Nepean,Private room in home,Private room,30/06/2026,01/07/2026,t,24/06/2026,07/03/2021,21/06/2026,7.0,6.0,3.0,6.0,2.0,45.0,-75.0,2.0,1.0,2.0,1.0,103.0,1626.0,103.0,30.0,365.0,12.0,29.0,53.0,235.5,22.0,1.0,1.0,4.0,4.0,4.0,4.0,4.0,4.0,1.0,2.0,1.0
640,24/06/2026,city scrape,"Luxury Home with HOT TUB, Gazebo & Outdoor Shower",Alden,"Ottawa, Canada",t,t,Gloucester-Southgate,Entire home,Entire home/apt,29/06/2026,01/07/2026,t,24/06/2026,16/05/2021,21/06/2026,7.0,6.0,3.0,6.0,2.0,45.0,-75.0,2.0,1.0,2.0,1.0,103.0,1626.0,103.0,30.0,365.0,12.0,29.0,53.0,235.5,22.0,1.0,1.0,4.0,4.0,4.0,4.0,4.0,4.0,1.0,2.0,1.0
641,24/06/2026,city scrape,Home Away from Home w swimming pool,Korosh,"Ottawa, Canada",f,t,Beacon Hill-Cyrville,Entire home,Entire home/apt,29/06/2026,03/07/2026,t,24/06/2026,02/04/2021,09/11/2025,7.0,6.0,3.0,6.0,2.0,45.0,-75.0,2.0,1.0,2.0,1.0,103.0,1626.0,103.0,30.0,365.0,12.0,29.0,53.0,235.5,22.0,1.0,1.0,4.0,4.0,4.0,4.0,4.0,4.0,1.0,2.0,1.0
642,24/06/2026,city scrape,The Park,Westhaven,"Ottawa, Canada",t,t,River,Entire rental unit,Entire home/apt,04/08/2026,03/09/2026,t,24/06/2026,21/03/2021,10/11/2025,7.0,6.0,3.0,6.0,2.0,45.0,-75.0,2.0,1.0,2.0,1.0,103.0,1626.0,103.0,30.0,365.0,12.0,29.0,53.0,235.5,22.0,1.0,1.0,4.0,4.0,4.0,4.0,4.0,4.0,1.0,2.0,1.0
643,24/06/2026,city scrape,Lovely bright bedroom just 5 mins from the airport,Clemence,"Ottawa, Canada",f,t,Gloucester-Southgate,Private room in townhouse,Private room,25/06/2026,25/07/2026,t,24/06/2026,20/03/2021,28/09/2025,5.0,7.0,5.0,3.0,1.0,45.0,-75.0,2.0,1.0,1.0,1.0,62.0,1887.0,62.0,30.0,730.0,29.0,59.0,89.0,89.0,31.0,4.0,4.0,4.0,4.0,4.0,4.0,4.0,4.0,0.0,1.0,0.0
644,24/06/2026,city scrape,"Private, Very Secure,  Comfortable Reputable Suite",AJay,"Ottawa, Canada",t,t,Gloucester-South Nepean,Private room in townhouse,Private room,30/06/2026,02/07/2026,t,24/06/2026,03/10/2021,15/06/2026,7.0,6.0,3.0,6.0,2.0,45.0,-75.0,2.0,1.0,2.0,1.0,103.0,1626.0,103.0,30.0,365.0,12.0,29.0,53.0,235.5,22.0,1.0,1.0,4.0,4.0,4.0,4.0,4.0,4.0,1.0,2.0,1.0
645,24/06/2026,city scrape,Private guest suite w/ Extra Wide Parking,Marthusha,"Ottawa, Canada",f,t,Beacon Hill-Cyrville,Entire home,Entire home/apt,24/06/2026,24/07/2026,t,24/06/2026,28/04/2021,21/06/2026,9.0,5.0,5.0,11.0,2.0,45.0,-75.0,2.0,1.0,1.0,3.0,178.0,5348.0,178.0,30.0,1125.0,30.0,60.0,90.0,180.0,58.0,6.0,6.0,4.0,4.0,4.0,4.0,4.0,4.0,0.0,1.0,1.0
646,02/07/2026,previous scrape,Fully Equipped Studio in Byward Market,Michaele,"Ottawa, Canada",f,t,Rideau-Vanier,Entire rental unit,Entire home/apt,0000-00-00,"""0000-00-00""",t,02/07/2026,10/04/2021,30/08/2024,7.0,6.0,3.0,6.0,2.0,45.0,-75.0,2.0,1.0,2.0,1.0,103.0,1626.0,103.0,30.0,365.0,12.0,29.0,53.0,235.5,22.0,1.0,1.0,4.0,4.0,4.0,4.0,4.0,4.0,1.0,2.0,1.0
647,24/06/2026,city scrape,Room Across UOttawa University 3Min Walk Train,Frits,"Mexicali, Mexico",f,t,Rideau-Vanier,Private room in rental unit,Private room,24/06/2026,24/07/2026,t,24/06/2026,21/07/2021,22/09/2023,7.0,6.0,3.0,6.0,2.0,45.0,-75.0,2.0,1.0,2.0,1.0,103.0,1626.0,103.0,30.0,365.0,12.0,29.0,53.0,235.5,22.0,1.0,1.0,4.0,4.0,4.0,4.0,4.0,4.0,1.0,2.0,1.0
648,24/06/2026,city scrape,Top Floor Corner Unit Overlooking Downtown Ottawa,Carol,"Ottawa, Canada",t,t,Somerset,Entire rental unit,Entire home/apt,29/08/2026,28/09/2026,t,24/06/2026,03/05/2021,13/01/2026,10.0,7.0,8.0,11.0,7.0,45.0,-75.0,2.0,1.0,1.0,2.0,108.0,3264.0,108.0,30.0,365.0,0.0,0.0,24.0,204.0,52.0,1.0,0.0,4.0,4.0,4.0,4.0,4.0,4.0,0.0,5.0,5.0
649,24/06/2026,city scrape,"Bright, Main Level Apartment with Large Deck",Remote Host,"Ottawa, Canada",f,t,Somerset,Entire rental unit,Entire home/apt,28/06/2026,28/07/2026,t,24/06/2026,24/10/2021,02/01/2024,7.0,4.0,7.0,3.0,2.0,45.0,-75.0,2.0,1.0,1.0,1.0,99.0,2991.0,99.0,14.0,1125.0,26.0,56.0,86.0,276.0,49.0,0.0,0.0,4.0,4.0,4.0,4.0,4.0,4.0,0.0,2.0,2.0
650,24/06/2026,city scrape,Cozy Island View Cottage on the Ottawa River,Jonathan,"Encinitas, CA",f,f,West Carleton-March,Entire cottage,Entire home/apt,01/07/2026,08/07/2026,t,24/06/2026,24/06/2021,23/05/2026,7.0,6.0,3.0,6.0,2.0,45.0,-75.0,2.0,1.0,2.0,1.0,103.0,1626.0,103.0,30.0,365.0,12.0,29.0,53.0,235.5,22.0,1.0,1.0,4.0,4.0,4.0,4.0,4.0,4.0,1.0,2.0,1.0
651,24/06/2026,city scrape,Newly Renovated - Boutique Stay in Downtown Ottawa,Jon,"Ottawa, Canada",t,t,Somerset,Entire rental unit,Entire home/apt,12/09/2026,12/10/2026,t,24/06/2026,09/12/2023,20/06/2026,7.0,6.0,3.0,6.0,2.0,45.0,-75.0,2.0,1.0,2.0,1.0,103.0,1626.0,103.0,30.0,365.0,12.0,29.0,53.0,235.5,22.0,1.0,1.0,4.0,4.0,4.0,4.0,4.0,4.0,1.0,2.0,1.0
652,02/07/2026,previous scrape,Cheerful & Clean Double Bed Room,Ritu,"Ottawa, Canada",t,t,Alta Vista,Private room in home,Private room,0000-00-00,"""0000-00-00""",t,02/07/2026,25/01/2022,16/05/2026,7.0,6.0,3.0,6.0,2.0,45.0,-75.0,2.0,1.0,2.0,1.0,103.0,1626.0,103.0,30.0,365.0,12.0,29.0,53.0,235.5,22.0,1.0,1.0,4.0,4.0,4.0,4.0,4.0,4.0,1.0,2.0,1.0
653,24/06/2026,city scrape,Victorian Room  3Min Walk UOttawa Train Station,Frits,"Mexicali, Mexico",f,t,Rideau-Vanier,Private room in rental unit,Private room,24/06/2026,24/07/2026,t,24/06/2026,10,10,7.0,6.0,3.0,6.0,2.0,45.0,-75.0,2.0,1.0,2.0,1.0,103.0,1626.0,103.0,30.0,365.0,12.0,29.0,53.0,235.5,22.0,1.0,1.0,4.0,4.0,4.0,4.0,4.0,4.0,1.0,2.0,1.0
654,24/06/2026,city scrape,Luxury Two Bedroom Suite ★ Steps from Parliament ★,ReStays Host Concierge,"Ottawa, Canada",t,t,Somerset,Room in boutique hotel,Private room,04/07/2026,05/07/2026,t,24/06/2026,30/01/2022,31/05/2026,7.0,6.0,3.0,6.0,2.0,45.0,-75.0,2.0,1.0,2.0,1.0,103.0,1626.0,103.0,30.0,365.0,12.0,29.0,53.0,235.5,22.0,1.0,1.0,4.0,4.0,4.0,4.0,4.0,4.0,1.0,2.0,1.0
655,24/06/2026,city scrape,Newly Renovated 2 BDRM with Parking,Lisa,"Ontario, Canada",t,t,Bay,Entire guesthouse,Entire home/apt,31/08/2026,30/09/2026,t,24/06/2026,19/08/2021,31/03/2026,7.0,6.0,3.0,6.0,2.0,45.0,-75.0,2.0,1.0,2.0,1.0,103.0,1626.0,103.0,30.0,365.0,12.0,29.0,53.0,235.5,22.0,1.0,1.0,4.0,4.0,4.0,4.0,4.0,4.0,1.0,2.0,1.0
656,24/06/2026,city scrape,Beautiful Modern 3BD Main Floor Suite,Natalie,"Ottawa, Canada",f,t,River,Entire home,Entire home/apt,24/09/2026,24/10/2026,t,24/06/2026,03/08/2021,14/12/2025,13.0,2.0,12.0,9.0,1.0,45.0,-75.0,5.0,1.0,3.0,3.0,142.0,4289.0,142.0,30.0,1125.0,1.0,12.0,12.0,134.0,17.0,1.0,1.0,4.0,4.0,5.0,4.0,4.0,4.0,0.0,1.0,1.0
657,24/06/2026,city scrape,Charming Cabin on the Heritage World Rideau River,Janet,"Kemptville, Canada",f,t,Rideau-Goulbourn,Entire place,Entire home/apt,25/06/2026,25/07/2026,t,24/06/2026,25/07/2021,25/07/2021,7.0,6.0,3.0,6.0,2.0,45.0,-75.0,2.0,1.0,2.0,1.0,103.0,1626.0,103.0,30.0,365.0,12.0,29.0,53.0,235.5,22.0,1.0,1.0,4.0,4.0,4.0,4.0,4.0,4.0,1.0,2.0,1.0
658,24/06/2026,city scrape,Thousand Owls Estate - your resort oasis in Ottawa,Erin,"Ottawa, Canada",f,t,Cumberland,Entire home,Entire home/apt,27/06/2026,01/07/2026,t,24/06/2026,15/07/2021,14/06/2026,7.0,6.0,3.0,6.0,2.0,45.0,-75.0,2.0,1.0,2.0,1.0,103.0,1626.0,103.0,30.0,365.0,12.0,29.0,53.0,235.5,22.0,1.0,1.0,4.0,4.0,4.0,4.0,4.0,4.0,1.0,2.0,1.0
659,24/06/2026,city scrape,Chic 3BR Unit in DT Ottawa Sandyhill w/ Parking,Jaybird,"Ottawa, Canada",f,t,Rideau-Vanier,Entire rental unit,Entire home/apt,29/06/2026,01/07/2026,t,24/06/2026,06/08/2021,09/06/2026,8.0,9.0,8.0,9.0,3.0,45.0,-75.0,6.0,1.0,3.0,3.0,299.0,598.0,299.0,1.0,1125.0,15.0,33.0,38.0,38.0,106.0,2.0,1.0,4.0,4.0,4.0,4.0,4.0,4.0,1.0,1.0,1.0
660,24/06/2026,city scrape,Lovely brand new 1-bedroom condo styled complex,Alysha,"Ottawa, Canada",f,t,Rideau-Vanier,Entire rental unit,Entire home/apt,26/06/2026,26/07/2026,t,24/06/2026,14/07/2021,02/10/2023,9.0,10.0,5.0,0.0,1.0,45.0,-75.0,3.0,1.0,1.0,1.0,89.0,2692.0,89.0,30.0,240.0,28.0,58.0,88.0,88.0,10.0,0.0,0.0,4.0,4.0,4.0,4.0,4.0,4.0,0.0,1.0,1.0
661,24/06/2026,city scrape,Reg’s Place,Reg,"Ottawa, Canada",t,t,Bay,Entire guest suite,Entire home/apt,04/08/2026,08/08/2026,t,24/06/2026,21/07/2021,22/06/2026,7.0,6.0,3.0,6.0,2.0,45.0,-75.0,2.0,1.0,2.0,1.0,103.0,1626.0,103.0,30.0,365.0,12.0,29.0,53.0,235.5,22.0,1.0,1.0,4.0,4.0,4.0,4.0,4.0,4.0,1.0,2.0,1.0
662,24/06/2026,city scrape,Waterfront  Beach Cottage in Constance Bay Ottawa,Dongmei,"Ottawa, Canada",t,t,West Carleton-March,Entire cottage,Entire home/apt,24/06/2026,26/06/2026,t,24/06/2026,18/07/2021,10/06/2026,7.0,6.0,3.0,6.0,2.0,45.0,-75.0,2.0,1.0,2.0,1.0,103.0,1626.0,103.0,30.0,365.0,12.0,29.0,53.0,235.5,22.0,1.0,1.0,4.0,4.0,4.0,4.0,4.0,4.0,1.0,2.0,1.0
663,24/06/2026,city scrape,103 Acre Woods Marlborough Forest The Cedars,Meg,"Ottawa, Canada",f,t,Rideau-Goulbourn,Campsite,Entire home/apt,04/07/2026,03/08/2026,t,24/06/2026,09/08/2021,10/10/2021,7.0,6.0,3.0,6.0,2.0,45.0,-75.0,2.0,1.0,2.0,1.0,103.0,1626.0,103.0,30.0,365.0,12.0,29.0,53.0,235.5,22.0,1.0,1.0,4.0,4.0,4.0,4.0,4.0,4.0,1.0,2.0,1.0
664,24/06/2026,city scrape,103 Acre Woods Marlborough Forest 103 Paces,Meg,"Ottawa, Canada",f,t,Rideau-Goulbourn,Campsite,Entire home/apt,04/07/2026,03/08/2026,t,24/06/2026,31/07/2021,30/06/2022,7.0,6.0,3.0,6.0,2.0,45.0,-75.0,2.0,1.0,2.0,1.0,103.0,1626.0,103.0,30.0,365.0,12.0,29.0,53.0,235.5,22.0,1.0,1.0,4.0,4.0,4.0,4.0,4.0,4.0,1.0,2.0,1.0
665,24/06/2026,city scrape,Beautiful Oasis with Great Amenities in Orleans,Matt,"Ottawa, Canada",t,t,Cumberland,Entire home,Entire home/apt,06/07/2026,09/07/2026,t,24/06/2026,05/07/2024,25/10/2025,7.0,6.0,3.0,6.0,2.0,45.0,-75.0,2.0,1.0,2.0,1.0,103.0,1626.0,103.0,30.0,365.0,12.0,29.0,53.0,235.5,22.0,1.0,1.0,4.0,4.0,4.0,4.0,4.0,4.0,1.0,2.0,1.0
666,24/06/2026,city scrape,Tiny Tiny Room 3Min Walk UOttawa Train Station,Frits,"Mexicali, Mexico",f,t,Rideau-Vanier,Private room in rental unit,Private room,24/06/2026,24/07/2026,t,24/06/2026,15/09/2021,16/09/2022,7.0,6.0,3.0,6.0,2.0,45.0,-75.0,2.0,1.0,2.0,1.0,103.0,1626.0,103.0,30.0,365.0,12.0,29.0,53.0,235.5,22.0,1.0,1.0,4.0,4.0,4.0,4.0,4.0,4.0,1.0,2.0,1.0
667,24/06/2026,city scrape,Cozy and comfy one bedroom with parking,Lisa,"Ontario, Canada",t,t,Rideau-Rockcliffe,Entire rental unit,Entire home/apt,24/06/2026,25/07/2026,t,24/06/2026,27/08/2021,30/04/2025,7.0,6.0,3.0,6.0,2.0,45.0,-75.0,2.0,1.0,2.0,1.0,103.0,1626.0,103.0,30.0,365.0,12.0,29.0,53.0,235.5,22.0,1.0,1.0,4.0,4.0,4.0,4.0,4.0,4.0,1.0,2.0,1.0
668,24/06/2026,city scrape,Clean & Cozy Condo w/ Fast WI-FI & Disney+,Byron,"Zapopan, Mexico",f,t,Rideau-Rockcliffe,Entire home,Entire home/apt,19/07/2026,21/07/2026,t,24/06/2026,05/02/2023,16/06/2026,7.0,6.0,3.0,6.0,2.0,45.0,-75.0,2.0,1.0,2.0,1.0,103.0,1626.0,103.0,30.0,365.0,12.0,29.0,53.0,235.5,22.0,1.0,1.0,4.0,4.0,4.0,4.0,4.0,4.0,1.0,2.0,1.0
669,24/06/2026,city scrape,Great Location in the Glebe - 3 Bed Apt w/ Parking,Christopher,"Ottawa, Canada",t,t,Capital,Entire rental unit,Entire home/apt,21/08/2026,23/08/2026,t,24/06/2026,01/10/2021,22/06/2026,7.0,6.0,3.0,6.0,2.0,45.0,-75.0,2.0,1.0,2.0,1.0,103.0,1626.0,103.0,30.0,365.0,12.0,29.0,53.0,235.5,22.0,1.0,1.0,4.0,4.0,4.0,4.0,4.0,4.0,1.0,2.0,1.0
670,24/06/2026,city scrape,Double Room infront of UOttawa 8Min Walk Downtown,Frits,"Mexicali, Mexico",f,t,Rideau-Vanier,Private room in rental unit,Private room,24/06/2026,24/07/2026,t,24/06/2026,10,10,7.0,6.0,3.0,6.0,2.0,45.0,-75.0,2.0,1.0,2.0,1.0,103.0,1626.0,103.0,30.0,365.0,12.0,29.0,53.0,235.5,22.0,1.0,1.0,4.0,4.0,4.0,4.0,4.0,4.0,1.0,2.0,1.0
671,24/06/2026,city scrape,Home sweet home! ( 1 bedroom + 1 ),Lomega,"Ottawa, Canada",f,t,Innes,Entire guest suite,Entire home/apt,24/06/2026,24/07/2026,t,24/06/2026,08/08/2021,04/07/2023,8.0,8.0,4.0,10.0,1.0,45.0,-75.0,2.0,1.0,2.0,1.0,132.0,3984.0,132.0,30.0,365.0,30.0,60.0,90.0,90.0,32.0,0.0,0.0,4.0,4.0,4.0,4.0,4.0,4.0,0.0,1.0,1.0
672,24/06/2026,city scrape,5 bedroom house in trendy Westboro - Monthly,Ali,"Ottawa, Canada",f,t,Kitchissippi,Entire home,Entire home/apt,01/11/2026,01/12/2026,t,24/06/2026,26/09/2021,29/09/2024,7.0,6.0,3.0,6.0,2.0,45.0,-75.0,2.0,1.0,2.0,1.0,103.0,1626.0,103.0,30.0,365.0,12.0,29.0,53.0,235.5,22.0,1.0,1.0,4.0,4.0,4.0,4.0,4.0,4.0,1.0,2.0,1.0
673,02/07/2026,previous scrape,Heart of downtown walking distance to Parliament4,May,Canada,t,t,Rideau-Vanier,Entire rental unit,Entire home/apt,09/07/2026,19/07/2026,t,02/07/2026,03/09/2021,24/05/2026,9.0,11.0,9.0,6.0,4.0,45.0,-75.0,4.0,1.0,1.0,2.0,151.0,1511.0,151.0,1.0,250.0,23.0,53.0,83.0,353.0,72.0,1.0,4.0,4.0,4.0,4.0,4.0,4.0,4.0,1.0,5.0,5.0
674,24/06/2026,city scrape,1 Guest for Shared Furn’d 3Bedr. Apt 5min to Ott.U,Christine,"Ottawa, Canada",t,t,Rideau-Vanier,Private room in rental unit,Private room,15/07/2026,14/08/2026,t,24/06/2026,26/02/2022,17/05/2026,7.0,6.0,3.0,6.0,2.0,45.0,-75.0,2.0,1.0,2.0,1.0,103.0,1626.0,103.0,30.0,365.0,12.0,29.0,53.0,235.5,22.0,1.0,1.0,4.0,4.0,4.0,4.0,4.0,4.0,1.0,2.0,1.0
675,24/06/2026,city scrape,Lovely - 1 bedroom apartment unit in Ottawa,Mike,"Ottawa, Canada",t,t,College,Entire rental unit,Entire home/apt,01/03/2027,31/03/2027,t,24/06/2026,15/08/2021,20/12/2025,4.0,10.0,4.0,10.0,1.0,45.0,-75.0,2.0,1.0,1.0,1.0,95.0,2877.0,95.0,30.0,1125.0,0.0,0.0,0.0,115.0,127.0,4.0,14.0,4.0,4.0,4.0,4.0,4.0,4.0,2.0,1.0,1.0
676,24/06/2026,city scrape,"Stunning 2 bed, 2 bath by the General Hospital",Short And Suite BnB,"Ottawa, Canada",t,t,Alta Vista,Entire condo,Entire home/apt,25/07/2026,24/08/2026,t,24/06/2026,29/08/2021,01/06/2025,7.0,6.0,3.0,6.0,2.0,45.0,-75.0,2.0,1.0,2.0,1.0,103.0,1626.0,103.0,30.0,365.0,12.0,29.0,53.0,235.5,22.0,1.0,1.0,4.0,4.0,4.0,4.0,4.0,4.0,1.0,2.0,1.0
677,24/06/2026,city scrape,1 Guest/ Furn’d Shared 3-4 Bedr Apt. 5 min Ott. U.,Christine,"Ottawa, Canada",t,t,Rideau-Vanier,Private room in rental unit,Private room,09/09/2026,09/10/2026,t,24/06/2026,22/12/2021,02/05/2026,7.0,6.0,3.0,6.0,2.0,45.0,-75.0,2.0,1.0,2.0,1.0,103.0,1626.0,103.0,30.0,365.0,12.0,29.0,53.0,235.5,22.0,1.0,1.0,4.0,4.0,4.0,4.0,4.0,4.0,1.0,2.0,1.0
678,24/06/2026,city scrape,"Downtown By Beechwood Village - Relax, Walk, Shop",Ike,Canada,t,t,Rideau-Vanier,Entire rental unit,Entire home/apt,09/09/2026,09/10/2026,t,24/06/2026,30/04/2022,12/06/2026,10.0,2.0,10.0,2.0,4.0,45.0,-75.0,4.0,1.0,2.0,2.0,133.0,4001.0,133.0,30.0,730.0,11.0,17.0,30.0,305.0,23.0,12.0,9.0,4.0,4.0,4.0,4.0,4.0,4.0,0.0,4.0,4.0
679,02/07/2026,previous scrape,Private Bedroom with a Private Bathroom,Sharmilee,"Ottawa, Canada",f,t,Barrhaven,Private room in home,Private room,02/07/2026,30/10/2026,t,02/07/2026,10,10,7.0,6.0,3.0,6.0,2.0,45.0,-75.0,2.0,1.0,2.0,1.0,103.0,1626.0,103.0,30.0,365.0,12.0,29.0,53.0,235.5,22.0,1.0,1.0,4.0,4.0,4.0,4.0,4.0,4.0,1.0,2.0,1.0
680,24/06/2026,city scrape,1 Guest for Immacul. Furn'd 3-4 Bedrms. Shared Apt,Christine,"Ottawa, Canada",t,t,Rideau-Vanier,Private room in rental unit,Private room,23/12/2026,22/01/2027,t,24/06/2026,08/10/2021,14/09/2025,7.0,6.0,3.0,6.0,2.0,45.0,-75.0,2.0,1.0,2.0,1.0,103.0,1626.0,103.0,30.0,365.0,12.0,29.0,53.0,235.5,22.0,1.0,1.0,4.0,4.0,4.0,4.0,4.0,4.0,1.0,2.0,1.0
681,24/06/2026,city scrape,New 3 BDRM Spacious & Modern Townhome with Yard,Lisa,"Ontario, Canada",t,t,Gloucester-South Nepean,Entire townhouse,Entire home/apt,15/09/2026,16/10/2026,t,24/06/2026,17/10/2021,01/03/2026,7.0,6.0,3.0,6.0,2.0,45.0,-75.0,2.0,1.0,2.0,1.0,103.0,1626.0,103.0,30.0,365.0,12.0,29.0,53.0,235.5,22.0,1.0,1.0,4.0,4.0,4.0,4.0,4.0,4.0,1.0,2.0,1.0
682,24/06/2026,city scrape,Modern 1 bedroom | Walk to Parliament,Majella,"Ottawa, Canada",f,t,Rideau-Vanier,Entire rental unit,Entire home/apt,13/07/2026,12/08/2026,t,24/06/2026,13/09/2021,31/10/2025,13.0,5.0,10.0,0.0,1.0,45.0,-75.0,2.0,1.0,1.0,1.0,105.0,3169.0,105.0,30.0,1125.0,11.0,41.0,47.0,230.0,27.0,3.0,3.0,4.0,4.0,4.0,4.0,4.0,4.0,0.0,1.0,1.0
683,24/06/2026,city scrape,1 Bedroom Suite in Great Location,Ahmed,"Ottawa, Canada",f,t,Gloucester-South Nepean,Entire guest suite,Entire home/apt,01/08/2026,31/08/2026,t,24/06/2026,22/08/2021,02/11/2025,8.0,10.0,4.0,10.0,4.0,45.0,-75.0,2.0,1.0,1.0,1.0,110.0,3302.0,110.0,30.0,1125.0,0.0,22.0,52.0,327.0,11.0,1.0,2.0,4.0,4.0,5.0,5.0,4.0,4.0,0.0,2.0,2.0
684,24/06/2026,city scrape,"Happy Loving Peaceful Brand-new Space, find yo Zen",Thurka,"Toronto, Canada",f,t,Rideau-Goulbourn,Private room in townhouse,Private room,01/08/2026,31/08/2026,t,24/06/2026,15/08/2021,25/05/2026,7.0,5.0,4.0,10.0,1.0,45.0,-75.0,2.0,1.0,2.0,2.0,77.0,2337.0,77.0,30.0,1125.0,6.0,28.0,58.0,238.0,28.0,2.0,2.0,4.0,4.0,4.0,4.0,4.0,4.0,0.0,1.0,0.0
685,24/06/2026,city scrape,Newly furnished 4-Bedroom Apt. Downtown Ottawa,Eve,"Ottawa, Canada",t,t,Rideau-Vanier,Entire guest suite,Entire home/apt,29/07/2026,31/07/2026,t,24/06/2026,20/04/2025,20/06/2026,7.0,6.0,3.0,6.0,2.0,45.0,-75.0,2.0,1.0,2.0,1.0,103.0,1626.0,103.0,30.0,365.0,12.0,29.0,53.0,235.5,22.0,1.0,1.0,4.0,4.0,4.0,4.0,4.0,4.0,1.0,2.0,1.0
686,24/06/2026,city scrape,Ottawa queen sized bed,Vertibel,"Ottawa, Canada",f,t,Cumberland,Private room in home,Private room,24/06/2026,24/07/2026,t,24/06/2026,22/08/2021,10/10/2021,4.0,10.0,4.0,10.0,1.0,45.0,-75.0,2.0,1.0,2.0,1.0,116.0,3483.0,116.0,30.0,1125.0,30.0,60.0,90.0,365.0,6.0,0.0,0.0,4.0,4.0,4.0,4.0,4.0,4.0,0.0,1.0,0.0
687,02/07/2026,previous scrape,2 Floor Luxury Loft | 1 Bdrm/1.5 Bath | The Scandi,Amanda,"San Francisco, CA",f,t,Somerset,Entire condo,Entire home/apt,17/08/2026,16/09/2026,t,02/07/2026,09/06/2022,09/06/2022,7.0,6.0,3.0,6.0,2.0,45.0,-75.0,2.0,1.0,2.0,1.0,103.0,1626.0,103.0,30.0,365.0,12.0,29.0,53.0,235.5,22.0,1.0,1.0,4.0,4.0,4.0,4.0,4.0,4.0,1.0,2.0,1.0
688,24/06/2026,city scrape,Comfortable 3-Bdrm with HotTub & Private Entrance,Mohsen,"Ottawa, Canada",f,t,Knoxdale-Merivale,Entire guest suite,Entire home/apt,12/07/2026,11/08/2026,t,24/06/2026,12/09/2021,25/10/2025,7.0,6.0,3.0,6.0,2.0,45.0,-75.0,2.0,1.0,2.0,1.0,103.0,1626.0,103.0,30.0,365.0,12.0,29.0,53.0,235.5,22.0,1.0,1.0,4.0,4.0,4.0,4.0,4.0,4.0,1.0,2.0,1.0
689,02/07/2026,previous scrape,Large Room Across UOttawa 10Min Walk To Parliament,Frits,"Mexicali, Mexico",f,t,Rideau-Vanier,Private room in rental unit,Private room,02/07/2026,30/09/2026,t,02/07/2026,01/08/2022,07/10/2023,7.0,6.0,3.0,6.0,2.0,45.0,-75.0,2.0,1.0,2.0,1.0,103.0,1626.0,103.0,30.0,365.0,12.0,29.0,53.0,235.5,22.0,1.0,1.0,4.0,4.0,4.0,4.0,4.0,4.0,1.0,2.0,1.0
690,02/07/2026,previous scrape,"Private room in Orleans townhouse - clean, quiet",Lili,"Ottawa, Canada",f,t,Orleans,Private room in townhouse,Private room,0000-00-00,"""0000-00-00""",t,02/07/2026,12/01/2022,23/06/2024,12.0,9.0,7.0,11.0,4.0,45.0,-75.0,1.0,1.0,2.0,2.0,173.0,2246.0,173.0,30.0,500.0,0.0,0.0,0.0,0.0,35.0,0.0,0.0,4.0,4.0,4.0,4.0,4.0,4.0,0.0,3.0,1.0
691,24/06/2026,city scrape,Home Get-Away Stay,Andrew,"Ottawa, Canada",f,t,Gloucester-South Nepean,Entire home,Entire home/apt,11/07/2026,12/07/2026,t,24/06/2026,05/12/2023,21/06/2026,4.0,10.0,2.0,7.0,2.0,45.0,-75.0,4.0,1.0,2.0,3.0,181.0,181.0,181.0,1.0,365.0,6.0,23.0,50.0,325.0,86.0,40.0,31.0,4.0,4.0,4.0,4.0,4.0,4.0,2.0,1.0,1.0
692,24/06/2026,city scrape,Downtown Ottawa queen suite located in the market,Olivier,"Ottawa, Canada",f,t,Rideau-Vanier,Entire condo,Entire home/apt,24/06/2026,24/07/2026,t,24/06/2026,03/10/2021,22/09/2022,5.0,8.0,4.0,8.0,1.0,45.0,-75.0,2.0,1.0,1.0,1.0,91.0,2738.0,91.0,30.0,60.0,30.0,60.0,90.0,180.0,40.0,0.0,0.0,4.0,4.0,4.0,4.0,4.0,4.0,0.0,1.0,1.0
693,24/06/2026,city scrape,Huge Room 10Min Walk  Parliament/3Min Walk UOttawa,Frits,"Mexicali, Mexico",f,t,Rideau-Vanier,Private room in rental unit,Private room,24/06/2026,24/07/2026,t,24/06/2026,22/12/2021,22/12/2021,7.0,6.0,3.0,6.0,2.0,45.0,-75.0,2.0,1.0,2.0,1.0,103.0,1626.0,103.0,30.0,365.0,12.0,29.0,53.0,235.5,22.0,1.0,1.0,4.0,4.0,4.0,4.0,4.0,4.0,1.0,2.0,1.0
694,02/07/2026,previous scrape,Cozy Private Bedroom!,Suhail,"Ottawa, Canada",f,t,Barrhaven,Private room in townhouse,Private room,0000-00-00,"""0000-00-00""",t,02/07/2026,05/12/2021,16/05/2025,10.0,2.0,9.0,3.0,3.0,45.0,-75.0,1.0,1.0,2.0,2.0,173.0,2246.0,173.0,30.0,1125.0,0.0,0.0,0.0,0.0,19.0,0.0,1.0,4.0,4.0,4.0,4.0,4.0,4.0,0.0,3.0,0.0
695,24/06/2026,city scrape,The Mustard Den : 10mins airport 23mins DT,Eddy,"Ottawa, Canada",t,t,Osgoode,Entire townhouse,Entire home/apt,31/07/2026,02/08/2026,t,24/06/2026,28/01/2022,10/01/2025,7.0,6.0,3.0,6.0,2.0,45.0,-75.0,2.0,1.0,2.0,1.0,103.0,1626.0,103.0,30.0,365.0,12.0,29.0,53.0,235.5,22.0,1.0,1.0,4.0,4.0,4.0,4.0,4.0,4.0,1.0,2.0,1.0
696,24/06/2026,city scrape,Your  Home in Ottawa,Assma,"Ottawa, Canada",f,t,Orleans,Entire home,Entire home/apt,25/06/2026,25/07/2026,t,24/06/2026,10,10,7.0,6.0,3.0,6.0,2.0,45.0,-75.0,2.0,1.0,2.0,1.0,103.0,1626.0,103.0,30.0,365.0,12.0,29.0,53.0,235.5,22.0,1.0,1.0,4.0,4.0,4.0,4.0,4.0,4.0,1.0,2.0,1.0
697,24/06/2026,city scrape,Room with Queen bed near airport/South Keys Metro,Daniel,"Ottawa, Canada",t,t,River,Private room in home,Private room,01/07/2026,31/07/2026,t,24/06/2026,07/09/2021,26/04/2026,12.0,8.0,9.0,11.0,2.0,45.0,-75.0,1.0,1.0,1.0,2.0,38.0,1140.0,38.0,30.0,365.0,23.0,53.0,83.0,358.0,24.0,2.0,1.0,4.0,4.0,4.0,4.0,4.0,4.0,0.0,2.0,0.0
698,02/07/2026,previous scrape,Double Room Across UOttawa/Walk To Parliament,Frits,"Mexicali, Mexico",f,t,Rideau-Vanier,Private room in rental unit,Private room,02/07/2026,30/09/2026,t,02/07/2026,29/10/2021,01/11/2023,7.0,6.0,3.0,6.0,2.0,45.0,-75.0,2.0,1.0,2.0,1.0,103.0,1626.0,103.0,30.0,365.0,12.0,29.0,53.0,235.5,22.0,1.0,1.0,4.0,4.0,4.0,4.0,4.0,4.0,1.0,2.0,1.0
699,24/06/2026,city scrape,ONE BEDROOM UNIT 5Min Drive from DT!,Jean,"Ottawa, Canada",f,t,Rideau-Vanier,Entire rental unit,Entire home/apt,31/07/2026,30/08/2026,t,24/06/2026,01/01/2022,31/07/2025,8.0,4.0,4.0,9.0,1.0,45.0,-75.0,3.0,1.0,1.0,1.0,83.0,2514.0,83.0,30.0,365.0,0.0,23.0,53.0,143.0,7.0,1.0,1.0,4.0,4.0,4.0,5.0,4.0,4.0,0.0,1.0,1.0
700,24/06/2026,city scrape,3 bedroom unit- detached house- NRC-Blair- quiet,Paul,"Ottawa, Canada",f,t,Rideau-Rockcliffe,Entire home,Entire home/apt,26/06/2026,26/07/2026,t,24/06/2026,05/10/2023,05/10/2023,7.0,6.0,3.0,6.0,2.0,45.0,-75.0,2.0,1.0,2.0,1.0,103.0,1626.0,103.0,30.0,365.0,12.0,29.0,53.0,235.5,22.0,1.0,1.0,4.0,4.0,4.0,4.0,4.0,4.0,1.0,2.0,1.0
701,24/06/2026,city scrape,"1-bedroom entire basement unit, separate entrance",Jennifer,"Ottawa, Canada",f,t,Knoxdale-Merivale,Entire home,Entire home/apt,07/08/2026,06/09/2026,t,24/06/2026,18/12/2021,27/04/2025,7.0,6.0,3.0,6.0,2.0,45.0,-75.0,2.0,1.0,2.0,1.0,103.0,1626.0,103.0,30.0,365.0,12.0,29.0,53.0,235.5,22.0,1.0,1.0,4.0,4.0,4.0,4.0,4.0,4.0,1.0,2.0,1.0
702,24/06/2026,city scrape,Capital Getaway - Downtown 2 Bedroom apt w/Parking,Joan,"Ottawa, Canada",t,t,Somerset,Entire rental unit,Entire home/apt,28/07/2026,30/07/2026,t,24/06/2026,31/07/2022,13/06/2026,7.0,6.0,3.0,6.0,2.0,45.0,-75.0,2.0,1.0,2.0,1.0,103.0,1626.0,103.0,30.0,365.0,12.0,29.0,53.0,235.5,22.0,1.0,1.0,4.0,4.0,4.0,4.0,4.0,4.0,1.0,2.0,1.0
703,24/06/2026,city scrape,Private Nest Getaway - Very Large Studio Apartment,Joan,"Ottawa, Canada",t,t,Somerset,Entire rental unit,Entire home/apt,25/06/2026,26/07/2026,t,24/06/2026,24/09/2021,19/05/2026,4.0,10.0,4.0,9.0,4.0,45.0,-75.0,2.0,1.0,2.0,1.0,114.0,3536.0,114.0,31.0,1125.0,29.0,46.0,76.0,256.0,104.0,2.0,1.0,4.0,4.0,4.0,4.0,4.0,4.0,1.0,3.0,3.0
704,24/06/2026,city scrape,Perfect location 2 bedrooms with Parking and wifi,Sam Al,"Ottawa, Canada",t,t,Kitchissippi,Entire rental unit,Entire home/apt,25/06/2026,26/06/2026,t,24/06/2026,04/10/2021,23/06/2026,7.0,6.0,3.0,6.0,2.0,45.0,-75.0,2.0,1.0,2.0,1.0,103.0,1626.0,103.0,30.0,365.0,12.0,29.0,53.0,235.5,22.0,1.0,1.0,4.0,4.0,4.0,4.0,4.0,4.0,1.0,2.0,1.0
705,24/06/2026,city scrape,"Lovely, bright space in vibrant Hintonburg",Lacey,"Ottawa, Canada",f,t,Kitchissippi,Entire rental unit,Entire home/apt,02/09/2026,02/10/2026,t,24/06/2026,13/10/2021,05/12/2025,7.0,6.0,3.0,6.0,2.0,45.0,-75.0,2.0,1.0,2.0,1.0,103.0,1626.0,103.0,30.0,365.0,12.0,29.0,53.0,235.5,22.0,1.0,1.0,4.0,4.0,4.0,4.0,4.0,4.0,1.0,2.0,1.0
706,24/06/2026,city scrape,Entire house ! 3 Bedr  w Balcony,Goump,Canada,f,t,Barrhaven,Entire home,Entire home/apt,07/07/2026,07/08/2026,t,24/06/2026,26/09/2021,31/12/2023,6.0,10.0,4.0,9.0,1.0,45.0,-75.0,6.0,1.0,3.0,3.0,189.0,5875.0,189.0,31.0,1125.0,18.0,48.0,78.0,353.0,13.0,0.0,0.0,4.0,4.0,4.0,4.0,4.0,4.0,0.0,1.0,1.0
707,24/06/2026,city scrape,Quiet and country room in a private domaine,Nola,"Ottawa, Canada",f,t,Osgoode,Private room in home,Private room,24/06/2026,24/07/2026,t,24/06/2026,06/11/2021,25/06/2022,4.0,9.0,4.0,8.0,1.0,45.0,-75.0,2.0,1.0,2.0,2.0,85.0,2559.0,85.0,30.0,31.0,30.0,60.0,90.0,90.0,6.0,0.0,0.0,4.0,4.0,4.0,4.0,4.0,4.0,0.0,1.0,0.0
708,02/07/2026,previous scrape,Dow's Lake/Glebe - 3 Bedroom with garage parking,Rebecca,"Ottawa, Canada",f,t,Capital,Entire home,Entire home/apt,0000-00-00,"""0000-00-00""",t,02/07/2026,11/10/2021,01/01/2025,7.0,6.0,3.0,6.0,2.0,45.0,-75.0,2.0,1.0,2.0,1.0,103.0,1626.0,103.0,30.0,365.0,12.0,29.0,53.0,235.5,22.0,1.0,1.0,4.0,4.0,4.0,4.0,4.0,4.0,1.0,2.0,1.0
709,24/06/2026,city scrape,Serenity Beach House,Trevor,"Ottawa, Canada",t,t,West Carleton-March,Entire bungalow,Entire home/apt,26/06/2026,27/06/2026,t,24/06/2026,30/12/2021,18/05/2026,7.0,6.0,3.0,6.0,2.0,45.0,-75.0,2.0,1.0,2.0,1.0,103.0,1626.0,103.0,30.0,365.0,12.0,29.0,53.0,235.5,22.0,1.0,1.0,4.0,4.0,4.0,4.0,4.0,4.0,1.0,2.0,1.0
710,24/06/2026,city scrape,3 Bed in Central Location - Private Yard & Parking,Natalie,"Ottawa, Canada",f,t,College,Entire home,Entire home/apt,01/11/2026,01/12/2026,t,24/06/2026,15/10/2021,26/06/2023,7.0,6.0,3.0,6.0,2.0,45.0,-75.0,2.0,1.0,2.0,1.0,103.0,1626.0,103.0,30.0,365.0,12.0,29.0,53.0,235.5,22.0,1.0,1.0,4.0,4.0,4.0,4.0,4.0,4.0,1.0,2.0,1.0
711,02/07/2026,previous scrape,Downtown Ottawa Unique View Classic Room  #4,John,"Ottawa, Canada",t,t,Somerset,Private room in rental unit,Private room,0000-00-00,"""0000-00-00""",t,02/07/2026,16/04/2023,27/09/2024,8.0,11.0,3.0,2.0,6.0,45.0,-75.0,2.0,1.0,2.0,2.0,173.0,2246.0,173.0,30.0,1125.0,0.0,0.0,0.0,0.0,88.0,0.0,0.0,4.0,4.0,4.0,4.0,4.0,4.0,2.0,5.0,0.0
712,24/06/2026,city scrape,Cheerful 1 bedroom with free parking,E,"Ottawa, Canada",f,t,Knoxdale-Merivale,Private room in townhouse,Private room,24/06/2026,24/07/2026,t,24/06/2026,10,10,4.0,8.0,3.0,10.0,1.0,45.0,-75.0,1.0,1.0,2.0,1.0,99.0,2987.0,99.0,30.0,1125.0,30.0,60.0,90.0,365.0,0.0,0.0,0.0,4.0,4.0,4.0,4.0,4.0,4.0,1.0,1.0,0.0
713,02/07/2026,previous scrape,Luxe 4 bedroom | Hot Tub | BBQ | King Bed,Rory,"Ottawa, Canada",f,t,Knoxdale-Merivale,Entire home,Entire home/apt,0000-00-00,"""0000-00-00""",t,02/07/2026,21/08/2023,21/08/2023,7.0,6.0,3.0,6.0,2.0,45.0,-75.0,2.0,1.0,2.0,1.0,103.0,1626.0,103.0,30.0,365.0,12.0,29.0,53.0,235.5,22.0,1.0,1.0,4.0,4.0,4.0,4.0,4.0,4.0,1.0,2.0,1.0
714,24/06/2026,city scrape,Cheerful and vibrant 4 bedroom townhouse,Cleverlina,"Ottawa, Canada",f,t,Knoxdale-Merivale,Private room in townhouse,Private room,25/06/2026,25/07/2026,t,24/06/2026,10,10,7.0,6.0,3.0,6.0,2.0,45.0,-75.0,2.0,1.0,2.0,1.0,103.0,1626.0,103.0,30.0,365.0,12.0,29.0,53.0,235.5,22.0,1.0,1.0,4.0,4.0,4.0,4.0,4.0,4.0,1.0,2.0,1.0
715,02/07/2026,previous scrape,Cozy bedroom near 4 min walk to Algonquin College,Rachid,"Ottawa, Canada",t,t,College,Private room in home,Private room,03/07/2026,02/08/2026,t,02/07/2026,31/03/2026,31/03/2026,7.0,6.0,3.0,6.0,2.0,45.0,-75.0,2.0,1.0,2.0,1.0,103.0,1626.0,103.0,30.0,365.0,12.0,29.0,53.0,235.5,22.0,1.0,1.0,4.0,4.0,4.0,4.0,4.0,4.0,1.0,2.0,1.0
716,24/06/2026,city scrape,Artsy Room & Bathroom in the ByWard Market,Maria,"Ottawa, Canada",t,t,Rideau-Vanier,Private room in home,Private room,06/07/2026,08/07/2026,t,24/06/2026,21/05/2022,21/06/2026,11.0,8.0,10.0,8.0,2.0,45.0,-75.0,1.0,1.0,2.0,1.0,135.0,270.0,135.0,2.0,30.0,14.0,38.0,42.0,125.0,88.0,15.0,15.0,4.0,4.0,4.0,4.0,4.0,4.0,1.0,1.0,0.0
717,24/06/2026,city scrape,Cute as a button home w/ all amenities & great loc,Aurora,"Ottawa, Canada",t,t,Capital,Entire home,Entire home/apt,01/10/2026,31/10/2026,t,24/06/2026,07/11/2021,06/01/2026,9.0,9.0,9.0,8.0,3.0,45.0,-75.0,6.0,1.0,2.0,3.0,126.0,3796.0,126.0,30.0,1125.0,0.0,0.0,0.0,261.0,146.0,3.0,18.0,4.0,4.0,4.0,4.0,4.0,4.0,2.0,3.0,3.0
718,02/07/2026,previous scrape,Suite has Private bath Kitchenette 10 min> Airport,Rachid,"Ottawa, Canada",t,t,Alta Vista,Private room in rental unit,Private room,0000-00-00,"""0000-00-00""",t,02/07/2026,04/11/2024,17/11/2025,7.0,6.0,3.0,6.0,2.0,45.0,-75.0,2.0,1.0,2.0,1.0,103.0,1626.0,103.0,30.0,365.0,12.0,29.0,53.0,235.5,22.0,1.0,1.0,4.0,4.0,4.0,4.0,4.0,4.0,1.0,2.0,1.0
719,02/07/2026,previous scrape,KASHY HOMES-Elegant 3 story home near DT & Airport,Kashy,"Ottawa, Canada",t,t,Gloucester-South Nepean,Entire home,Entire home/apt,18/09/2026,18/10/2026,t,02/07/2026,17/03/2022,05/03/2026,7.0,6.0,3.0,6.0,2.0,45.0,-75.0,2.0,1.0,2.0,1.0,103.0,1626.0,103.0,30.0,365.0,12.0,29.0,53.0,235.5,22.0,1.0,1.0,4.0,4.0,4.0,4.0,4.0,4.0,1.0,2.0,1.0
720,24/06/2026,city scrape,Tiny Tiny Room 3Min Walk OttawaU &Train,Frits,"Mexicali, Mexico",f,t,Rideau-Vanier,Private room in rental unit,Private room,24/06/2026,24/07/2026,t,24/06/2026,05/03/2022,30/11/2023,7.0,6.0,3.0,6.0,2.0,45.0,-75.0,2.0,1.0,2.0,1.0,103.0,1626.0,103.0,30.0,365.0,12.0,29.0,53.0,235.5,22.0,1.0,1.0,4.0,4.0,4.0,4.0,4.0,4.0,1.0,2.0,1.0
721,24/06/2026,city scrape,Cozy 2-Floor Condo w Free Parking,Jeff,"Ottawa, Canada",f,t,Kitchissippi,Entire condo,Entire home/apt,30/07/2026,29/08/2026,t,24/06/2026,31/05/2022,08/06/2025,9.0,1.0,4.0,7.0,1.0,45.0,-75.0,4.0,1.0,2.0,3.0,69.0,2086.0,69.0,30.0,365.0,25.0,52.0,82.0,357.0,13.0,0.0,1.0,4.0,4.0,3.0,4.0,4.0,4.0,0.0,1.0,1.0
722,24/06/2026,city scrape,University city center Privateshowroom Free Pking,Sunnie,"Ottawa, Canada",f,t,Rideau-Vanier,Private room in home,Private room,25/06/2026,26/06/2026,t,24/06/2026,02/11/2021,05/06/2026,7.0,6.0,3.0,6.0,2.0,45.0,-75.0,2.0,1.0,2.0,1.0,103.0,1626.0,103.0,30.0,365.0,12.0,29.0,53.0,235.5,22.0,1.0,1.0,4.0,4.0,4.0,4.0,4.0,4.0,1.0,2.0,1.0
723,24/06/2026,city scrape,Forest Suite in the City: 1bd/1bth + parking,Kaitlin,"Ottawa, Canada",t,t,Knoxdale-Merivale,Entire guest suite,Entire home/apt,04/08/2026,07/08/2026,t,24/06/2026,07/11/2021,29/05/2026,7.0,6.0,3.0,6.0,2.0,45.0,-75.0,2.0,1.0,2.0,1.0,103.0,1626.0,103.0,30.0,365.0,12.0,29.0,53.0,235.5,22.0,1.0,1.0,4.0,4.0,4.0,4.0,4.0,4.0,1.0,2.0,1.0
724,02/07/2026,previous scrape,Funky 2 Bedroom Bungalow,Melanie,"Ottawa, Canada",f,t,College,Entire home,Entire home/apt,31/10/2026,30/11/2026,t,02/07/2026,07/11/2021,28/02/2023,4.0,7.0,4.0,7.0,2.0,45.0,-75.0,3.0,1.0,2.0,2.0,173.0,2246.0,173.0,30.0,365.0,25.0,25.0,25.0,269.0,8.0,0.0,0.0,4.0,4.0,5.0,5.0,4.0,4.0,0.0,2.0,2.0
725,02/07/2026,previous scrape,*Fully Equiped Studio in Byward Market*,Michaele,"Ottawa, Canada",f,t,Rideau-Vanier,Entire rental unit,Entire home/apt,0000-00-00,"""0000-00-00""",t,02/07/2026,11/11/2021,01/12/2023,10.0,6.0,6.0,7.0,2.0,45.0,-75.0,2.0,1.0,2.0,2.0,173.0,2246.0,173.0,30.0,90.0,0.0,0.0,0.0,0.0,128.0,0.0,0.0,4.0,4.0,4.0,4.0,4.0,4.0,2.0,2.0,2.0
726,24/06/2026,city scrape,Downtown Private Showroom Walkable + Free Parking,Sunnie,"Ottawa, Canada",f,t,Rideau-Vanier,Private room in home,Private room,24/06/2026,25/06/2026,t,24/06/2026,07/11/2021,24/05/2026,9.0,3.0,9.0,3.0,2.0,45.0,-75.0,2.0,1.0,2.0,1.0,120.0,120.0,120.0,1.0,120.0,22.0,48.0,77.0,251.0,140.0,19.0,31.0,4.0,4.0,4.0,4.0,4.0,4.0,2.0,2.0,0.0
727,24/06/2026,city scrape,Downtown Farmhouse Loft w parking,Grace,"Ottawa, Canada",t,t,Capital,Entire guest suite,Entire home/apt,10/07/2026,11/07/2026,t,24/06/2026,17/11/2021,09/06/2026,7.0,6.0,3.0,6.0,2.0,45.0,-75.0,2.0,1.0,2.0,1.0,103.0,1626.0,103.0,30.0,365.0,12.0,29.0,53.0,235.5,22.0,1.0,1.0,4.0,4.0,4.0,4.0,4.0,4.0,1.0,2.0,1.0
728,24/06/2026,city scrape,Waterfront Retreat Sauna Hot Tub Kayak Canoe Fish,Jenny,"Ottawa, Canada",t,t,West Carleton-March,Entire cottage,Entire home/apt,24/06/2026,25/06/2026,t,24/06/2026,05/12/2021,03/06/2026,7.0,6.0,3.0,6.0,2.0,45.0,-75.0,2.0,1.0,2.0,1.0,103.0,1626.0,103.0,30.0,365.0,12.0,29.0,53.0,235.5,22.0,1.0,1.0,4.0,4.0,4.0,4.0,4.0,4.0,1.0,2.0,1.0
729,24/06/2026,city scrape,The Lookout - Ex. 2 Bedroom Downtown apt w/Parking,Joan,"Ottawa, Canada",t,t,Somerset,Entire rental unit,Entire home/apt,21/09/2026,22/10/2026,t,24/06/2026,21/11/2021,15/09/2025,4.0,10.0,4.0,9.0,4.0,45.0,-75.0,4.0,1.0,2.0,2.0,153.0,4750.0,153.0,31.0,180.0,1.0,1.0,2.0,92.0,102.0,2.0,2.0,4.0,4.0,4.0,4.0,4.0,4.0,1.0,3.0,3.0
730,24/06/2026,city scrape,Spacious one-bedroom suite in a country setting,Claudette,"Ottawa, Canada",t,t,Cumberland,Private room in home,Private room,25/06/2026,26/06/2026,t,24/06/2026,03/07/2022,15/06/2026,7.0,6.0,3.0,6.0,2.0,45.0,-75.0,2.0,1.0,2.0,1.0,103.0,1626.0,103.0,30.0,365.0,12.0,29.0,53.0,235.5,22.0,1.0,1.0,4.0,4.0,4.0,4.0,4.0,4.0,1.0,2.0,1.0
731,24/06/2026,city scrape,Central Ottawa Apartment w/ Parking,Rebecca,"Montreal, Canada",t,t,Somerset,Entire rental unit,Entire home/apt,13/09/2026,13/10/2026,t,24/06/2026,20/11/2021,31/12/2025,7.0,6.0,3.0,6.0,2.0,45.0,-75.0,2.0,1.0,2.0,1.0,103.0,1626.0,103.0,30.0,365.0,12.0,29.0,53.0,235.5,22.0,1.0,1.0,4.0,4.0,4.0,4.0,4.0,4.0,1.0,2.0,1.0
732,24/06/2026,city scrape,Bright Boho 3 Bedroom Lower Level Unit,Melanie,"Ottawa, Canada",f,t,College,Entire rental unit,Entire home/apt,24/07/2026,23/08/2026,t,24/06/2026,27/11/2021,27/11/2021,7.0,6.0,3.0,6.0,2.0,45.0,-75.0,2.0,1.0,2.0,1.0,103.0,1626.0,103.0,30.0,365.0,12.0,29.0,53.0,235.5,22.0,1.0,1.0,4.0,4.0,4.0,4.0,4.0,4.0,1.0,2.0,1.0
733,24/06/2026,city scrape,"True Glamping, 4 Bedroom, Family Cottage Sleeps 12",Vick,"Ottawa, Canada",f,t,West Carleton-March,Entire cottage,Entire home/apt,03/07/2026,06/07/2026,t,24/06/2026,02/01/2022,26/07/2025,7.0,6.0,3.0,6.0,2.0,45.0,-75.0,2.0,1.0,2.0,1.0,103.0,1626.0,103.0,30.0,365.0,12.0,29.0,53.0,235.5,22.0,1.0,1.0,4.0,4.0,4.0,4.0,4.0,4.0,1.0,2.0,1.0
734,24/06/2026,city scrape,Large Family/Group Camping Cottage,Vick,"Ottawa, Canada",f,t,West Carleton-March,Entire cottage,Entire home/apt,25/06/2026,28/06/2026,t,24/06/2026,10,10,7.0,6.0,3.0,6.0,2.0,45.0,-75.0,2.0,1.0,2.0,1.0,103.0,1626.0,103.0,30.0,365.0,12.0,29.0,53.0,235.5,22.0,1.0,1.0,4.0,4.0,4.0,4.0,4.0,4.0,1.0,2.0,1.0
735,24/06/2026,city scrape,King Suite with Private Entrance & Free Parking,Dave,"Ottawa, Canada",t,t,Stittsville-Kanata West,Entire guest suite,Entire home/apt,24/06/2026,26/06/2026,t,24/06/2026,03/12/2021,21/06/2026,7.0,10.0,4.0,7.0,1.0,45.0,-75.0,2.0,1.0,1.0,2.0,177.0,354.0,177.0,1.0,1125.0,5.0,8.0,15.0,271.0,145.0,28.0,29.0,4.0,4.0,4.0,4.0,4.0,4.0,2.0,1.0,1.0
736,24/06/2026,city scrape,Spacious Private Guest Room at Carlington Townhome,Nick,"Ottawa, Canada",t,t,River,Private room in townhouse,Private room,30/08/2026,01/10/2026,t,24/06/2026,05/12/2021,30/04/2026,7.0,6.0,3.0,6.0,2.0,45.0,-75.0,2.0,1.0,2.0,1.0,103.0,1626.0,103.0,30.0,365.0,12.0,29.0,53.0,235.5,22.0,1.0,1.0,4.0,4.0,4.0,4.0,4.0,4.0,1.0,2.0,1.0
737,24/06/2026,city scrape,Spacious 1-bedroom place with free parking,Yehia,"Ottawa, Canada",t,t,Alta Vista,Entire guest suite,Entire home/apt,29/06/2026,30/06/2026,t,24/06/2026,17/12/2021,15/06/2026,7.0,6.0,3.0,6.0,2.0,45.0,-75.0,2.0,1.0,2.0,1.0,103.0,1626.0,103.0,30.0,365.0,12.0,29.0,53.0,235.5,22.0,1.0,1.0,4.0,4.0,4.0,4.0,4.0,4.0,1.0,2.0,1.0
738,24/06/2026,city scrape,Lovely 1 bdrm apartment downtown Ottawa,Siobhan,"Ottawa, Canada",f,t,Rideau-Vanier,Entire rental unit,Entire home/apt,13/08/2026,12/09/2026,t,24/06/2026,14/07/2023,25/08/2025,7.0,6.0,3.0,6.0,2.0,45.0,-75.0,2.0,1.0,2.0,1.0,103.0,1626.0,103.0,30.0,365.0,12.0,29.0,53.0,235.5,22.0,1.0,1.0,4.0,4.0,4.0,4.0,4.0,4.0,1.0,2.0,1.0
739,24/06/2026,city scrape,☻ 1Bd 1Bth Fully Renovated Private Apartment ☻,Armin & Morvarid,"Ottawa, Canada",f,t,Stittsville-Kanata West,Entire guest suite,Entire home/apt,20/07/2026,19/08/2026,t,24/06/2026,24/11/2021,28/04/2026,7.0,6.0,3.0,6.0,2.0,45.0,-75.0,2.0,1.0,2.0,1.0,103.0,1626.0,103.0,30.0,365.0,12.0,29.0,53.0,235.5,22.0,1.0,1.0,4.0,4.0,4.0,4.0,4.0,4.0,1.0,2.0,1.0
740,24/06/2026,city scrape,Cheerfull bedroom in Townhouse Rm # 3,Michelle,"Ottawa, Canada",f,t,Barrhaven,Private room in townhouse,Private room,01/01/2027,31/01/2027,t,24/06/2026,02/12/2021,01/05/2025,8.0,1.0,6.0,11.0,5.0,45.0,-75.0,1.0,1.0,2.0,1.0,32.0,976.0,32.0,30.0,1125.0,0.0,0.0,0.0,174.0,76.0,0.0,3.0,4.0,4.0,4.0,4.0,4.0,4.0,1.0,5.0,1.0
741,24/06/2026,city scrape,Charming 2 bedroom apartment,Hoa,"Ottawa, Canada",f,f,Rideau-Goulbourn,Entire rental unit,Entire home/apt,24/06/2026,24/07/2026,t,24/06/2026,28/11/2021,13/12/2023,7.0,6.0,3.0,6.0,2.0,45.0,-75.0,2.0,1.0,2.0,1.0,103.0,1626.0,103.0,30.0,365.0,12.0,29.0,53.0,235.5,22.0,1.0,1.0,4.0,4.0,4.0,4.0,4.0,4.0,1.0,2.0,1.0
742,24/06/2026,city scrape,Cozy Retreat: Room @Stittsville,Jaldipkumar,"Ottawa, Canada",f,t,Stittsville-Kanata West,Private room in townhouse,Private room,26/06/2026,27/07/2026,t,24/06/2026,10,10,6.0,9.0,2.0,10.0,1.0,45.0,-75.0,1.0,1.0,2.0,1.0,50.0,1573.0,50.0,31.0,365.0,28.0,58.0,88.0,178.0,0.0,0.0,0.0,4.0,4.0,4.0,4.0,4.0,4.0,1.0,1.0,0.0
743,24/06/2026,city scrape,Family & Friends Gathering Place w/ Pool & Hot Tub,Nina,"Ottawa, Canada",t,t,Kanata South,Entire home,Entire home/apt,09/08/2026,12/08/2026,t,24/06/2026,04/07/2023,02/09/2025,7.0,6.0,3.0,6.0,2.0,45.0,-75.0,2.0,1.0,2.0,1.0,103.0,1626.0,103.0,30.0,365.0,12.0,29.0,53.0,235.5,22.0,1.0,1.0,4.0,4.0,4.0,4.0,4.0,4.0,1.0,2.0,1.0
744,24/06/2026,city scrape,Relaxful Trendy Suite w/Fireplace,Alice,"Ottawa, Canada",t,t,Orleans,Entire guest suite,Entire home/apt,24/07/2026,26/07/2026,t,24/06/2026,13/12/2021,05/06/2026,7.0,6.0,3.0,6.0,2.0,45.0,-75.0,2.0,1.0,2.0,1.0,103.0,1626.0,103.0,30.0,365.0,12.0,29.0,53.0,235.5,22.0,1.0,1.0,4.0,4.0,4.0,4.0,4.0,4.0,1.0,2.0,1.0
745,24/06/2026,city scrape,COZY traveller haven close to downtown w/ PARKING,Amani,"Ottawa, Canada",t,t,Rideau-Rockcliffe,Private room in home,Private room,16/08/2026,15/09/2026,t,24/06/2026,30/01/2022,06/02/2026,10.0,9.0,9.0,10.0,7.0,45.0,-75.0,1.0,1.0,2.0,1.0,50.0,1510.0,50.0,30.0,1125.0,8.0,15.0,45.0,320.0,37.0,3.0,3.0,4.0,4.0,5.0,4.0,4.0,4.0,0.0,7.0,1.0
746,24/06/2026,city scrape,Stunning family home in Old Ottawa South!,Samantha,"Ottawa, Canada",t,t,Capital,Entire home,Entire home/apt,01/04/2027,06/04/2027,t,24/06/2026,02/01/2022,07/09/2025,7.0,6.0,3.0,6.0,2.0,45.0,-75.0,2.0,1.0,2.0,1.0,103.0,1626.0,103.0,30.0,365.0,12.0,29.0,53.0,235.5,22.0,1.0,1.0,4.0,4.0,4.0,4.0,4.0,4.0,1.0,2.0,1.0
747,02/07/2026,previous scrape,Home in Ottawa,Tyus,"Ottawa, Canada",f,t,Gloucester-Southgate,Entire home,Entire home/apt,0000-00-00,"""0000-00-00""",t,02/07/2026,13/02/2023,02/01/2025,7.0,6.0,3.0,6.0,2.0,45.0,-75.0,2.0,1.0,2.0,1.0,103.0,1626.0,103.0,30.0,365.0,12.0,29.0,53.0,235.5,22.0,1.0,1.0,4.0,4.0,4.0,4.0,4.0,4.0,1.0,2.0,1.0
748,24/06/2026,city scrape,Lovely 2BDRM Apartment Ideal Location Free Parking,Maya,"Ottawa, Canada",t,t,Rideau-Vanier,Entire rental unit,Entire home/apt,02/07/2026,04/07/2026,t,24/06/2026,28/01/2022,19/06/2026,7.0,6.0,3.0,6.0,2.0,45.0,-75.0,2.0,1.0,2.0,1.0,103.0,1626.0,103.0,30.0,365.0,12.0,29.0,53.0,235.5,22.0,1.0,1.0,4.0,4.0,4.0,4.0,4.0,4.0,1.0,2.0,1.0
749,24/06/2026,city scrape,"Britannia Bay Master bedroom, private ensuite bath",Chas,Canada,f,t,Bay,Private room in home,Private room,27/06/2026,27/07/2026,t,24/06/2026,01/10/2022,31/01/2024,7.0,6.0,3.0,6.0,2.0,45.0,-75.0,2.0,1.0,2.0,1.0,103.0,1626.0,103.0,30.0,365.0,12.0,29.0,53.0,235.5,22.0,1.0,1.0,4.0,4.0,4.0,4.0,4.0,4.0,1.0,2.0,1.0
750,24/06/2026,city scrape,Private entire 1-bedroom with parking and backyard,Mason,"Ottawa, Canada",f,t,Barrhaven,Entire guest suite,Entire home/apt,25/06/2026,26/06/2026,t,24/06/2026,22/01/2022,19/06/2026,7.0,6.0,3.0,6.0,2.0,45.0,-75.0,2.0,1.0,2.0,1.0,103.0,1626.0,103.0,30.0,365.0,12.0,29.0,53.0,235.5,22.0,1.0,1.0,4.0,4.0,4.0,4.0,4.0,4.0,1.0,2.0,1.0
751,24/06/2026,city scrape,Cheerful 2-bedroom townhouse,Subo,"Ottawa, Canada",t,t,Stittsville-Kanata West,Entire townhouse,Entire home/apt,25/06/2026,29/06/2026,t,24/06/2026,30/12/2021,21/06/2026,7.0,6.0,3.0,6.0,2.0,45.0,-75.0,2.0,1.0,2.0,1.0,103.0,1626.0,103.0,30.0,365.0,12.0,29.0,53.0,235.5,22.0,1.0,1.0,4.0,4.0,4.0,4.0,4.0,4.0,1.0,2.0,1.0
752,24/06/2026,city scrape,Private Downtown Condo in Ottawa near Parliament14,May,Canada,t,t,Rideau-Vanier,Entire rental unit,Entire home/apt,24/06/2026,25/06/2026,t,24/06/2026,29/12/2021,16/02/2026,7.0,6.0,3.0,6.0,2.0,45.0,-75.0,2.0,1.0,2.0,1.0,103.0,1626.0,103.0,30.0,365.0,12.0,29.0,53.0,235.5,22.0,1.0,1.0,4.0,4.0,4.0,4.0,4.0,4.0,1.0,2.0,1.0
753,24/06/2026,city scrape,Central suite with private entrance & bath,Tatyana,"Ottawa, Canada",t,t,Rideau-Vanier,Entire guest suite,Entire home/apt,02/07/2026,04/07/2026,t,24/06/2026,31/01/2022,11/06/2026,2.0,8.0,2.0,8.0,3.0,45.0,-75.0,2.0,1.0,1.0,1.0,168.0,337.0,168.0,2.0,1125.0,13.0,27.0,54.0,326.0,150.0,28.0,30.0,4.0,4.0,4.0,4.0,4.0,4.0,2.0,2.0,2.0
754,24/06/2026,city scrape,Cozy 1-bedroom place with hot tub,Allie,"Ottawa, Canada",t,t,Bay,Entire guest suite,Entire home/apt,18/07/2026,20/07/2026,t,24/06/2026,09/01/2022,17/06/2026,4.0,11.0,4.0,6.0,2.0,45.0,-75.0,2.0,1.0,1.0,1.0,246.0,493.0,246.0,2.0,1125.0,6.0,36.0,66.0,66.0,126.0,30.0,35.0,4.0,4.0,4.0,4.0,4.0,4.0,2.0,1.0,1.0
755,02/07/2026,previous scrape,Full Suite w/ Private Entrance.  Personal Parking.,Daniel,"Ottawa, Canada",f,t,College,Entire guest suite,Entire home/apt,04/07/2026,08/07/2026,t,02/07/2026,05/01/2022,17/05/2026,6.0,8.0,4.0,6.0,1.0,45.0,-75.0,3.0,1.0,1.0,2.0,108.0,435.0,108.0,3.0,1125.0,18.0,18.0,18.0,18.0,140.0,29.0,32.0,4.0,4.0,4.0,4.0,4.0,4.0,2.0,1.0,1.0
756,24/06/2026,city scrape,Modern Waterfront Cottage | 30 Mins from Airport,Nikkie,"Ottawa, Canada",t,t,Rideau-Goulbourn,Entire cottage,Entire home/apt,25/06/2026,26/06/2026,t,24/06/2026,27/12/2021,19/06/2026,7.0,6.0,3.0,6.0,2.0,45.0,-75.0,2.0,1.0,2.0,1.0,103.0,1626.0,103.0,30.0,365.0,12.0,29.0,53.0,235.5,22.0,1.0,1.0,4.0,4.0,4.0,4.0,4.0,4.0,1.0,2.0,1.0
757,02/07/2026,previous scrape,Ottawa's 8-BED/4-BATH Modern Home - 2021 NEW BUILD,George,"Ottawa, Canada",t,t,Innes,Entire home,Entire home/apt,07/07/2026,08/07/2026,t,02/07/2026,02/01/2022,29/06/2026,7.0,6.0,3.0,6.0,2.0,45.0,-75.0,2.0,1.0,2.0,1.0,103.0,1626.0,103.0,30.0,365.0,12.0,29.0,53.0,235.5,22.0,1.0,1.0,4.0,4.0,4.0,4.0,4.0,4.0,1.0,2.0,1.0
758,24/06/2026,city scrape,Clean one bedroom,William,"Ottawa, Canada",f,t,Cumberland,Private room in home,Private room,24/06/2026,24/07/2026,t,24/06/2026,01/01/2022,28/03/2022,7.0,6.0,3.0,6.0,2.0,45.0,-75.0,2.0,1.0,2.0,1.0,103.0,1626.0,103.0,30.0,365.0,12.0,29.0,53.0,235.5,22.0,1.0,1.0,4.0,4.0,4.0,4.0,4.0,4.0,1.0,2.0,1.0
759,24/06/2026,city scrape,Comfortable 2 Bedroom Guest House,Garry,"Ottawa, Canada",f,t,Innes,Entire guest suite,Entire home/apt,24/06/2026,24/07/2026,t,24/06/2026,10,10,4.0,5.0,4.0,5.0,1.0,45.0,-75.0,4.0,1.0,2.0,2.0,90.0,2729.0,90.0,30.0,365.0,30.0,60.0,90.0,365.0,0.0,0.0,0.0,4.0,4.0,4.0,4.0,4.0,4.0,1.0,1.0,1.0
760,24/06/2026,city scrape,Modern 2- Bedroom suite in the heart ♥️ of Westboro,Mark,"Ottawa, Canada",t,t,Kitchissippi,Entire rental unit,Entire home/apt,29/06/2026,02/07/2026,t,24/06/2026,22/05/2022,17/06/2026,7.0,6.0,3.0,6.0,2.0,45.0,-75.0,2.0,1.0,2.0,1.0,103.0,1626.0,103.0,30.0,365.0,12.0,29.0,53.0,235.5,22.0,1.0,1.0,4.0,4.0,4.0,4.0,4.0,4.0,1.0,2.0,1.0
761,24/06/2026,city scrape,Master bedroom with ensuite bathroom on 19th floor,Sameer,"Ottawa, Canada",f,t,Kitchissippi,Private room in rental unit,Private room,24/06/2026,24/07/2026,t,24/06/2026,19/02/2022,24/05/2024,7.0,6.0,3.0,6.0,2.0,45.0,-75.0,2.0,1.0,2.0,1.0,103.0,1626.0,103.0,30.0,365.0,12.0,29.0,53.0,235.5,22.0,1.0,1.0,4.0,4.0,4.0,4.0,4.0,4.0,1.0,2.0,1.0
762,24/06/2026,city scrape,Central Studio Apt - Cozy Basement Unit w/ Parking,Rianne,"Ottawa, Canada",t,t,River,Entire rental unit,Entire home/apt,17/07/2026,19/07/2026,t,24/06/2026,08/01/2022,24/06/2026,7.0,6.0,3.0,6.0,2.0,45.0,-75.0,2.0,1.0,2.0,1.0,103.0,1626.0,103.0,30.0,365.0,12.0,29.0,53.0,235.5,22.0,1.0,1.0,4.0,4.0,4.0,4.0,4.0,4.0,1.0,2.0,1.0
763,24/06/2026,city scrape,"The Ottawa Hideaway - spacious, 1 bedroom rental",Christine,"Ottawa, Canada",t,t,Cumberland,Entire guest suite,Entire home/apt,26/08/2026,31/08/2026,t,24/06/2026,21/02/2022,03/03/2026,7.0,6.0,3.0,6.0,2.0,45.0,-75.0,2.0,1.0,2.0,1.0,103.0,1626.0,103.0,30.0,365.0,12.0,29.0,53.0,235.5,22.0,1.0,1.0,4.0,4.0,4.0,4.0,4.0,4.0,1.0,2.0,1.0
764,02/07/2026,previous scrape,A Suite Slice of Home - Centertown - Bachelor,Bianca,"Ottawa, Canada",t,t,Somerset,Entire rental unit,Entire home/apt,0000-00-00,"""0000-00-00""",t,02/07/2026,08/10/2022,14/02/2026,7.0,6.0,3.0,6.0,2.0,45.0,-75.0,2.0,1.0,2.0,1.0,103.0,1626.0,103.0,30.0,365.0,12.0,29.0,53.0,235.5,22.0,1.0,1.0,4.0,4.0,4.0,4.0,4.0,4.0,1.0,2.0,1.0
765,24/06/2026,city scrape,Small Bedroom in kanata south- w/Gym access,Abdo,"Ottawa, Canada",f,t,Kanata South,Private room in home,Private room,24/06/2026,24/07/2026,t,24/06/2026,05/02/2022,14/09/2025,13.0,4.0,4.0,5.0,3.0,45.0,-75.0,1.0,1.0,2.0,1.0,57.0,1721.0,57.0,30.0,365.0,30.0,60.0,90.0,365.0,21.0,3.0,3.0,4.0,4.0,4.0,4.0,4.0,4.0,0.0,2.0,0.0
766,24/06/2026,city scrape,Light-Filled Hintonburg 1 bedroom - WFH Ready!,Christine,"Ottawa, Canada",f,t,Kitchissippi,Entire condo,Entire home/apt,01/07/2026,01/08/2026,t,24/06/2026,10,10,14.0,4.0,4.0,4.0,1.0,45.0,-75.0,2.0,1.0,1.0,1.0,146.0,4546.0,146.0,31.0,90.0,23.0,53.0,83.0,173.0,0.0,0.0,0.0,4.0,4.0,4.0,4.0,4.0,4.0,1.0,1.0,1.0
767,24/06/2026,city scrape,A Cheerful 1-bedroom basement in Ottawa Downtown,Blandine,"Ottawa, Canada",f,t,Rideau-Rockcliffe,Private room in home,Private room,24/06/2026,24/07/2026,t,24/06/2026,03/04/2022,04/07/2024,4.0,11.0,4.0,3.0,1.0,45.0,-75.0,3.0,1.0,2.0,2.0,62.0,1879.0,62.0,30.0,1125.0,30.0,60.0,90.0,365.0,129.0,0.0,0.0,4.0,4.0,4.0,4.0,4.0,4.0,2.0,1.0,0.0
768,24/06/2026,city scrape,Bright & Comfortable 3BR Near Britannia Beach,Vadim,"Ottawa, Canada",t,t,Bay,Entire home,Entire home/apt,21/07/2026,25/07/2026,t,24/06/2026,11/01/2023,21/06/2026,7.0,6.0,3.0,6.0,2.0,45.0,-75.0,2.0,1.0,2.0,1.0,103.0,1626.0,103.0,30.0,365.0,12.0,29.0,53.0,235.5,22.0,1.0,1.0,4.0,4.0,4.0,4.0,4.0,4.0,1.0,2.0,1.0
769,24/06/2026,city scrape,A room Downtown near Uottawa and CHEO,Precious,"Ottawa, Canada",f,t,Capital,Private room in rental unit,Private room,01/01/2027,31/01/2027,t,24/06/2026,19/01/2022,29/08/2022,4.0,5.0,4.0,5.0,1.0,45.0,-75.0,1.0,1.0,2.0,1.0,54.0,1625.0,54.0,30.0,1125.0,27.0,53.0,80.0,349.0,40.0,0.0,0.0,4.0,4.0,4.0,4.0,4.0,4.0,0.0,1.0,0.0
770,24/06/2026,city scrape,Spacious 2 Bedroom Guest Suite,Steve,"Ottawa, Canada",t,t,Gloucester-Southgate,Entire guest suite,Entire home/apt,19/09/2026,19/10/2026,t,24/06/2026,26/12/2024,30/04/2026,7.0,6.0,3.0,6.0,2.0,45.0,-75.0,2.0,1.0,2.0,1.0,103.0,1626.0,103.0,30.0,365.0,12.0,29.0,53.0,235.5,22.0,1.0,1.0,4.0,4.0,4.0,4.0,4.0,4.0,1.0,2.0,1.0
771,24/06/2026,city scrape,Luxury Urban Suites ★ Steps from Parliament ★,ReStays Host Concierge,"Ottawa, Canada",t,t,Somerset,Room in boutique hotel,Private room,01/07/2026,02/07/2026,t,24/06/2026,24/04/2022,17/04/2026,7.0,6.0,3.0,6.0,2.0,45.0,-75.0,2.0,1.0,2.0,1.0,103.0,1626.0,103.0,30.0,365.0,12.0,29.0,53.0,235.5,22.0,1.0,1.0,4.0,4.0,4.0,4.0,4.0,4.0,1.0,2.0,1.0
772,24/06/2026,city scrape,Luxury One Bedroom ★ Steps from Parliament ★,ReStays Host Concierge,"Ottawa, Canada",t,t,Somerset,Room in hotel,Private room,01/07/2026,02/07/2026,t,24/06/2026,30/01/2022,26/05/2026,5.0,1.0,5.0,1.0,4.0,45.0,-75.0,2.0,1.0,1.0,1.0,339.0,339.0,339.0,1.0,1125.0,21.0,50.0,80.0,355.0,44.0,5.0,4.0,4.0,4.0,4.0,4.0,4.0,4.0,0.0,4.0,0.0
773,02/07/2026,previous scrape,Cozy Private Room with Private Ensuite Bathroom,Ibrahim,"Ottawa, Canada",t,t,College,Private room in home,Private room,0000-00-00,"""0000-00-00""",t,02/07/2026,24/01/2022,10/08/2025,7.0,6.0,3.0,6.0,2.0,45.0,-75.0,2.0,1.0,2.0,1.0,103.0,1626.0,103.0,30.0,365.0,12.0,29.0,53.0,235.5,22.0,1.0,1.0,4.0,4.0,4.0,4.0,4.0,4.0,1.0,2.0,1.0
774,24/06/2026,city scrape,"Nice, Clean & Queen  Room w/free parking in City",Ritu,"Ottawa, Canada",t,t,Alta Vista,Private room in home,Private room,01/09/2026,01/10/2026,t,24/06/2026,07/02/2022,30/04/2026,5.0,1.0,4.0,5.0,4.0,45.0,-75.0,1.0,1.0,2.0,1.0,32.0,971.0,32.0,30.0,30.0,2.0,10.0,31.0,121.0,30.0,4.0,2.0,4.0,4.0,5.0,5.0,4.0,4.0,0.0,4.0,0.0
775,02/07/2026,previous scrape,Ottawa (Westboro) | Cozy 2 Bedrm Guest Suite,Dawn,"Ottawa, Canada",t,t,Kitchissippi,Entire rental unit,Entire home/apt,27/09/2026,30/09/2026,t,02/07/2026,25/03/2022,11/12/2025,7.0,6.0,3.0,6.0,2.0,45.0,-75.0,2.0,1.0,2.0,1.0,103.0,1626.0,103.0,30.0,365.0,12.0,29.0,53.0,235.5,22.0,1.0,1.0,4.0,4.0,4.0,4.0,4.0,4.0,1.0,2.0,1.0
776,24/06/2026,city scrape,Large family home: Downtown. Airport. Shops. River,Mohammad,"Ottawa, Canada",t,t,Gloucester-South Nepean,Entire townhouse,Entire home/apt,17/07/2026,17/08/2026,t,24/06/2026,14/02/2022,21/06/2026,7.0,6.0,3.0,6.0,2.0,45.0,-75.0,2.0,1.0,2.0,1.0,103.0,1626.0,103.0,30.0,365.0,12.0,29.0,53.0,235.5,22.0,1.0,1.0,4.0,4.0,4.0,4.0,4.0,4.0,1.0,2.0,1.0
777,24/06/2026,city scrape,2BD MID CENTURY APARTMENT IN THE HEART OF DOWNTOWN,Jenny,"Ottawa, Canada",t,t,Rideau-Vanier,Entire rental unit,Entire home/apt,04/07/2026,05/07/2026,t,24/06/2026,07/02/2022,10/04/2026,7.0,6.0,3.0,6.0,2.0,45.0,-75.0,2.0,1.0,2.0,1.0,103.0,1626.0,103.0,30.0,365.0,12.0,29.0,53.0,235.5,22.0,1.0,1.0,4.0,4.0,4.0,4.0,4.0,4.0,1.0,2.0,1.0
778,02/07/2026,previous scrape,Uplifting Private Bedroom with Smart Lock and Desk,Ibrahim,"Ottawa, Canada",t,t,College,Private room in home,Private room,0000-00-00,"""0000-00-00""",t,02/07/2026,29/01/2022,03/08/2025,7.0,6.0,3.0,6.0,2.0,45.0,-75.0,2.0,1.0,2.0,1.0,103.0,1626.0,103.0,30.0,365.0,12.0,29.0,53.0,235.5,22.0,1.0,1.0,4.0,4.0,4.0,4.0,4.0,4.0,1.0,2.0,1.0
779,02/07/2026,previous scrape,Cheerful Private Room with Smart Lock and Desk,Ibrahim,"Ottawa, Canada",t,t,College,Private room in home,Private room,0000-00-00,"""0000-00-00""",t,02/07/2026,04/02/2022,02/08/2025,7.0,6.0,3.0,6.0,2.0,45.0,-75.0,2.0,1.0,2.0,1.0,103.0,1626.0,103.0,30.0,365.0,12.0,29.0,53.0,235.5,22.0,1.0,1.0,4.0,4.0,4.0,4.0,4.0,4.0,1.0,2.0,1.0
780,02/07/2026,previous scrape,Bright and beautifully furnished one bedroom home,Jesse,"Ottawa, Canada",f,t,Somerset,Entire home,Entire home/apt,0000-00-00,"""0000-00-00""",t,02/07/2026,10,10,13.0,3.0,11.0,10.0,1.0,45.0,-75.0,4.0,1.0,1.0,2.0,173.0,2246.0,173.0,30.0,90.0,0.0,0.0,0.0,0.0,0.0,0.0,0.0,4.0,4.0,4.0,4.0,4.0,4.0,1.0,1.0,1.0
781,24/06/2026,city scrape,"Modern 1 bedroom, indoor fireplace & Free Parking",Mathieu,"Ottawa, Canada",f,t,Rideau-Vanier,Entire rental unit,Entire home/apt,24/06/2026,24/07/2026,t,24/06/2026,01/09/2022,31/07/2025,5.0,9.0,5.0,0.0,2.0,45.0,-75.0,2.0,1.0,1.0,1.0,120.0,3606.0,120.0,30.0,365.0,30.0,60.0,90.0,180.0,10.0,1.0,2.0,4.0,4.0,4.0,4.0,4.0,4.0,0.0,2.0,2.0
782,24/06/2026,city scrape,Gorgeous 2 Bedroom Walk-Out Apt. in Kanata Lakes,Fatima,"Ottawa, Canada",t,t,Kanata North,Entire rental unit,Entire home/apt,04/08/2026,03/09/2026,t,24/06/2026,04/03/2022,05/04/2026,7.0,6.0,3.0,6.0,2.0,45.0,-75.0,2.0,1.0,2.0,1.0,103.0,1626.0,103.0,30.0,365.0,12.0,29.0,53.0,235.5,22.0,1.0,1.0,4.0,4.0,4.0,4.0,4.0,4.0,1.0,2.0,1.0
783,24/06/2026,city scrape,"Entire suite, busy business area 20min to downtown",Tuan,"Ottawa, Canada",f,t,Barrhaven,Entire home,Entire home/apt,17/07/2026,19/07/2026,t,24/06/2026,24/04/2022,21/06/2026,7.0,6.0,3.0,6.0,2.0,45.0,-75.0,2.0,1.0,2.0,1.0,103.0,1626.0,103.0,30.0,365.0,12.0,29.0,53.0,235.5,22.0,1.0,1.0,4.0,4.0,4.0,4.0,4.0,4.0,1.0,2.0,1.0
784,02/07/2026,previous scrape,Beautiful 2 Bedroom Renovated Unit,Wael,"Ottawa, Canada",f,t,Alta Vista,Entire guest suite,Entire home/apt,0000-00-00,"""0000-00-00""",t,02/07/2026,14/03/2022,26/01/2025,10.0,8.0,4.0,3.0,3.0,45.0,-75.0,4.0,1.0,2.0,2.0,173.0,2246.0,173.0,1.0,1125.0,0.0,0.0,0.0,0.0,108.0,0.0,3.0,4.0,4.0,4.0,4.0,4.0,4.0,2.0,1.0,1.0
785,24/06/2026,city scrape,NEW Private 1-bedroom Suite + Parking,Lauren,"Ottawa, Canada",t,t,Gloucester-South Nepean,Entire guest suite,Entire home/apt,24/06/2026,25/06/2026,t,24/06/2026,06/11/2022,20/06/2026,10.0,4.0,3.0,7.0,1.0,45.0,-75.0,2.0,1.0,1.0,1.0,155.0,155.0,155.0,1.0,60.0,4.0,32.0,62.0,336.0,114.0,27.0,37.0,4.0,4.0,4.0,4.0,4.0,4.0,2.0,1.0,1.0
786,24/06/2026,city scrape,Cozy Basement Studio,Alexandra,"Ottawa, Canada",t,t,Capital,Entire guest suite,Entire home/apt,30/06/2026,02/07/2026,t,24/06/2026,13/11/2022,06/06/2026,11.0,9.0,3.0,8.0,1.0,45.0,-75.0,2.0,1.0,2.0,2.0,160.0,320.0,160.0,1.0,1125.0,9.0,22.0,28.0,28.0,132.0,31.0,27.0,4.0,4.0,4.0,4.0,4.0,4.0,3.0,1.0,1.0
787,24/06/2026,city scrape,Bright & X-large Queen  bedroom with free parking.,Ritu,"Ottawa, Canada",t,t,Alta Vista,Private room in home,Private room,01/09/2026,01/10/2026,t,24/06/2026,18/02/2022,18/10/2025,7.0,6.0,3.0,6.0,2.0,45.0,-75.0,2.0,1.0,2.0,1.0,103.0,1626.0,103.0,30.0,365.0,12.0,29.0,53.0,235.5,22.0,1.0,1.0,4.0,4.0,4.0,4.0,4.0,4.0,1.0,2.0,1.0
788,24/06/2026,city scrape,Furnished Luxury 2 bedroom in Stittsville,Jessica,"Ottawa, Canada",f,t,Stittsville-Kanata West,Entire rental unit,Entire home/apt,25/06/2026,25/07/2026,t,24/06/2026,28/07/2025,12/06/2026,7.0,6.0,3.0,6.0,2.0,45.0,-75.0,2.0,1.0,2.0,1.0,103.0,1626.0,103.0,30.0,365.0,12.0,29.0,53.0,235.5,22.0,1.0,1.0,4.0,4.0,4.0,4.0,4.0,4.0,1.0,2.0,1.0
789,24/06/2026,city scrape,5BR Work Crew Stay – Prime Location | Huge Parking,Natalie,"Ottawa, Canada",f,t,College,Entire home,Entire home/apt,01/10/2026,31/10/2026,t,24/06/2026,21/02/2022,20/07/2025,7.0,6.0,3.0,6.0,2.0,45.0,-75.0,2.0,1.0,2.0,1.0,103.0,1626.0,103.0,30.0,365.0,12.0,29.0,53.0,235.5,22.0,1.0,1.0,4.0,4.0,4.0,4.0,4.0,4.0,1.0,2.0,1.0
790,24/06/2026,city scrape,Spacious basement suite with a private bathroom,Josy,"Ottawa, Canada",t,t,Cumberland,Private room in townhouse,Private room,29/06/2026,30/06/2026,t,24/06/2026,28/02/2022,23/06/2026,7.0,6.0,3.0,6.0,2.0,45.0,-75.0,2.0,1.0,2.0,1.0,103.0,1626.0,103.0,30.0,365.0,12.0,29.0,53.0,235.5,22.0,1.0,1.0,4.0,4.0,4.0,4.0,4.0,4.0,1.0,2.0,1.0
791,24/06/2026,city scrape,Bright and Clean Centretown 1-bedroom with PARKING,Mitchell,"Ottawa, Canada",t,t,Somerset,Entire rental unit,Entire home/apt,01/12/2026,31/12/2026,t,24/06/2026,18/03/2022,20/06/2026,11.0,0.0,4.0,3.0,1.0,45.0,-75.0,2.0,1.0,1.0,2.0,79.0,2379.0,79.0,3.0,1125.0,1.0,22.0,22.0,54.0,129.0,37.0,34.0,4.0,4.0,4.0,4.0,4.0,4.0,2.0,1.0,1.0
792,02/07/2026,previous scrape,Lovely Ottawa  4-Bedroom Loft - Rare Find!,Nancy,"Ottawa, Canada",f,t,Rideau-Vanier,Entire rental unit,Entire home/apt,0000-00-00,"""0000-00-00""",t,02/07/2026,20/02/2022,30/04/2024,7.0,6.0,3.0,6.0,2.0,45.0,-75.0,2.0,1.0,2.0,1.0,103.0,1626.0,103.0,30.0,365.0,12.0,29.0,53.0,235.5,22.0,1.0,1.0,4.0,4.0,4.0,4.0,4.0,4.0,1.0,2.0,1.0
793,24/06/2026,city scrape,Ecovacations,Jarullah,"Ottawa, Canada",f,t,Stittsville-Kanata West,Entire rental unit,Entire home/apt,29/06/2026,30/06/2026,t,24/06/2026,17/04/2022,17/06/2026,7.0,6.0,3.0,6.0,2.0,45.0,-75.0,2.0,1.0,2.0,1.0,103.0,1626.0,103.0,30.0,365.0,12.0,29.0,53.0,235.5,22.0,1.0,1.0,4.0,4.0,4.0,4.0,4.0,4.0,1.0,2.0,1.0
794,24/06/2026,city scrape,Room in shared suite,Sharmilee,"Ottawa, Canada",f,t,Barrhaven,Private room in home,Private room,24/06/2026,24/07/2026,t,24/06/2026,10,10,7.0,6.0,3.0,6.0,2.0,45.0,-75.0,2.0,1.0,2.0,1.0,103.0,1626.0,103.0,30.0,365.0,12.0,29.0,53.0,235.5,22.0,1.0,1.0,4.0,4.0,4.0,4.0,4.0,4.0,1.0,2.0,1.0
795,24/06/2026,city scrape,Room,Sharmilee,"Ottawa, Canada",f,t,Barrhaven,Private room in home,Private room,24/06/2026,24/07/2026,t,24/06/2026,10,10,7.0,6.0,3.0,6.0,2.0,45.0,-75.0,2.0,1.0,2.0,1.0,103.0,1626.0,103.0,30.0,365.0,12.0,29.0,53.0,235.5,22.0,1.0,1.0,4.0,4.0,4.0,4.0,4.0,4.0,1.0,2.0,1.0
796,02/07/2026,previous scrape,Cozy room in a 3 bedroom townhouse in Kanata.,Lola,"Ottawa, Canada",f,t,Kanata South,Private room in townhouse,Private room,01/01/2027,31/01/2027,t,02/07/2026,09/04/2022,31/01/2026,5.0,6.0,5.0,6.0,3.0,45.0,-75.0,1.0,1.0,2.0,2.0,49.0,1479.0,49.0,30.0,1125.0,0.0,0.0,0.0,87.0,36.0,1.0,3.0,4.0,4.0,4.0,4.0,4.0,4.0,0.0,3.0,0.0
797,24/06/2026,city scrape,Tranquil 4bed home in Ottawa with parking!,Sal,"Ottawa, Canada",t,t,Gloucester-South Nepean,Entire home,Entire home/apt,01/07/2026,03/07/2026,t,24/06/2026,04/06/2022,03/02/2026,7.0,6.0,3.0,6.0,2.0,45.0,-75.0,2.0,1.0,2.0,1.0,103.0,1626.0,103.0,30.0,365.0,12.0,29.0,53.0,235.5,22.0,1.0,1.0,4.0,4.0,4.0,4.0,4.0,4.0,1.0,2.0,1.0
798,24/06/2026,city scrape,Divine room (queen)+private bathroom,Ernesto,"Ottawa, Canada",f,t,Rideau-Vanier,Room in boutique hotel,Private room,24/06/2026,25/06/2026,t,24/06/2026,06/03/2022,09/06/2026,7.0,6.0,3.0,6.0,2.0,45.0,-75.0,2.0,1.0,2.0,1.0,103.0,1626.0,103.0,30.0,365.0,12.0,29.0,53.0,235.5,22.0,1.0,1.0,4.0,4.0,4.0,4.0,4.0,4.0,1.0,2.0,1.0
799,24/06/2026,city scrape,Exquisite room (queen)+private bathroom,Ernesto,"Ottawa, Canada",f,t,Rideau-Vanier,Room in boutique hotel,Private room,25/06/2026,26/06/2026,t,24/06/2026,23/02/2022,10/06/2026,7.0,6.0,3.0,6.0,2.0,45.0,-75.0,2.0,1.0,2.0,1.0,103.0,1626.0,103.0,30.0,365.0,12.0,29.0,53.0,235.5,22.0,1.0,1.0,4.0,4.0,4.0,4.0,4.0,4.0,1.0,2.0,1.0
800,24/06/2026,city scrape,Fabulous room (queen)+private bathroom,Ernesto,"Ottawa, Canada",f,t,Rideau-Vanier,Room in boutique hotel,Private room,24/06/2026,25/06/2026,t,24/06/2026,27/02/2022,07/06/2026,7.0,6.0,3.0,6.0,2.0,45.0,-75.0,2.0,1.0,2.0,1.0,103.0,1626.0,103.0,30.0,365.0,12.0,29.0,53.0,235.5,22.0,1.0,1.0,4.0,4.0,4.0,4.0,4.0,4.0,1.0,2.0,1.0
801,24/06/2026,city scrape,Cozy Loft queen bed private bathroom,Ernesto,"Ottawa, Canada",f,t,Rideau-Vanier,Room in boutique hotel,Private room,24/06/2026,25/06/2026,t,24/06/2026,21/03/2022,07/06/2026,7.0,6.0,3.0,6.0,2.0,45.0,-75.0,2.0,1.0,2.0,1.0,103.0,1626.0,103.0,30.0,365.0,12.0,29.0,53.0,235.5,22.0,1.0,1.0,4.0,4.0,4.0,4.0,4.0,4.0,1.0,2.0,1.0
802,02/07/2026,previous scrape,Downtown Ottawa 2-bedroom unit,Carol,"Ottawa, Canada",t,t,Somerset,Entire rental unit,Entire home/apt,01/01/2027,31/01/2027,t,02/07/2026,17/04/2022,24/03/2026,10.0,7.0,8.0,11.0,7.0,45.0,-75.0,4.0,1.0,2.0,2.0,126.0,3789.0,126.0,30.0,1125.0,0.0,11.0,11.0,98.0,20.0,3.0,3.0,4.0,4.0,5.0,4.0,4.0,4.0,0.0,5.0,5.0
803,24/06/2026,city scrape,Cozy 1-bedroom rental Ottawa Chinatown,Andy,"Ottawa, Canada",t,t,Somerset,Entire rental unit,Entire home/apt,06/07/2026,07/07/2026,t,24/06/2026,05/05/2022,10/06/2026,7.0,6.0,3.0,6.0,2.0,45.0,-75.0,2.0,1.0,2.0,1.0,103.0,1626.0,103.0,30.0,365.0,12.0,29.0,53.0,235.5,22.0,1.0,1.0,4.0,4.0,4.0,4.0,4.0,4.0,1.0,2.0,1.0
804,24/06/2026,city scrape,Dow's Lake Retreat Studio,Teuta,"Ottawa, Canada",t,t,Capital,Entire rental unit,Entire home/apt,08/09/2026,10/09/2026,t,24/06/2026,10/03/2024,21/06/2026,7.0,6.0,3.0,6.0,2.0,45.0,-75.0,2.0,1.0,2.0,1.0,103.0,1626.0,103.0,30.0,365.0,12.0,29.0,53.0,235.5,22.0,1.0,1.0,4.0,4.0,4.0,4.0,4.0,4.0,1.0,2.0,1.0
805,02/07/2026,previous scrape,COZY WESTBORO COTTAGE   : UPGRADED 3 BED W/ PRKING,Nathan,"Ottawa, Canada",f,t,Kitchissippi,Entire home,Entire home/apt,0000-00-00,"""0000-00-00""",t,02/07/2026,25/06/2022,31/05/2026,7.0,6.0,3.0,6.0,2.0,45.0,-75.0,2.0,1.0,2.0,1.0,103.0,1626.0,103.0,30.0,365.0,12.0,29.0,53.0,235.5,22.0,1.0,1.0,4.0,4.0,4.0,4.0,4.0,4.0,1.0,2.0,1.0
806,24/06/2026,city scrape,Comfy 3 Bedroom Cottage - Sleeps 8,Vick,"Ottawa, Canada",f,t,West Carleton-March,Entire cottage,Entire home/apt,24/06/2026,27/06/2026,t,24/06/2026,03/07/2022,26/08/2025,7.0,6.0,3.0,6.0,2.0,45.0,-75.0,2.0,1.0,2.0,1.0,103.0,1626.0,103.0,30.0,365.0,12.0,29.0,53.0,235.5,22.0,1.0,1.0,4.0,4.0,4.0,4.0,4.0,4.0,1.0,2.0,1.0
807,24/06/2026,city scrape,"Sleigh Room, Downtown, Second Wind Ottawa! Parking",Pamela And Judith,"Ottawa, Canada",t,t,Somerset,Private room in guest suite,Private room,01/07/2026,02/07/2026,t,24/06/2026,24/04/2022,21/06/2026,7.0,6.0,3.0,6.0,2.0,45.0,-75.0,2.0,1.0,2.0,1.0,103.0,1626.0,103.0,30.0,365.0,12.0,29.0,53.0,235.5,22.0,1.0,1.0,4.0,4.0,4.0,4.0,4.0,4.0,1.0,2.0,1.0
808,02/07/2026,previous scrape,Lovely one bedroom apartment near Westboro,Sarah,"Ottawa, Canada",f,t,Bay,Entire rental unit,Entire home/apt,0000-00-00,"""0000-00-00""",t,02/07/2026,27/03/2022,05/08/2024,4.0,3.0,4.0,3.0,1.0,45.0,-75.0,2.0,1.0,1.0,2.0,173.0,2246.0,173.0,31.0,365.0,0.0,0.0,0.0,0.0,14.0,0.0,0.0,4.0,4.0,4.0,4.0,4.0,4.0,0.0,1.0,1.0
809,24/06/2026,city scrape,Beach Front in Constance Bay with Hot Tub,Jack,"Ottawa, Canada",t,t,West Carleton-March,Entire villa,Entire home/apt,26/06/2026,29/06/2026,t,24/06/2026,20/05/2024,20/10/2025,7.0,6.0,3.0,6.0,2.0,45.0,-75.0,2.0,1.0,2.0,1.0,103.0,1626.0,103.0,30.0,365.0,12.0,29.0,53.0,235.5,22.0,1.0,1.0,4.0,4.0,4.0,4.0,4.0,4.0,1.0,2.0,1.0
810,24/06/2026,city scrape,Quaint Home w. Huge Backyard | Central Location,Natalie,"Ottawa, Canada",f,t,College,Entire guest suite,Entire home/apt,14/07/2026,13/08/2026,t,24/06/2026,28/03/2022,09/12/2024,7.0,6.0,3.0,6.0,2.0,45.0,-75.0,2.0,1.0,2.0,1.0,103.0,1626.0,103.0,30.0,365.0,12.0,29.0,53.0,235.5,22.0,1.0,1.0,4.0,4.0,4.0,4.0,4.0,4.0,1.0,2.0,1.0
811,24/06/2026,city scrape,Sunroom Downtown Canal Second Wind Ottawa!Parking!,Pamela And Judith,"Ottawa, Canada",t,t,Somerset,Private room in guest suite,Private room,07/07/2026,08/07/2026,t,24/06/2026,24/04/2022,19/06/2026,7.0,6.0,3.0,6.0,2.0,45.0,-75.0,2.0,1.0,2.0,1.0,103.0,1626.0,103.0,30.0,365.0,12.0,29.0,53.0,235.5,22.0,1.0,1.0,4.0,4.0,4.0,4.0,4.0,4.0,1.0,2.0,1.0
812,24/06/2026,city scrape,Private spacious 1 bedroom basement apartment,Eric,"Ottawa, Canada",f,t,Bay,Entire rental unit,Entire home/apt,25/08/2026,24/09/2026,t,24/06/2026,01/01/2023,01/12/2025,7.0,6.0,3.0,6.0,2.0,45.0,-75.0,2.0,1.0,2.0,1.0,103.0,1626.0,103.0,30.0,365.0,12.0,29.0,53.0,235.5,22.0,1.0,1.0,4.0,4.0,4.0,4.0,4.0,4.0,1.0,2.0,1.0
813,24/06/2026,city scrape,Lux Room | Private Bath | Free Parking |Trainyards,Alex,"Ottawa, Canada",f,t,Alta Vista,Private room in townhouse,Private room,27/06/2026,27/07/2026,t,24/06/2026,15/03/2023,15/03/2023,7.0,6.0,3.0,6.0,2.0,45.0,-75.0,2.0,1.0,2.0,1.0,103.0,1626.0,103.0,30.0,365.0,12.0,29.0,53.0,235.5,22.0,1.0,1.0,4.0,4.0,4.0,4.0,4.0,4.0,1.0,2.0,1.0
814,24/06/2026,city scrape,5 Bed Crew House | Central Location & Parking,Natalie,"Ottawa, Canada",f,t,College,Entire guest suite,Entire home/apt,01/09/2026,01/10/2026,t,24/06/2026,20/03/2022,26/07/2023,7.0,6.0,3.0,6.0,2.0,45.0,-75.0,2.0,1.0,2.0,1.0,103.0,1626.0,103.0,30.0,365.0,12.0,29.0,53.0,235.5,22.0,1.0,1.0,4.0,4.0,4.0,4.0,4.0,4.0,1.0,2.0,1.0
815,24/06/2026,city scrape,Peaceful 1 Bedroom by Ottawa River,Randa,"Ottawa, Canada",t,t,Cumberland,Entire loft,Entire home/apt,03/07/2026,02/08/2026,t,24/06/2026,18/06/2024,03/09/2025,7.0,6.0,3.0,6.0,2.0,45.0,-75.0,2.0,1.0,2.0,1.0,103.0,1626.0,103.0,30.0,365.0,12.0,29.0,53.0,235.5,22.0,1.0,1.0,4.0,4.0,4.0,4.0,4.0,4.0,1.0,2.0,1.0
816,24/06/2026,city scrape,Modern Studio Apartment,Modern,"Ottawa, Canada",f,t,Rideau-Vanier,Entire serviced apartment,Entire home/apt,27/06/2026,28/06/2026,t,24/06/2026,27/03/2022,24/05/2026,7.0,6.0,3.0,6.0,2.0,45.0,-75.0,2.0,1.0,2.0,1.0,103.0,1626.0,103.0,30.0,365.0,12.0,29.0,53.0,235.5,22.0,1.0,1.0,4.0,4.0,4.0,4.0,4.0,4.0,1.0,2.0,1.0
817,24/06/2026,city scrape,The Sandy Bottoms: Constance Bay Beach House,Short And Suite BnB,"Ottawa, Canada",t,t,West Carleton-March,Entire cottage,Entire home/apt,21/07/2026,23/07/2026,t,24/06/2026,26/06/2022,18/06/2026,7.0,6.0,3.0,6.0,2.0,45.0,-75.0,2.0,1.0,2.0,1.0,103.0,1626.0,103.0,30.0,365.0,12.0,29.0,53.0,235.5,22.0,1.0,1.0,4.0,4.0,4.0,4.0,4.0,4.0,1.0,2.0,1.0
818,24/06/2026,city scrape,Modern 3 bedroom townhouse in downtown Ottawa,Daniel,"Ottawa, Canada",t,t,Somerset,Entire townhouse,Entire home/apt,24/07/2026,26/07/2026,t,24/06/2026,23/05/2022,14/06/2026,7.0,6.0,3.0,6.0,2.0,45.0,-75.0,2.0,1.0,2.0,1.0,103.0,1626.0,103.0,30.0,365.0,12.0,29.0,53.0,235.5,22.0,1.0,1.0,4.0,4.0,4.0,4.0,4.0,4.0,1.0,2.0,1.0
819,24/06/2026,city scrape,2 Bedroom Suite | Downtown | Free Parking,Modern,"Ottawa, Canada",f,t,Rideau-Vanier,Entire serviced apartment,Entire home/apt,24/06/2026,25/06/2026,t,24/06/2026,10/04/2022,05/06/2026,7.0,6.0,3.0,6.0,2.0,45.0,-75.0,2.0,1.0,2.0,1.0,103.0,1626.0,103.0,30.0,365.0,12.0,29.0,53.0,235.5,22.0,1.0,1.0,4.0,4.0,4.0,4.0,4.0,4.0,1.0,2.0,1.0
820,24/06/2026,city scrape,Adorable bachelor close to hospitals & downtown,Auday,"Ottawa, Canada",t,t,Alta Vista,Entire guest suite,Entire home/apt,01/09/2026,01/10/2026,t,24/06/2026,06/05/2022,24/08/2025,6.0,9.0,4.0,3.0,2.0,45.0,-75.0,2.0,1.0,1.0,1.0,98.0,2942.0,98.0,30.0,365.0,0.0,0.0,21.0,296.0,75.0,7.0,19.0,4.0,4.0,4.0,4.0,4.0,4.0,1.0,2.0,2.0
821,24/06/2026,city scrape,Tranquil Getaway on the Ottawa River,Claire,"Ottawa, Canada",t,t,West Carleton-March,Entire guest suite,Entire home/apt,15/07/2026,16/07/2026,t,24/06/2026,14/05/2022,14/06/2026,7.0,6.0,3.0,6.0,2.0,45.0,-75.0,2.0,1.0,2.0,1.0,103.0,1626.0,103.0,30.0,365.0,12.0,29.0,53.0,235.5,22.0,1.0,1.0,4.0,4.0,4.0,4.0,4.0,4.0,1.0,2.0,1.0
822,24/06/2026,city scrape,Spacious Walk-Out Basement with Scenic Views,Naz,"Ottawa, Canada",f,t,Rideau-Goulbourn,Entire home,Entire home/apt,28/06/2026,29/06/2026,t,24/06/2026,30/04/2022,21/06/2026,7.0,6.0,3.0,6.0,2.0,45.0,-75.0,2.0,1.0,2.0,1.0,103.0,1626.0,103.0,30.0,365.0,12.0,29.0,53.0,235.5,22.0,1.0,1.0,4.0,4.0,4.0,4.0,4.0,4.0,1.0,2.0,1.0
823,24/06/2026,city scrape,Luxurious waterfront 5-bedroom with pool and spa,Kendra,"Ottawa, Canada",t,t,Rideau-Goulbourn,Entire vacation home,Entire home/apt,20/09/2026,22/09/2026,t,24/06/2026,25/04/2022,07/06/2026,7.0,6.0,3.0,6.0,2.0,45.0,-75.0,2.0,1.0,2.0,1.0,103.0,1626.0,103.0,30.0,365.0,12.0,29.0,53.0,235.5,22.0,1.0,1.0,4.0,4.0,4.0,4.0,4.0,4.0,1.0,2.0,1.0
824,24/06/2026,city scrape,Condo in a secure neighborhood in Ottawa,Seynabou,"Ottawa, Canada",f,t,Beacon Hill-Cyrville,Private room in condo,Private room,24/06/2026,24/07/2026,t,24/06/2026,10,10,4.0,3.0,3.0,8.0,4.0,45.0,-75.0,2.0,1.0,2.0,2.0,113.0,3390.0,113.0,30.0,1095.0,30.0,60.0,90.0,365.0,0.0,0.0,0.0,4.0,4.0,4.0,4.0,4.0,4.0,1.0,4.0,1.0
825,24/06/2026,city scrape,"Luxury Mansion W/Hot Tub, Pool Table & 10 Beds!",Sam,"Ottawa, Canada",t,t,Gloucester-Southgate,Entire villa,Entire home/apt,01/09/2026,01/10/2026,t,24/06/2026,09/08/2022,05/04/2026,7.0,6.0,3.0,6.0,2.0,45.0,-75.0,2.0,1.0,2.0,1.0,103.0,1626.0,103.0,30.0,365.0,12.0,29.0,53.0,235.5,22.0,1.0,1.0,4.0,4.0,4.0,4.0,4.0,4.0,1.0,2.0,1.0
826,24/06/2026,city scrape,Two-Story Heritage Loft ★ Steps from Parliament ★,ReStays Host Concierge,"Ottawa, Canada",t,t,Somerset,Room in boutique hotel,Private room,03/07/2026,04/07/2026,t,24/06/2026,25/05/2022,10/06/2026,7.0,6.0,3.0,6.0,2.0,45.0,-75.0,2.0,1.0,2.0,1.0,103.0,1626.0,103.0,30.0,365.0,12.0,29.0,53.0,235.5,22.0,1.0,1.0,4.0,4.0,4.0,4.0,4.0,4.0,1.0,2.0,1.0
827,24/06/2026,city scrape,1 bedroom basement appartment,Ekaraj,"Ottawa, Canada",t,t,Barrhaven,Private room in townhouse,Private room,03/07/2026,05/07/2026,t,24/06/2026,29/04/2022,17/06/2026,6.0,10.0,4.0,2.0,1.0,45.0,-75.0,2.0,1.0,2.0,1.0,56.0,113.0,56.0,2.0,30.0,13.0,34.0,39.0,39.0,141.0,29.0,24.0,4.0,4.0,4.0,4.0,4.0,4.0,2.0,1.0,0.0
828,02/07/2026,previous scrape,Lovely 2-Bedroom Condo with Parking in Hintonburg,Guy,"Ottawa, Canada",f,t,Kitchissippi,Entire townhouse,Entire home/apt,09/07/2026,07/09/2026,t,02/07/2026,10,10,7.0,7.0,4.0,3.0,1.0,45.0,-75.0,4.0,1.0,2.0,2.0,59.0,3590.0,59.0,60.0,120.0,23.0,53.0,83.0,358.0,0.0,0.0,0.0,4.0,4.0,4.0,4.0,4.0,4.0,1.0,1.0,1.0
829,24/06/2026,city scrape,Very relaxing modern clean cozy basement bedroom.,Jemal Jimmy,"Ottawa, Canada",t,t,Innes,Private room in home,Private room,24/06/2026,26/06/2026,t,24/06/2026,13/04/2022,14/06/2026,7.0,10.0,4.0,2.0,1.0,45.0,-75.0,2.0,1.0,2.0,1.0,126.0,252.0,126.0,2.0,30.0,3.0,9.0,39.0,314.0,56.0,9.0,9.0,4.0,4.0,4.0,5.0,4.0,4.0,1.0,1.0,0.0
830,24/06/2026,city scrape,Modern Private Bedroom in Female Only Residence,Murray,"Ottawa, Canada",t,t,Rideau-Vanier,Private room in townhouse,Private room,24/06/2026,24/07/2026,t,24/06/2026,11/10/2023,30/06/2024,7.0,6.0,3.0,6.0,2.0,45.0,-75.0,2.0,1.0,2.0,1.0,103.0,1626.0,103.0,30.0,365.0,12.0,29.0,53.0,235.5,22.0,1.0,1.0,4.0,4.0,4.0,4.0,4.0,4.0,1.0,2.0,1.0
831,24/06/2026,city scrape,6 bdrm Calm&Private Farm In Ottawa: The Farm Haus,Tom,"Ottawa, Canada",t,t,Rideau-Goulbourn,Farm stay,Entire home/apt,24/06/2026,26/06/2026,t,24/06/2026,14/04/2024,07/06/2026,7.0,6.0,3.0,6.0,2.0,45.0,-75.0,2.0,1.0,2.0,1.0,103.0,1626.0,103.0,30.0,365.0,12.0,29.0,53.0,235.5,22.0,1.0,1.0,4.0,4.0,4.0,4.0,4.0,4.0,1.0,2.0,1.0
832,24/06/2026,city scrape,House near Amazon warehouse with spacious parking,Hoa,"Ottawa, Canada",f,f,Osgoode,Farm stay,Entire home/apt,24/06/2026,24/07/2026,t,24/06/2026,21/07/2023,21/07/2023,7.0,6.0,3.0,6.0,2.0,45.0,-75.0,2.0,1.0,2.0,1.0,103.0,1626.0,103.0,30.0,365.0,12.0,29.0,53.0,235.5,22.0,1.0,1.0,4.0,4.0,4.0,4.0,4.0,4.0,1.0,2.0,1.0
833,24/06/2026,city scrape,Near VIA Rail and 3km to downtown Ottawa w/parking,Lisa,"Ottawa, Canada",t,t,Alta Vista,Entire guest suite,Entire home/apt,02/07/2026,03/07/2026,t,24/06/2026,17/04/2022,18/06/2026,7.0,6.0,3.0,6.0,2.0,45.0,-75.0,2.0,1.0,2.0,1.0,103.0,1626.0,103.0,30.0,365.0,12.0,29.0,53.0,235.5,22.0,1.0,1.0,4.0,4.0,4.0,4.0,4.0,4.0,1.0,2.0,1.0
834,24/06/2026,city scrape,Cozy Condo in Little Italy- Dow's Lake,Reda,"Ottawa, Canada",f,t,Kitchissippi,Entire condo,Entire home/apt,30/09/2026,30/10/2026,t,24/06/2026,10/07/2022,30/09/2023,7.0,6.0,3.0,6.0,2.0,45.0,-75.0,2.0,1.0,2.0,1.0,103.0,1626.0,103.0,30.0,365.0,12.0,29.0,53.0,235.5,22.0,1.0,1.0,4.0,4.0,4.0,4.0,4.0,4.0,1.0,2.0,1.0
835,24/06/2026,city scrape,Lower Level Basement Apt HeartOfOttawa! 2Dweling!,Nicole,"Ottawa, Canada",f,t,Rideau-Rockcliffe,Entire rental unit,Entire home/apt,01/01/2027,31/01/2027,t,24/06/2026,29/04/2022,07/01/2023,4.0,2.0,4.0,2.0,1.0,45.0,-75.0,2.0,1.0,1.0,2.0,106.0,3194.0,106.0,30.0,365.0,0.0,0.0,0.0,174.0,30.0,0.0,0.0,4.0,4.0,4.0,4.0,4.0,4.0,0.0,1.0,1.0
836,24/06/2026,city scrape,"Private Studio ~ Full amenities, patio & parking!",Brenda,"Ottawa, Canada",t,t,Innes,Entire guest suite,Entire home/apt,07/07/2026,09/07/2026,t,24/06/2026,16/03/2025,21/06/2026,7.0,6.0,3.0,6.0,2.0,45.0,-75.0,2.0,1.0,2.0,1.0,103.0,1626.0,103.0,30.0,365.0,12.0,29.0,53.0,235.5,22.0,1.0,1.0,4.0,4.0,4.0,4.0,4.0,4.0,1.0,2.0,1.0
837,24/06/2026,city scrape,"Cheerful 4 bedroom house, with covered patio.",Kenzie,"Ottawa, Canada",t,t,Rideau-Goulbourn,Entire home,Entire home/apt,07/07/2026,09/07/2026,t,24/06/2026,24/04/2022,25/08/2025,7.0,6.0,3.0,6.0,2.0,45.0,-75.0,2.0,1.0,2.0,1.0,103.0,1626.0,103.0,30.0,365.0,12.0,29.0,53.0,235.5,22.0,1.0,1.0,4.0,4.0,4.0,4.0,4.0,4.0,1.0,2.0,1.0
838,24/06/2026,city scrape,Beautiful 3-Bedroom House | Centretown | 2 Parking,Melissa,"Ottawa, Canada",t,t,Somerset,Entire home,Entire home/apt,24/07/2026,26/07/2026,t,24/06/2026,14/04/2022,22/06/2026,7.0,6.0,3.0,6.0,2.0,45.0,-75.0,2.0,1.0,2.0,1.0,103.0,1626.0,103.0,30.0,365.0,12.0,29.0,53.0,235.5,22.0,1.0,1.0,4.0,4.0,4.0,4.0,4.0,4.0,1.0,2.0,1.0
839,24/06/2026,city scrape,Lovely spacious bedroom with private bathroom.,Montsi,"Ottawa, Canada",f,t,Beacon Hill-Cyrville,Private room in townhouse,Private room,16/08/2026,21/08/2026,t,24/06/2026,11/05/2022,18/06/2026,4.0,3.0,4.0,2.0,1.0,45.0,-75.0,1.0,1.0,2.0,1.0,86.0,434.0,86.0,1.0,1125.0,0.0,7.0,37.0,312.0,27.0,5.0,3.0,4.0,4.0,5.0,4.0,4.0,4.0,0.0,1.0,0.0
840,24/06/2026,city scrape,Spacious Century Townhome near Byward Market,Kaleb,"Ottawa, Canada",f,t,Rideau-Vanier,Entire townhouse,Entire home/apt,03/08/2026,02/09/2026,t,24/06/2026,24/05/2022,17/08/2025,7.0,6.0,3.0,6.0,2.0,45.0,-75.0,2.0,1.0,2.0,1.0,103.0,1626.0,103.0,30.0,365.0,12.0,29.0,53.0,235.5,22.0,1.0,1.0,4.0,4.0,4.0,4.0,4.0,4.0,1.0,2.0,1.0
841,24/06/2026,city scrape,4 season cottage with hot tub in Constance Bay,Christopher,"Ottawa, Canada",f,t,West Carleton-March,Entire cottage,Entire home/apt,03/07/2026,10/07/2026,t,24/06/2026,06/06/2022,07/06/2026,7.0,6.0,3.0,6.0,2.0,45.0,-75.0,2.0,1.0,2.0,1.0,103.0,1626.0,103.0,30.0,365.0,12.0,29.0,53.0,235.5,22.0,1.0,1.0,4.0,4.0,4.0,4.0,4.0,4.0,1.0,2.0,1.0
842,24/06/2026,city scrape,"Private Oasis. Kitchenette, Fireplace, Bathroom.",Christine Anne,"Ottawa, Canada",t,t,Kitchissippi,Entire guest suite,Entire home/apt,25/06/2026,02/07/2026,t,24/06/2026,10/07/2022,13/06/2026,14.0,10.0,14.0,10.0,2.0,45.0,-75.0,1.0,1.0,1.0,1.0,121.0,851.0,121.0,6.0,90.0,15.0,24.0,48.0,107.0,41.0,8.0,10.0,4.0,4.0,4.0,4.0,4.0,4.0,0.0,1.0,1.0
843,24/06/2026,city scrape,"Downtown , Landsdowne Canal living",Barry,"Ottawa, Canada",t,t,Capital,Entire home,Entire home/apt,04/07/2026,06/07/2026,t,24/06/2026,07/08/2022,09/06/2026,7.0,6.0,3.0,6.0,2.0,45.0,-75.0,2.0,1.0,2.0,1.0,103.0,1626.0,103.0,30.0,365.0,12.0,29.0,53.0,235.5,22.0,1.0,1.0,4.0,4.0,4.0,4.0,4.0,4.0,1.0,2.0,1.0
844,24/06/2026,city scrape,Beautiful new 3Bed Townhouse in Kanata,Illya,"Ottawa, Canada",t,t,Stittsville-Kanata West,Entire townhouse,Entire home/apt,28/07/2026,30/07/2026,t,24/06/2026,01/05/2022,10/04/2026,7.0,6.0,3.0,6.0,2.0,45.0,-75.0,2.0,1.0,2.0,1.0,103.0,1626.0,103.0,30.0,365.0,12.0,29.0,53.0,235.5,22.0,1.0,1.0,4.0,4.0,4.0,4.0,4.0,4.0,1.0,2.0,1.0
845,24/06/2026,city scrape,Charming 1Bed/1Bath Apartment in Trendy Westboro,Jaemin,"Ottawa, Canada",t,t,Kitchissippi,Entire rental unit,Entire home/apt,06/07/2026,08/07/2026,t,24/06/2026,26/07/2022,14/06/2026,4.0,1.0,4.0,0.0,1.0,45.0,-75.0,2.0,1.0,1.0,2.0,205.0,411.0,205.0,2.0,30.0,7.0,23.0,39.0,39.0,87.0,21.0,23.0,4.0,4.0,4.0,4.0,4.0,4.0,1.0,1.0,1.0
846,02/07/2026,previous scrape,Charming Glebe Home with backyard,Karen,"Ottawa, Canada",f,t,Capital,Entire home,Entire home/apt,0000-00-00,"""0000-00-00""",t,02/07/2026,22/05/2022,19/07/2024,7.0,6.0,3.0,6.0,2.0,45.0,-75.0,2.0,1.0,2.0,1.0,103.0,1626.0,103.0,30.0,365.0,12.0,29.0,53.0,235.5,22.0,1.0,1.0,4.0,4.0,4.0,4.0,4.0,4.0,1.0,2.0,1.0
847,24/06/2026,city scrape,Gorgeous newly built 1 bedroom in Westboro!,Daria,"Ottawa, Canada",t,t,Kitchissippi,Entire guest suite,Entire home/apt,04/07/2026,09/07/2026,t,24/06/2026,07/05/2022,21/06/2026,9.0,7.0,9.0,7.0,1.0,45.0,-75.0,2.0,1.0,1.0,1.0,193.0,966.0,193.0,2.0,1125.0,17.0,28.0,49.0,224.0,70.0,16.0,22.0,4.0,4.0,4.0,4.0,4.0,4.0,1.0,1.0,1.0
848,02/07/2026,previous scrape,New apartment in Sandy Hill along Rideau river,Karen,"Ottawa, Canada",t,t,Rideau-Vanier,Entire home,Entire home/apt,0000-00-00,"""0000-00-00""",t,02/07/2026,10/03/2023,28/08/2025,8.0,5.0,3.0,8.0,1.0,45.0,-75.0,4.0,1.0,2.0,2.0,173.0,2246.0,173.0,1.0,1125.0,0.0,0.0,0.0,0.0,102.0,8.0,21.0,4.0,4.0,4.0,5.0,4.0,4.0,2.0,1.0,1.0
849,24/06/2026,city scrape,Spacious Apartment in Central Ottawa,Cam,"Richmond Hill, Canada",f,t,Capital,Entire townhouse,Entire home/apt,26/07/2026,26/08/2026,t,24/06/2026,20/11/2022,30/09/2025,4.0,1.0,3.0,7.0,2.0,45.0,-75.0,4.0,1.0,2.0,2.0,95.0,2956.0,95.0,31.0,1125.0,0.0,28.0,58.0,333.0,114.0,10.0,25.0,4.0,4.0,4.0,4.0,4.0,4.0,2.0,2.0,2.0
850,24/06/2026,city scrape,"Bright, modern & cozy 2BR with deck and parking",Alina,"Ottawa, Canada",f,t,Somerset,Entire rental unit,Entire home/apt,22/01/2027,21/02/2027,t,24/06/2026,31/03/2023,07/12/2025,5.0,2.0,5.0,2.0,1.0,45.0,-75.0,3.0,1.0,2.0,2.0,102.0,3069.0,102.0,30.0,750.0,0.0,0.0,0.0,153.0,7.0,3.0,5.0,4.0,4.0,5.0,5.0,4.0,4.0,0.0,1.0,1.0
851,24/06/2026,city scrape,Cozy 1-bedroom in Central Ottawa,Paul,"Ottawa, Canada",f,t,Capital,Entire rental unit,Entire home/apt,13/07/2026,15/07/2026,t,24/06/2026,11/06/2022,07/06/2026,5.0,2.0,5.0,2.0,2.0,45.0,-75.0,2.0,1.0,1.0,1.0,155.0,311.0,155.0,2.0,1125.0,4.0,10.0,26.0,295.0,152.0,34.0,37.0,4.0,4.0,4.0,4.0,4.0,4.0,3.0,1.0,1.0
852,02/07/2026,previous scrape,"Cozy 2BR, 8 min ✈, fully equipped, GreenboroSuite",Rosemarie,"Ottawa, Canada",f,t,Gloucester-Southgate,Entire guest suite,Entire home/apt,0000-00-00,"""0000-00-00""",t,02/07/2026,02/07/2022,03/09/2023,10.0,6.0,4.0,0.0,1.0,45.0,-75.0,6.0,1.0,2.0,2.0,173.0,2246.0,173.0,2.0,30.0,0.0,0.0,0.0,0.0,56.0,0.0,0.0,4.0,4.0,4.0,4.0,4.0,4.0,1.0,1.0,1.0
853,24/06/2026,city scrape,Modern 2BR Home in Barrhaven- 2 Free parking,Olawale,"Ottawa, Canada",t,t,Rideau-Goulbourn,Entire townhouse,Entire home/apt,29/06/2026,30/06/2026,t,24/06/2026,07/06/2022,03/06/2026,7.0,6.0,3.0,6.0,2.0,45.0,-75.0,2.0,1.0,2.0,1.0,103.0,1626.0,103.0,30.0,365.0,12.0,29.0,53.0,235.5,22.0,1.0,1.0,4.0,4.0,4.0,4.0,4.0,4.0,1.0,2.0,1.0
854,24/06/2026,city scrape,"2 bedroom, 1.5 bathrooms townhouse",Hakim,"Ottawa, Canada",f,t,Innes,Entire townhouse,Entire home/apt,01/04/2027,01/05/2027,t,24/06/2026,31/08/2022,31/08/2022,8.0,11.0,4.0,1.0,1.0,45.0,-75.0,3.0,1.0,2.0,2.0,100.0,3026.0,100.0,30.0,95.0,0.0,0.0,0.0,84.0,1.0,0.0,0.0,4.0,4.0,5.0,5.0,4.0,4.0,0.0,1.0,1.0
855,24/06/2026,city scrape,Sprawling Riverside Retreat with  HotTub & Sauna,Jackie,"Ottawa, Canada",f,t,West Carleton-March,Entire home,Entire home/apt,21/07/2026,23/07/2026,t,24/06/2026,06/11/2022,14/06/2026,7.0,6.0,3.0,6.0,2.0,45.0,-75.0,2.0,1.0,2.0,1.0,103.0,1626.0,103.0,30.0,365.0,12.0,29.0,53.0,235.5,22.0,1.0,1.0,4.0,4.0,4.0,4.0,4.0,4.0,1.0,2.0,1.0
856,02/07/2026,previous scrape,Private bedroom in townhouse,Lili,"Ottawa, Canada",f,t,Orleans,Private room in townhouse,Private room,0000-00-00,"""0000-00-00""",t,02/07/2026,20/05/2022,31/05/2024,12.0,9.0,7.0,11.0,4.0,45.0,-75.0,1.0,1.0,2.0,2.0,173.0,2246.0,173.0,30.0,365.0,0.0,0.0,0.0,0.0,28.0,0.0,0.0,4.0,4.0,4.0,5.0,4.0,4.0,0.0,3.0,1.0
857,24/06/2026,city scrape,The Downtown Lounge - 4 Bedroom Home w/ Parking!,HuiHui,"Ottawa, Canada",t,t,Somerset,Entire townhouse,Entire home/apt,29/06/2026,01/07/2026,t,24/06/2026,18/06/2022,17/05/2026,7.0,6.0,3.0,6.0,2.0,45.0,-75.0,2.0,1.0,2.0,1.0,103.0,1626.0,103.0,30.0,365.0,12.0,29.0,53.0,235.5,22.0,1.0,1.0,4.0,4.0,4.0,4.0,4.0,4.0,1.0,2.0,1.0
858,24/06/2026,city scrape,Private Basement Suite w/ Bath – Convenient Area,Dang Khoa,"Ottawa, Canada",t,t,Barrhaven,Private room in bed and breakfast,Private room,29/06/2026,30/06/2026,t,24/06/2026,18/07/2022,21/06/2026,7.0,6.0,3.0,6.0,2.0,45.0,-75.0,2.0,1.0,2.0,1.0,103.0,1626.0,103.0,30.0,365.0,12.0,29.0,53.0,235.5,22.0,1.0,1.0,4.0,4.0,4.0,4.0,4.0,4.0,1.0,2.0,1.0
859,24/06/2026,city scrape,"One level Townhouse, @corner, new bright 2 bedroom",Firas,"Ottawa, Canada",t,t,Stittsville-Kanata West,Entire townhouse,Entire home/apt,11/09/2026,11/10/2026,t,24/06/2026,11/07/2022,20/03/2026,7.0,6.0,3.0,6.0,2.0,45.0,-75.0,2.0,1.0,2.0,1.0,103.0,1626.0,103.0,30.0,365.0,12.0,29.0,53.0,235.5,22.0,1.0,1.0,4.0,4.0,4.0,4.0,4.0,4.0,1.0,2.0,1.0
860,24/06/2026,city scrape,3 Bedroom 2 Full Bath Apartment with Private Yard,Matt,"Ottawa, Canada",f,t,College,Entire guest suite,Entire home/apt,21/08/2026,20/09/2026,t,24/06/2026,10/09/2022,30/09/2024,7.0,6.0,3.0,6.0,2.0,45.0,-75.0,2.0,1.0,2.0,1.0,103.0,1626.0,103.0,30.0,365.0,12.0,29.0,53.0,235.5,22.0,1.0,1.0,4.0,4.0,4.0,4.0,4.0,4.0,1.0,2.0,1.0
861,24/06/2026,city scrape,OTTAWA ★ LUXURY SUITE★ 1BR 1BTH,Cloud Nine Vacations,"Ottawa, Canada",f,t,Somerset,Entire condo,Entire home/apt,01/11/2026,01/12/2026,t,24/06/2026,07/10/2022,07/10/2022,7.0,6.0,3.0,6.0,2.0,45.0,-75.0,2.0,1.0,2.0,1.0,103.0,1626.0,103.0,30.0,365.0,12.0,29.0,53.0,235.5,22.0,1.0,1.0,4.0,4.0,4.0,4.0,4.0,4.0,1.0,2.0,1.0
862,02/07/2026,previous scrape,Great Two Bedroom Townhouse with Private Rooftop!,James,"Ottawa, Canada",f,t,Rideau-Rockcliffe,Entire townhouse,Entire home/apt,0000-00-00,"""0000-00-00""",t,02/07/2026,16/08/2022,01/09/2025,10.0,3.0,3.0,10.0,1.0,45.0,-75.0,3.0,1.0,2.0,2.0,173.0,2246.0,173.0,2.0,1125.0,0.0,0.0,0.0,0.0,43.0,6.0,6.0,4.0,4.0,4.0,4.0,4.0,4.0,0.0,1.0,1.0
863,24/06/2026,city scrape,Central Glebe Third Floor Space,Lindsay,"Ottawa, Canada",f,t,Capital,Entire home,Entire home/apt,24/06/2026,24/07/2026,t,24/06/2026,10,10,8.0,7.0,8.0,6.0,1.0,45.0,-75.0,1.0,1.0,1.0,1.0,165.0,4978.0,165.0,30.0,40.0,30.0,60.0,90.0,90.0,0.0,0.0,0.0,4.0,4.0,4.0,4.0,4.0,4.0,1.0,1.0,1.0
864,24/06/2026,city scrape,Excellent studio in Ottawa,Myroslav,"Ottawa, Canada",f,t,Somerset,Entire condo,Entire home/apt,21/10/2026,20/11/2026,t,24/06/2026,26/07/2025,31/05/2026,7.0,6.0,3.0,6.0,2.0,45.0,-75.0,2.0,1.0,2.0,1.0,103.0,1626.0,103.0,30.0,365.0,12.0,29.0,53.0,235.5,22.0,1.0,1.0,4.0,4.0,4.0,4.0,4.0,4.0,1.0,2.0,1.0
865,24/06/2026,city scrape,Cheerful 4 Bedroom House with Fireplace.,Mary Catharine,"Ottawa, Canada",f,t,College,Entire home,Entire home/apt,24/08/2026,23/09/2026,t,24/06/2026,25/08/2023,04/09/2025,7.0,6.0,3.0,6.0,2.0,45.0,-75.0,2.0,1.0,2.0,1.0,103.0,1626.0,103.0,30.0,365.0,12.0,29.0,53.0,235.5,22.0,1.0,1.0,4.0,4.0,4.0,4.0,4.0,4.0,1.0,2.0,1.0
866,24/06/2026,city scrape,Room4 with private toilet,Tony,"Ottawa, Canada",f,t,Kanata South,Private room in home,Private room,02/07/2026,03/07/2026,t,24/06/2026,29/07/2022,18/05/2026,7.0,6.0,3.0,6.0,2.0,45.0,-75.0,2.0,1.0,2.0,1.0,103.0,1626.0,103.0,30.0,365.0,12.0,29.0,53.0,235.5,22.0,1.0,1.0,4.0,4.0,4.0,4.0,4.0,4.0,1.0,2.0,1.0
867,24/06/2026,city scrape,Bright & Spacious 2 Bedroom. With free Parking!,Jesse,"Ottawa, Canada",t,t,Somerset,Entire rental unit,Entire home/apt,11/10/2026,10/11/2026,t,24/06/2026,31/05/2022,07/10/2025,7.0,6.0,3.0,6.0,2.0,45.0,-75.0,2.0,1.0,2.0,1.0,103.0,1626.0,103.0,30.0,365.0,12.0,29.0,53.0,235.5,22.0,1.0,1.0,4.0,4.0,4.0,4.0,4.0,4.0,1.0,2.0,1.0
868,24/06/2026,city scrape,Spacious 3 Bedrooms,Rose Caddy,"Ottawa, Canada",f,t,Gloucester-Southgate,Entire home,Entire home/apt,25/06/2026,25/07/2026,t,24/06/2026,27/06/2022,31/05/2025,4.0,1.0,4.0,0.0,1.0,45.0,-75.0,4.0,1.0,3.0,3.0,63.0,1911.0,63.0,30.0,365.0,29.0,59.0,89.0,269.0,4.0,0.0,1.0,4.0,4.0,5.0,5.0,4.0,4.0,0.0,1.0,1.0
869,24/06/2026,city scrape,Modern 1 bed APT in Hintonburg,Irena,"Ottawa, Canada",t,f,Kitchissippi,Entire rental unit,Entire home/apt,21/10/2026,20/11/2026,t,24/06/2026,06/06/2022,02/06/2026,7.0,6.0,3.0,6.0,2.0,45.0,-75.0,2.0,1.0,2.0,1.0,103.0,1626.0,103.0,30.0,365.0,12.0,29.0,53.0,235.5,22.0,1.0,1.0,4.0,4.0,4.0,4.0,4.0,4.0,1.0,2.0,1.0
870,02/07/2026,previous scrape,Cozy Bunkie on a Charming Hobby Farm,Alex,"Ottawa, Canada",f,t,West Carleton-March,Tiny home,Entire home/apt,03/07/2026,05/07/2026,t,02/07/2026,08/06/2022,05/10/2025,7.0,6.0,3.0,6.0,2.0,45.0,-75.0,2.0,1.0,2.0,1.0,103.0,1626.0,103.0,30.0,365.0,12.0,29.0,53.0,235.5,22.0,1.0,1.0,4.0,4.0,4.0,4.0,4.0,4.0,1.0,2.0,1.0
871,24/06/2026,city scrape,Ottawa Mini Loft Suite -A Couples Escape,Amanda,"Ottawa, Canada",t,t,Barrhaven,Entire guesthouse,Entire home/apt,07/07/2026,09/07/2026,t,24/06/2026,10/06/2022,22/06/2026,8.0,11.0,4.0,9.0,2.0,45.0,-75.0,2.0,1.0,1.0,1.0,181.0,363.0,181.0,2.0,365.0,17.0,35.0,62.0,337.0,149.0,41.0,40.0,4.0,4.0,4.0,4.0,4.0,4.0,3.0,1.0,1.0
872,24/06/2026,city scrape,Nice house with 4beds,Linda,"Ottawa, Canada",f,t,Gloucester-South Nepean,Entire home,Entire home/apt,24/06/2026,24/07/2026,t,24/06/2026,10,10,7.0,6.0,3.0,6.0,2.0,45.0,-75.0,2.0,1.0,2.0,1.0,103.0,1626.0,103.0,30.0,365.0,12.0,29.0,53.0,235.5,22.0,1.0,1.0,4.0,4.0,4.0,4.0,4.0,4.0,1.0,2.0,1.0
873,02/07/2026,previous scrape,"Central Canal Sunny Studio,priv parking,priv entry",Tatiana,"Ottawa, Canada",t,t,Capital,Entire rental unit,Entire home/apt,0000-00-00,"""0000-00-00""",t,02/07/2026,10/07/2022,19/06/2025,8.0,10.0,8.0,10.0,5.0,45.0,-75.0,1.0,1.0,2.0,2.0,173.0,2246.0,173.0,30.0,180.0,0.0,0.0,0.0,1.0,29.0,0.0,1.0,4.0,4.0,4.0,4.0,4.0,4.0,0.0,5.0,5.0
874,24/06/2026,city scrape,"Cheerful 4 bedroom home with hottub, pool table",Sarah,"Ottawa, Canada",f,t,Bay,Entire home,Entire home/apt,26/06/2026,26/07/2026,f,24/06/2026,10,10,7.0,6.0,3.0,6.0,2.0,45.0,-75.0,2.0,1.0,2.0,1.0,103.0,1626.0,103.0,30.0,365.0,12.0,29.0,53.0,235.5,22.0,1.0,1.0,4.0,4.0,4.0,4.0,4.0,4.0,1.0,2.0,1.0
875,02/07/2026,previous scrape,Adorable entire guest suite - 5' from the airport,Tram Anh,"Hanoi, Vietnam",t,t,Gloucester-Southgate,Entire guest suite,Entire home/apt,0000-00-00,"""0000-00-00""",t,02/07/2026,13/08/2022,04/06/2025,7.0,6.0,3.0,6.0,2.0,45.0,-75.0,2.0,1.0,2.0,1.0,103.0,1626.0,103.0,30.0,365.0,12.0,29.0,53.0,235.5,22.0,1.0,1.0,4.0,4.0,4.0,4.0,4.0,4.0,1.0,2.0,1.0
876,02/07/2026,previous scrape,Private room in spacious condo with amazing view,Kimia,"Toronto, Canada",f,t,Rideau-Rockcliffe,Private room in condo,Private room,09/07/2026,05/01/2027,t,02/07/2026,10,10,7.0,6.0,3.0,6.0,2.0,45.0,-75.0,2.0,1.0,2.0,1.0,103.0,1626.0,103.0,30.0,365.0,12.0,29.0,53.0,235.5,22.0,1.0,1.0,4.0,4.0,4.0,4.0,4.0,4.0,1.0,2.0,1.0
877,02/07/2026,previous scrape,Charming Century House in Westboro,Valérie,"Ottawa, Canada",f,t,Kitchissippi,Entire home,Entire home/apt,0000-00-00,"""0000-00-00""",t,02/07/2026,19/09/2022,19/09/2022,7.0,6.0,3.0,6.0,2.0,45.0,-75.0,2.0,1.0,2.0,1.0,103.0,1626.0,103.0,30.0,365.0,12.0,29.0,53.0,235.5,22.0,1.0,1.0,4.0,4.0,4.0,4.0,4.0,4.0,1.0,2.0,1.0
878,02/07/2026,previous scrape,Charming Heritage House in Ornate Neighborhood,Roya,"Ottawa, Canada",f,t,Rideau-Rockcliffe,Entire home,Entire home/apt,0000-00-00,"""0000-00-00""",t,02/07/2026,22/08/2022,21/07/2024,7.0,6.0,3.0,6.0,2.0,45.0,-75.0,2.0,1.0,2.0,1.0,103.0,1626.0,103.0,30.0,365.0,12.0,29.0,53.0,235.5,22.0,1.0,1.0,4.0,4.0,4.0,4.0,4.0,4.0,1.0,2.0,1.0
879,24/06/2026,city scrape,Lovely spacious&modern one-bedroom unit in Ottawa,Florence,"Ottawa, Canada",t,t,Kitchissippi,Entire rental unit,Entire home/apt,29/06/2026,30/06/2026,t,24/06/2026,19/08/2022,17/06/2026,7.0,6.0,3.0,6.0,2.0,45.0,-75.0,2.0,1.0,2.0,1.0,103.0,1626.0,103.0,30.0,365.0,12.0,29.0,53.0,235.5,22.0,1.0,1.0,4.0,4.0,4.0,4.0,4.0,4.0,1.0,2.0,1.0
880,24/06/2026,city scrape,King Bed & Sauna | Walk to Amenities,Natalie,"Ottawa, Canada",f,t,College,Entire serviced apartment,Entire home/apt,01/07/2026,31/07/2026,t,24/06/2026,22/07/2022,29/05/2026,7.0,6.0,3.0,6.0,2.0,45.0,-75.0,2.0,1.0,2.0,1.0,103.0,1626.0,103.0,30.0,365.0,12.0,29.0,53.0,235.5,22.0,1.0,1.0,4.0,4.0,4.0,4.0,4.0,4.0,1.0,2.0,1.0
881,24/06/2026,city scrape,Cheerful Bedroom in Townhouse. Room # 2,Michelle,"Ottawa, Canada",f,t,Barrhaven,Private room in townhouse,Private room,01/01/2027,31/01/2027,t,24/06/2026,24/06/2022,16/04/2025,8.0,1.0,6.0,11.0,5.0,45.0,-75.0,1.0,1.0,2.0,1.0,15.0,465.0,15.0,30.0,1125.0,0.0,0.0,0.0,174.0,40.0,0.0,5.0,4.0,4.0,4.0,4.0,4.0,4.0,0.0,5.0,1.0
882,24/06/2026,city scrape,1bd newly renovated apt near civic,Zydra,"Ottawa, Canada",f,t,Knoxdale-Merivale,Entire rental unit,Entire home/apt,24/06/2026,24/07/2026,t,24/06/2026,10,10,4.0,0.0,0.0,0.0,1.0,45.0,-75.0,2.0,1.0,1.0,1.0,127.0,3816.0,127.0,30.0,1125.0,30.0,60.0,90.0,270.0,0.0,0.0,0.0,4.0,4.0,4.0,4.0,4.0,4.0,1.0,1.0,1.0
883,24/06/2026,city scrape,Stay Close to Algonquin College,Nabin,"Ottawa, Canada",f,t,College,Private room in bed and breakfast,Private room,24/06/2026,24/07/2026,t,24/06/2026,10,10,11.0,1.0,10.0,9.0,2.0,45.0,-75.0,2.0,1.0,1.0,1.0,76.0,2293.0,76.0,30.0,365.0,30.0,60.0,90.0,365.0,0.0,0.0,0.0,4.0,4.0,4.0,4.0,4.0,4.0,1.0,2.0,1.0
884,24/06/2026,city scrape,Executive 1 bedroom apartment w/ office & parking.,Erin,"Ottawa, Canada",t,t,Somerset,Entire rental unit,Entire home/apt,01/10/2026,01/11/2026,t,24/06/2026,22/09/2022,06/06/2026,7.0,6.0,3.0,6.0,2.0,45.0,-75.0,2.0,1.0,2.0,1.0,103.0,1626.0,103.0,30.0,365.0,12.0,29.0,53.0,235.5,22.0,1.0,1.0,4.0,4.0,4.0,4.0,4.0,4.0,1.0,2.0,1.0
885,24/06/2026,city scrape,Cozy Rustic Waterfront Cottage,Jennifer,"Ottawa, Canada",f,t,West Carleton-March,Entire cottage,Entire home/apt,24/08/2026,28/08/2026,t,24/06/2026,03/07/2022,12/10/2025,7.0,6.0,3.0,6.0,2.0,45.0,-75.0,2.0,1.0,2.0,1.0,103.0,1626.0,103.0,30.0,365.0,12.0,29.0,53.0,235.5,22.0,1.0,1.0,4.0,4.0,4.0,4.0,4.0,4.0,1.0,2.0,1.0
886,24/06/2026,city scrape,Beautiful Modern 3 Bedroom with Parking & Backyard,Lisa,"Ontario, Canada",t,t,College,Entire home,Entire home/apt,02/07/2026,01/08/2026,t,24/06/2026,26/08/2022,29/07/2023,7.0,6.0,3.0,6.0,2.0,45.0,-75.0,2.0,1.0,2.0,1.0,103.0,1626.0,103.0,30.0,365.0,12.0,29.0,53.0,235.5,22.0,1.0,1.0,4.0,4.0,4.0,4.0,4.0,4.0,1.0,2.0,1.0
887,24/06/2026,city scrape,Spacious 2 brm apartment in Ottawa free parking,Roxanne,"Ottawa, Canada",t,t,Rideau-Vanier,Entire rental unit,Entire home/apt,11/10/2026,10/11/2026,t,24/06/2026,01/11/2022,01/06/2026,7.0,6.0,3.0,6.0,2.0,45.0,-75.0,2.0,1.0,2.0,1.0,103.0,1626.0,103.0,30.0,365.0,12.0,29.0,53.0,235.5,22.0,1.0,1.0,4.0,4.0,4.0,4.0,4.0,4.0,1.0,2.0,1.0
888,24/06/2026,city scrape,Above-ground basement unit with private bathroom.,John,"Ottawa, Canada",f,t,Kanata North,Private room in townhouse,Private room,26/06/2026,26/07/2026,t,24/06/2026,10,10,12.0,4.0,7.0,1.0,1.0,45.0,-75.0,2.0,1.0,2.0,1.0,92.0,2788.0,92.0,30.0,1125.0,28.0,58.0,88.0,363.0,0.0,0.0,0.0,4.0,4.0,4.0,4.0,4.0,4.0,1.0,1.0,0.0
889,24/06/2026,city scrape,Sleeps 8+ close to Tanger outlets modern house,Iris,"Ottawa, Canada",t,t,Stittsville-Kanata West,Private room in villa,Private room,01/07/2026,03/07/2026,t,24/06/2026,08/08/2022,13/06/2026,7.0,6.0,3.0,6.0,2.0,45.0,-75.0,2.0,1.0,2.0,1.0,103.0,1626.0,103.0,30.0,365.0,12.0,29.0,53.0,235.5,22.0,1.0,1.0,4.0,4.0,4.0,4.0,4.0,4.0,1.0,2.0,1.0
890,02/07/2026,previous scrape,"4-Bedroom Home, Sleeps 8+",Lisa,"Gatineau, Canada",f,t,Rideau-Vanier,Entire home,Entire home/apt,0000-00-00,"""0000-00-00""",t,02/07/2026,01/06/2026,01/06/2026,7.0,6.0,3.0,6.0,2.0,45.0,-75.0,2.0,1.0,2.0,1.0,103.0,1626.0,103.0,30.0,365.0,12.0,29.0,53.0,235.5,22.0,1.0,1.0,4.0,4.0,4.0,4.0,4.0,4.0,1.0,2.0,1.0
891,24/06/2026,city scrape,Angie's Place,Angela,"Ottawa, Canada",t,t,Kanata North,Entire guest suite,Entire home/apt,17/08/2026,18/08/2026,t,24/06/2026,02/02/2023,30/05/2026,7.0,6.0,3.0,6.0,2.0,45.0,-75.0,2.0,1.0,2.0,1.0,103.0,1626.0,103.0,30.0,365.0,12.0,29.0,53.0,235.5,22.0,1.0,1.0,4.0,4.0,4.0,4.0,4.0,4.0,1.0,2.0,1.0
892,24/06/2026,city scrape,Welcome to your Shoreline Getaway,James,"Ottawa, Canada",f,t,West Carleton-March,Entire home,Entire home/apt,20/07/2026,23/07/2026,t,24/06/2026,11/09/2022,05/04/2026,7.0,6.0,3.0,6.0,2.0,45.0,-75.0,2.0,1.0,2.0,1.0,103.0,1626.0,103.0,30.0,365.0,12.0,29.0,53.0,235.5,22.0,1.0,1.0,4.0,4.0,4.0,4.0,4.0,4.0,1.0,2.0,1.0
893,02/07/2026,previous scrape,Work or Study in Ottawa,Mehrdad,"Ottawa, Canada",t,t,Rideau-Vanier,Entire rental unit,Entire home/apt,16/11/2026,15/01/2027,t,02/07/2026,05/10/2022,25/04/2026,3.0,11.0,3.0,11.0,2.0,45.0,-75.0,2.0,1.0,1.0,2.0,53.0,3198.0,53.0,60.0,1125.0,0.0,9.0,10.0,238.0,18.0,5.0,3.0,4.0,4.0,4.0,4.0,4.0,4.0,0.0,2.0,2.0
894,02/07/2026,previous scrape,Spacious bungalow in the center of the city,Andrew,"Ottawa, Canada",f,t,River,Entire home,Entire home/apt,0000-00-00,"""0000-00-00""",t,02/07/2026,21/08/2022,31/03/2024,9.0,0.0,9.0,0.0,1.0,45.0,-75.0,6.0,1.0,3.0,2.0,173.0,2246.0,173.0,3.0,8.0,0.0,0.0,0.0,0.0,11.0,0.0,0.0,4.0,4.0,4.0,5.0,4.0,4.0,0.0,1.0,1.0
895,02/07/2026,previous scrape,"3 Bedroom Cozy Family Home, Close to all amenities",Walid,"Ottawa, Canada",f,t,Innes,Entire townhouse,Entire home/apt,0000-00-00,"""0000-00-00""",t,02/07/2026,30/08/2022,25/05/2025,11.0,11.0,4.0,7.0,4.0,45.0,-75.0,6.0,1.0,3.0,2.0,173.0,2246.0,173.0,30.0,1125.0,0.0,0.0,0.0,0.0,163.0,0.0,19.0,4.0,4.0,4.0,4.0,4.0,4.0,3.0,2.0,2.0
896,24/06/2026,city scrape,Private bedroom in downtown Ottawa,Momodou,"Ottawa, Canada",f,t,Somerset,Private room in rental unit,Private room,24/06/2026,24/07/2026,t,24/06/2026,13/03/2024,08/12/2024,5.0,6.0,2.0,3.0,2.0,45.0,-75.0,2.0,1.0,1.0,1.0,84.0,2533.0,84.0,30.0,365.0,30.0,60.0,90.0,365.0,24.0,0.0,0.0,4.0,4.0,4.0,4.0,4.0,4.0,0.0,1.0,0.0
897,24/06/2026,city scrape,Cozy 2-bedroom in Ottawa-East,Mikaela,"Ottawa, Canada",f,t,Beacon Hill-Cyrville,Entire condo,Entire home/apt,25/06/2026,26/06/2026,t,24/06/2026,29/12/2023,16/08/2024,8.0,9.0,2.0,11.0,1.0,45.0,-75.0,4.0,1.0,2.0,2.0,206.0,206.0,206.0,1.0,7.0,14.0,37.0,67.0,67.0,4.0,0.0,0.0,4.0,4.0,5.0,5.0,4.0,4.0,0.0,1.0,1.0
898,24/06/2026,city scrape,Downtown - Large Modern 2 BR APT + 1 Free Parking,Jean Pierre Eric,"Ottawa, Canada",f,t,Rideau-Vanier,Entire rental unit,Entire home/apt,24/06/2026,24/07/2026,t,24/06/2026,06/08/2022,13/03/2025,7.0,6.0,3.0,6.0,2.0,45.0,-75.0,2.0,1.0,2.0,1.0,103.0,1626.0,103.0,30.0,365.0,12.0,29.0,53.0,235.5,22.0,1.0,1.0,4.0,4.0,4.0,4.0,4.0,4.0,1.0,2.0,1.0
899,24/06/2026,city scrape,Cheerful Private Room in a 4-bedroom Home - Ottawa,Amit,"Ottawa, Canada",t,t,Innes,Private room in home,Private room,01/01/2027,06/01/2027,t,24/06/2026,13/09/2023,31/08/2025,7.0,6.0,3.0,6.0,2.0,45.0,-75.0,2.0,1.0,2.0,1.0,103.0,1626.0,103.0,30.0,365.0,12.0,29.0,53.0,235.5,22.0,1.0,1.0,4.0,4.0,4.0,4.0,4.0,4.0,1.0,2.0,1.0
900,24/06/2026,city scrape,Modern Studio w/Full Kitchen Near Downtown & River,Lauren,"Ottawa, Canada",t,t,Rideau-Rockcliffe,Entire guest suite,Entire home/apt,26/06/2026,26/07/2026,t,24/06/2026,14/09/2023,08/11/2025,10.0,5.0,3.0,11.0,1.0,45.0,-75.0,2.0,1.0,2.0,2.0,101.0,3038.0,101.0,30.0,365.0,28.0,58.0,88.0,178.0,7.0,2.0,4.0,4.0,4.0,4.0,4.0,4.0,4.0,0.0,1.0,1.0
901,24/06/2026,city scrape,New 1BR Walk Out Basement Apt Private Entrance,Igor,"Ottawa, Canada",t,t,Stittsville-Kanata West,Entire home,Entire home/apt,25/06/2026,26/06/2026,t,24/06/2026,29/01/2023,21/06/2026,7.0,6.0,3.0,6.0,2.0,45.0,-75.0,2.0,1.0,2.0,1.0,103.0,1626.0,103.0,30.0,365.0,12.0,29.0,53.0,235.5,22.0,1.0,1.0,4.0,4.0,4.0,4.0,4.0,4.0,1.0,2.0,1.0
902,24/06/2026,city scrape,Spacious Private Room with Ensuite Bathroom,Alexey,"Ottawa, Canada",f,t,Stittsville-Kanata West,Private room in townhouse,Private room,24/06/2026,25/06/2026,t,24/06/2026,18/08/2022,11/06/2026,7.0,6.0,3.0,6.0,2.0,45.0,-75.0,2.0,1.0,2.0,1.0,103.0,1626.0,103.0,30.0,365.0,12.0,29.0,53.0,235.5,22.0,1.0,1.0,4.0,4.0,4.0,4.0,4.0,4.0,1.0,2.0,1.0
903,24/06/2026,city scrape,Bright & Warm Room,Jason,"Ottawa, Canada",t,t,Orleans,Private room in townhouse,Private room,25/07/2026,24/08/2026,t,24/06/2026,31/08/2023,30/05/2026,7.0,6.0,3.0,6.0,2.0,45.0,-75.0,2.0,1.0,2.0,1.0,103.0,1626.0,103.0,30.0,365.0,12.0,29.0,53.0,235.5,22.0,1.0,1.0,4.0,4.0,4.0,4.0,4.0,4.0,1.0,2.0,1.0
904,24/06/2026,city scrape,Luxurious & bright townhouse in Barrhaven!,Noor,"Ottawa, Canada",t,t,Rideau-Goulbourn,Entire townhouse,Entire home/apt,25/06/2026,25/07/2026,t,24/06/2026,01/09/2022,13/08/2025,7.0,6.0,3.0,6.0,2.0,45.0,-75.0,2.0,1.0,2.0,1.0,103.0,1626.0,103.0,30.0,365.0,12.0,29.0,53.0,235.5,22.0,1.0,1.0,4.0,4.0,4.0,4.0,4.0,4.0,1.0,2.0,1.0
905,24/06/2026,city scrape,"Stylish Murphy Room | Parking, Kitchenette & TV",Jenny,Canada,f,t,Rideau-Rockcliffe,Private room in townhouse,Private room,07/07/2026,08/07/2026,t,24/06/2026,31/08/2022,04/06/2026,8.0,0.0,3.0,11.0,2.0,45.0,-75.0,2.0,1.0,2.0,1.0,144.0,144.0,144.0,1.0,365.0,6.0,14.0,21.0,172.0,26.0,8.0,9.0,4.0,4.0,4.0,4.0,4.0,4.0,0.0,2.0,0.0
906,24/06/2026,city scrape,Private room near Bayshore Bus Station,Alan,"Ottawa, Canada",t,t,Bay,Private room in townhouse,Private room,01/07/2026,31/07/2026,t,24/06/2026,24/12/2022,11/05/2026,4.0,2.0,3.0,10.0,7.0,45.0,-75.0,1.0,1.0,2.0,1.0,35.0,1077.0,35.0,30.0,365.0,23.0,53.0,83.0,358.0,10.0,1.0,0.0,4.0,4.0,5.0,4.0,4.0,4.0,0.0,3.0,0.0
907,24/06/2026,city scrape,"* Modern, Elegant Apartment near Downtown Ottawa *",Luxury Rentals,Canada,f,t,Beacon Hill-Cyrville,Entire rental unit,Entire home/apt,10/08/2026,09/09/2026,t,24/06/2026,10/10/2025,10/10/2025,7.0,6.0,3.0,6.0,2.0,45.0,-75.0,2.0,1.0,2.0,1.0,103.0,1626.0,103.0,30.0,365.0,12.0,29.0,53.0,235.5,22.0,1.0,1.0,4.0,4.0,4.0,4.0,4.0,4.0,1.0,2.0,1.0
908,24/06/2026,city scrape,2-bed pet friendly house with parking and patio,Emily,"Ottawa, Canada",t,t,Gloucester-South Nepean,Entire home,Entire home/apt,01/12/2026,31/12/2026,t,24/06/2026,30/09/2023,01/04/2026,7.0,6.0,3.0,6.0,2.0,45.0,-75.0,2.0,1.0,2.0,1.0,103.0,1626.0,103.0,30.0,365.0,12.0,29.0,53.0,235.5,22.0,1.0,1.0,4.0,4.0,4.0,4.0,4.0,4.0,1.0,2.0,1.0
909,24/06/2026,city scrape,Central Ottawa One Bedroom Apartment with Balcony,Angela,"Ottawa, Canada",f,t,Somerset,Entire rental unit,Entire home/apt,21/11/2026,22/12/2026,t,24/06/2026,15/10/2022,12/09/2024,9.0,11.0,3.0,10.0,4.0,45.0,-75.0,2.0,1.0,1.0,1.0,93.0,2889.0,93.0,31.0,1125.0,0.0,0.0,0.0,210.0,5.0,0.0,0.0,4.0,4.0,5.0,5.0,4.0,4.0,0.0,4.0,4.0
910,24/06/2026,city scrape,Downtown Ottawa Lovely 2 Bedroom Apartment,Angela,"Ottawa, Canada",f,t,Somerset,Entire rental unit,Entire home/apt,25/06/2026,26/07/2026,t,24/06/2026,11/02/2023,06/09/2025,7.0,6.0,3.0,6.0,2.0,45.0,-75.0,2.0,1.0,2.0,1.0,103.0,1626.0,103.0,30.0,365.0,12.0,29.0,53.0,235.5,22.0,1.0,1.0,4.0,4.0,4.0,4.0,4.0,4.0,1.0,2.0,1.0
911,24/06/2026,city scrape,Downtown Ottawa Charming One Bedroom with Balcony,Angela,"Ottawa, Canada",f,t,Somerset,Entire rental unit,Entire home/apt,10/07/2026,10/08/2026,t,24/06/2026,26/09/2022,31/07/2025,7.0,6.0,3.0,6.0,2.0,45.0,-75.0,2.0,1.0,2.0,1.0,103.0,1626.0,103.0,30.0,365.0,12.0,29.0,53.0,235.5,22.0,1.0,1.0,4.0,4.0,4.0,4.0,4.0,4.0,1.0,2.0,1.0
912,24/06/2026,city scrape,Luxurious NEW 1B app w/ laundry - mins to DT!,Nicole,"Ottawa, Canada",f,t,Kitchissippi,Entire guest suite,Entire home/apt,03/08/2026,02/09/2026,t,24/06/2026,15/08/2022,24/10/2025,7.0,6.0,3.0,6.0,2.0,45.0,-75.0,2.0,1.0,2.0,1.0,103.0,1626.0,103.0,30.0,365.0,12.0,29.0,53.0,235.5,22.0,1.0,1.0,4.0,4.0,4.0,4.0,4.0,4.0,1.0,2.0,1.0
913,24/06/2026,city scrape,Luxury Home with Tempur-Pedic King Beds,Natalie,"Ottawa, Canada",f,t,College,Entire rental unit,Entire home/apt,15/11/2026,15/12/2026,t,24/06/2026,05/08/2022,11/08/2025,7.0,6.0,3.0,6.0,2.0,45.0,-75.0,2.0,1.0,2.0,1.0,103.0,1626.0,103.0,30.0,365.0,12.0,29.0,53.0,235.5,22.0,1.0,1.0,4.0,4.0,4.0,4.0,4.0,4.0,1.0,2.0,1.0
914,24/06/2026,city scrape,Lovely 2 Bedroom Apt in Orleans w/Free Parking,"Paulos,S","Ottawa, Canada",f,t,Innes,Entire rental unit,Entire home/apt,02/07/2026,04/07/2026,t,24/06/2026,05/08/2022,29/05/2026,7.0,6.0,7.0,6.0,2.0,45.0,-75.0,4.0,1.0,2.0,2.0,269.0,538.0,269.0,2.0,1125.0,6.0,25.0,55.0,235.0,85.0,17.0,18.0,4.0,4.0,4.0,4.0,4.0,4.0,1.0,2.0,2.0
915,24/06/2026,city scrape,Cozy Apartment - Nepean | Near All Amenities,Natalie,"Ottawa, Canada",f,t,College,Entire rental unit,Entire home/apt,27/06/2026,27/07/2026,t,24/06/2026,29/07/2022,01/09/2025,7.0,6.0,3.0,6.0,2.0,45.0,-75.0,2.0,1.0,2.0,1.0,103.0,1626.0,103.0,30.0,365.0,12.0,29.0,53.0,235.5,22.0,1.0,1.0,4.0,4.0,4.0,4.0,4.0,4.0,1.0,2.0,1.0
916,24/06/2026,city scrape,Amazing exclusive house experience.,Jamie,"Ottawa, Canada",f,t,Rideau-Vanier,Entire home,Entire home/apt,24/06/2026,24/07/2026,t,24/06/2026,10,10,12.0,10.0,3.0,10.0,1.0,45.0,-75.0,4.0,1.0,1.0,3.0,55.0,1660.0,55.0,30.0,90.0,30.0,60.0,90.0,365.0,0.0,0.0,0.0,4.0,4.0,4.0,4.0,4.0,4.0,1.0,1.0,1.0
917,24/06/2026,city scrape,NEW luxury spacious Studio - mins to DT w/ parking,Nicole,"Ottawa, Canada",f,t,Kitchissippi,Entire guest suite,Entire home/apt,30/10/2026,29/11/2026,t,24/06/2026,15/09/2022,28/12/2024,7.0,6.0,3.0,6.0,2.0,45.0,-75.0,2.0,1.0,2.0,1.0,103.0,1626.0,103.0,30.0,365.0,12.0,29.0,53.0,235.5,22.0,1.0,1.0,4.0,4.0,4.0,4.0,4.0,4.0,1.0,2.0,1.0
918,24/06/2026,city scrape,Entire house with Exercise equipment,Steve.O,"Ottawa, Canada",t,t,Innes,Entire home,Entire home/apt,05/08/2026,20/08/2026,t,24/06/2026,29/09/2022,22/05/2026,7.0,6.0,3.0,6.0,2.0,45.0,-75.0,2.0,1.0,2.0,1.0,103.0,1626.0,103.0,30.0,365.0,12.0,29.0,53.0,235.5,22.0,1.0,1.0,4.0,4.0,4.0,4.0,4.0,4.0,1.0,2.0,1.0
919,24/06/2026,city scrape,Cozy&ElegantRoom w/QueenBed/Desk/prking inKanata#2,Gill,"Ottawa, Canada",f,t,Stittsville-Kanata West,Private room in home,Private room,28/06/2026,29/06/2026,t,24/06/2026,31/08/2022,19/06/2026,7.0,6.0,3.0,6.0,2.0,45.0,-75.0,2.0,1.0,2.0,1.0,103.0,1626.0,103.0,30.0,365.0,12.0,29.0,53.0,235.5,22.0,1.0,1.0,4.0,4.0,4.0,4.0,4.0,4.0,1.0,2.0,1.0
920,24/06/2026,city scrape,NOCleanFee!PrivateRm/SelfCheck-in&KingBed inKanata,Gill,"Ottawa, Canada",f,t,Stittsville-Kanata West,Private room in home,Private room,26/06/2026,27/06/2026,t,24/06/2026,28/08/2022,19/06/2026,7.0,6.0,3.0,6.0,2.0,45.0,-75.0,2.0,1.0,2.0,1.0,103.0,1626.0,103.0,30.0,365.0,12.0,29.0,53.0,235.5,22.0,1.0,1.0,4.0,4.0,4.0,4.0,4.0,4.0,1.0,2.0,1.0
921,24/06/2026,city scrape,"Cozy 3-BR furnished townhouse, home away from home",Elsie,"Ottawa, Canada",f,t,Gloucester-South Nepean,Private room in townhouse,Private room,01/01/2027,31/01/2027,t,24/06/2026,18/02/2023,31/08/2025,7.0,6.0,3.0,6.0,2.0,45.0,-75.0,2.0,1.0,2.0,1.0,103.0,1626.0,103.0,30.0,365.0,12.0,29.0,53.0,235.5,22.0,1.0,1.0,4.0,4.0,4.0,4.0,4.0,4.0,1.0,2.0,1.0
922,02/07/2026,previous scrape,3-bedroom Ottawa townhouse in Orleans,Lili,"Ottawa, Canada",f,t,Orleans,Entire townhouse,Entire home/apt,0000-00-00,"""0000-00-00""",t,02/07/2026,10,10,7.0,6.0,3.0,6.0,2.0,45.0,-75.0,2.0,1.0,2.0,1.0,103.0,1626.0,103.0,30.0,365.0,12.0,29.0,53.0,235.5,22.0,1.0,1.0,4.0,4.0,4.0,4.0,4.0,4.0,1.0,2.0,1.0
923,24/06/2026,city scrape,Almost like HOME,Ruth,"Ottawa, Canada",f,t,Knoxdale-Merivale,Private room in rental unit,Private room,25/06/2026,25/07/2026,t,24/06/2026,10,10,6.0,1.0,3.0,1.0,1.0,45.0,-75.0,2.0,1.0,2.0,2.0,78.0,2342.0,78.0,30.0,1125.0,29.0,59.0,89.0,269.0,0.0,0.0,0.0,4.0,4.0,4.0,4.0,4.0,4.0,1.0,1.0,0.0
924,24/06/2026,city scrape,Homestyle cottage for a couple or more!,Vick,"Ottawa, Canada",f,t,West Carleton-March,Entire cottage,Entire home/apt,25/06/2026,28/06/2026,t,24/06/2026,10,10,7.0,6.0,3.0,6.0,2.0,45.0,-75.0,2.0,1.0,2.0,1.0,103.0,1626.0,103.0,30.0,365.0,12.0,29.0,53.0,235.5,22.0,1.0,1.0,4.0,4.0,4.0,4.0,4.0,4.0,1.0,2.0,1.0
925,24/06/2026,city scrape,Family-friendly townhome near attractions,Hamza,"Ottawa, Canada",t,t,Barrhaven,Entire home,Entire home/apt,29/06/2026,01/07/2026,t,24/06/2026,04/09/2022,17/06/2026,7.0,6.0,3.0,6.0,2.0,45.0,-75.0,2.0,1.0,2.0,1.0,103.0,1626.0,103.0,30.0,365.0,12.0,29.0,53.0,235.5,22.0,1.0,1.0,4.0,4.0,4.0,4.0,4.0,4.0,1.0,2.0,1.0
926,24/06/2026,city scrape,Gorgeous upscale end unit townhouse w/ fireplace,Sara,"Ottawa, Canada",f,t,Gloucester-South Nepean,Entire home,Entire home/apt,01/08/2026,31/08/2026,t,24/06/2026,30/11/2022,27/02/2023,7.0,6.0,3.0,6.0,2.0,45.0,-75.0,2.0,1.0,2.0,1.0,103.0,1626.0,103.0,30.0,365.0,12.0,29.0,53.0,235.5,22.0,1.0,1.0,4.0,4.0,4.0,4.0,4.0,4.0,1.0,2.0,1.0
927,24/06/2026,city scrape,"Private & Cosy, Renovated, in Beechwood !",Vincent,"Ottawa, Canada",t,t,Rideau-Rockcliffe,Entire guest suite,Entire home/apt,24/06/2026,24/07/2026,t,24/06/2026,27/08/2023,27/08/2023,7.0,6.0,3.0,6.0,2.0,45.0,-75.0,2.0,1.0,2.0,1.0,103.0,1626.0,103.0,30.0,365.0,12.0,29.0,53.0,235.5,22.0,1.0,1.0,4.0,4.0,4.0,4.0,4.0,4.0,1.0,2.0,1.0
928,24/06/2026,city scrape,Top Floor Downtown Apartment,Carol,"Ottawa, Canada",t,t,Somerset,Entire rental unit,Entire home/apt,24/06/2026,24/07/2026,t,24/06/2026,16/09/2025,30/04/2026,7.0,6.0,3.0,6.0,2.0,45.0,-75.0,2.0,1.0,2.0,1.0,103.0,1626.0,103.0,30.0,365.0,12.0,29.0,53.0,235.5,22.0,1.0,1.0,4.0,4.0,4.0,4.0,4.0,4.0,1.0,2.0,1.0
929,24/06/2026,city scrape,Rideau River Retreat in heart of Ottawa,Eva And Sam,"Ottawa, Canada",t,t,River,Entire home,Entire home/apt,04/07/2026,06/07/2026,t,24/06/2026,04/09/2022,22/06/2026,7.0,6.0,3.0,6.0,2.0,45.0,-75.0,2.0,1.0,2.0,1.0,103.0,1626.0,103.0,30.0,365.0,12.0,29.0,53.0,235.5,22.0,1.0,1.0,4.0,4.0,4.0,4.0,4.0,4.0,1.0,2.0,1.0
930,24/06/2026,city scrape,Bright colourful Studio apartment,Siobhan,"Ottawa, Canada",f,t,Rideau-Vanier,Entire rental unit,Entire home/apt,24/06/2026,24/07/2026,t,24/06/2026,29/04/2023,06/02/2026,10.0,8.0,4.0,7.0,2.0,45.0,-75.0,2.0,1.0,1.0,1.0,64.0,1933.0,64.0,30.0,365.0,30.0,60.0,90.0,365.0,11.0,4.0,5.0,4.0,4.0,4.0,4.0,4.0,4.0,0.0,2.0,2.0
931,24/06/2026,city scrape,Rideau River / Kingsview Park / Tudor Style House,Marc,"Ottawa, Canada",t,t,Rideau-Vanier,Entire home,Entire home/apt,04/07/2026,05/07/2026,t,24/06/2026,29/12/2022,20/06/2026,7.0,6.0,3.0,6.0,2.0,45.0,-75.0,2.0,1.0,2.0,1.0,103.0,1626.0,103.0,30.0,365.0,12.0,29.0,53.0,235.5,22.0,1.0,1.0,4.0,4.0,4.0,4.0,4.0,4.0,1.0,2.0,1.0
932,24/06/2026,city scrape,Spacious 2 bedroom in Byward Market w/ parking,Ana,"Ottawa, Canada",t,t,Rideau-Vanier,Entire rental unit,Entire home/apt,03/07/2026,05/07/2026,t,24/06/2026,02/01/2023,14/06/2026,7.0,6.0,3.0,6.0,2.0,45.0,-75.0,2.0,1.0,2.0,1.0,103.0,1626.0,103.0,30.0,365.0,12.0,29.0,53.0,235.5,22.0,1.0,1.0,4.0,4.0,4.0,4.0,4.0,4.0,1.0,2.0,1.0
933,24/06/2026,city scrape,Master Bedroom Retreat • Near Bank St & Billings,Abdur,"New York, NY",f,t,Capital,Private room in townhouse,Private room,24/06/2026,25/06/2026,t,24/06/2026,20/08/2022,15/06/2026,10.0,10.0,5.0,0.0,6.0,45.0,-75.0,2.0,1.0,2.0,1.0,120.0,120.0,120.0,1.0,1125.0,24.0,52.0,82.0,356.0,93.0,21.0,42.0,4.0,4.0,4.0,4.0,4.0,4.0,1.0,2.0,0.0
934,02/07/2026,previous scrape,Bright 2-Bed / 2BR w/ Backyard Oasis w/Parking,Katherine,"Ottawa, Canada",f,t,River,Private room in home,Private room,0000-00-00,"""0000-00-00""",t,02/07/2026,19/02/2023,28/10/2024,7.0,6.0,3.0,6.0,2.0,45.0,-75.0,2.0,1.0,2.0,1.0,103.0,1626.0,103.0,30.0,365.0,12.0,29.0,53.0,235.5,22.0,1.0,1.0,4.0,4.0,4.0,4.0,4.0,4.0,1.0,2.0,1.0
935,24/06/2026,city scrape,NOCleanfee!Comfy roomw/QueenBed/parking inKanata#3,Gill,"Ottawa, Canada",f,t,Stittsville-Kanata West,Private room in home,Private room,25/06/2026,26/06/2026,t,24/06/2026,12/09/2022,28/12/2025,7.0,6.0,3.0,6.0,2.0,45.0,-75.0,2.0,1.0,2.0,1.0,103.0,1626.0,103.0,30.0,365.0,12.0,29.0,53.0,235.5,22.0,1.0,1.0,4.0,4.0,4.0,4.0,4.0,4.0,1.0,2.0,1.0
936,24/06/2026,city scrape,Recharge at this Hidden Gem 10 min from downtown,Viviana,"Ottawa, Canada",t,t,Rideau-Rockcliffe,Entire home,Entire home/apt,20/07/2026,21/07/2026,t,24/06/2026,29/08/2022,21/06/2026,7.0,6.0,3.0,6.0,2.0,45.0,-75.0,2.0,1.0,2.0,1.0,103.0,1626.0,103.0,30.0,365.0,12.0,29.0,53.0,235.5,22.0,1.0,1.0,4.0,4.0,4.0,4.0,4.0,4.0,1.0,2.0,1.0
937,24/06/2026,city scrape,"Bright 2-bedroom with 3 beds, 1 block from Canal.",Aurora,"Ottawa, Canada",t,t,Capital,Entire home,Entire home/apt,15/07/2026,16/07/2026,t,24/06/2026,12/09/2022,08/06/2026,7.0,6.0,3.0,6.0,2.0,45.0,-75.0,2.0,1.0,2.0,1.0,103.0,1626.0,103.0,30.0,365.0,12.0,29.0,53.0,235.5,22.0,1.0,1.0,4.0,4.0,4.0,4.0,4.0,4.0,1.0,2.0,1.0
938,24/06/2026,city scrape,"Luxury 10 Bedroom Mansion w/HotTub, Pool Table&Gym",Ahmad,"Ottawa, Canada",t,t,River,Entire villa,Entire home/apt,05/07/2026,06/07/2026,t,24/06/2026,28/11/2022,17/06/2026,7.0,6.0,3.0,6.0,2.0,45.0,-75.0,2.0,1.0,2.0,1.0,103.0,1626.0,103.0,30.0,365.0,12.0,29.0,53.0,235.5,22.0,1.0,1.0,4.0,4.0,4.0,4.0,4.0,4.0,1.0,2.0,1.0
939,24/06/2026,city scrape,Snug cabin in the woods!,Vick,"Ottawa, Canada",f,t,West Carleton-March,Entire cottage,Entire home/apt,25/06/2026,28/06/2026,t,24/06/2026,09/07/2023,29/05/2026,7.0,6.0,3.0,6.0,2.0,45.0,-75.0,2.0,1.0,2.0,1.0,103.0,1626.0,103.0,30.0,365.0,12.0,29.0,53.0,235.5,22.0,1.0,1.0,4.0,4.0,4.0,4.0,4.0,4.0,1.0,2.0,1.0
940,24/06/2026,city scrape,Cheerful two bedroom with all the amenities needed,Isaac,"Ottawa, Canada",f,t,River,Entire guest suite,Entire home/apt,24/06/2026,24/07/2026,t,24/06/2026,10,10,9.0,3.0,3.0,9.0,1.0,45.0,-75.0,4.0,1.0,2.0,3.0,165.0,4978.0,165.0,30.0,365.0,30.0,60.0,90.0,365.0,0.0,0.0,0.0,4.0,4.0,4.0,4.0,4.0,4.0,1.0,1.0,1.0
941,24/06/2026,city scrape,NOCleanfee!Cheerful room w/parking&Wifi inKanata#3,Gill,"Ottawa, Canada",f,t,Stittsville-Kanata West,Private room in home,Private room,25/06/2026,26/06/2026,t,24/06/2026,08/10/2022,08/06/2026,7.0,6.0,3.0,6.0,2.0,45.0,-75.0,2.0,1.0,2.0,1.0,103.0,1626.0,103.0,30.0,365.0,12.0,29.0,53.0,235.5,22.0,1.0,1.0,4.0,4.0,4.0,4.0,4.0,4.0,1.0,2.0,1.0
942,24/06/2026,city scrape,Spacious and modern 1-bedroom condo with pool,Wendy,"Ottawa, Canada",t,t,Rideau-Vanier,Entire condo,Entire home/apt,28/07/2026,27/08/2026,t,24/06/2026,01/11/2022,30/05/2026,7.0,6.0,3.0,6.0,2.0,45.0,-75.0,2.0,1.0,2.0,1.0,103.0,1626.0,103.0,30.0,365.0,12.0,29.0,53.0,235.5,22.0,1.0,1.0,4.0,4.0,4.0,4.0,4.0,4.0,1.0,2.0,1.0
943,24/06/2026,city scrape,Room near South Keys transit and shopping centre,Daniel,"Ottawa, Canada",t,t,River,Private room in home,Private room,01/07/2026,31/07/2026,t,24/06/2026,08/04/2023,09/05/2026,7.0,6.0,3.0,6.0,2.0,45.0,-75.0,2.0,1.0,2.0,1.0,103.0,1626.0,103.0,30.0,365.0,12.0,29.0,53.0,235.5,22.0,1.0,1.0,4.0,4.0,4.0,4.0,4.0,4.0,1.0,2.0,1.0
944,24/06/2026,city scrape,"Brand New Luxury Home W/8Beds, Hot-tub, Pool Table",Gia,"Ottawa, Canada",t,t,Gloucester-Southgate,Entire villa,Entire home/apt,02/07/2026,03/07/2026,t,24/06/2026,02/09/2022,21/06/2026,7.0,6.0,3.0,6.0,2.0,45.0,-75.0,2.0,1.0,2.0,1.0,103.0,1626.0,103.0,30.0,365.0,12.0,29.0,53.0,235.5,22.0,1.0,1.0,4.0,4.0,4.0,4.0,4.0,4.0,1.0,2.0,1.0
945,24/06/2026,city scrape,Modern apartment in upscale Sandy Hill w Parking,Stan,"Ottawa, Canada",f,t,Rideau-Vanier,Entire guest suite,Entire home/apt,20/10/2026,19/11/2026,t,24/06/2026,09/04/2023,24/05/2026,7.0,6.0,3.0,6.0,2.0,45.0,-75.0,2.0,1.0,2.0,1.0,103.0,1626.0,103.0,30.0,365.0,12.0,29.0,53.0,235.5,22.0,1.0,1.0,4.0,4.0,4.0,4.0,4.0,4.0,1.0,2.0,1.0
946,24/06/2026,city scrape,"Entire basement, Wide Windows, Private Bath&Office",Pam,"Ottawa, Canada",f,t,Cumberland,Entire guest suite,Entire home/apt,24/06/2026,25/06/2026,t,24/06/2026,06/07/2024,11/06/2026,8.0,11.0,3.0,5.0,1.0,45.0,-75.0,2.0,1.0,1.0,2.0,130.0,130.0,130.0,1.0,1125.0,24.0,54.0,84.0,264.0,16.0,8.0,4.0,4.0,4.0,4.0,4.0,4.0,4.0,0.0,1.0,1.0
947,24/06/2026,city scrape,Casa Mia Beach House,Jenny,"Ottawa, Canada",t,t,West Carleton-March,Entire cottage,Entire home/apt,25/06/2026,26/06/2026,t,24/06/2026,08/01/2023,21/06/2026,7.0,6.0,3.0,6.0,2.0,45.0,-75.0,2.0,1.0,2.0,1.0,103.0,1626.0,103.0,30.0,365.0,12.0,29.0,53.0,235.5,22.0,1.0,1.0,4.0,4.0,4.0,4.0,4.0,4.0,1.0,2.0,1.0
948,24/06/2026,city scrape,Exquisite 2&2 nestled near Byward Market,Christian,"Gatineau, Canada",f,t,Rideau-Vanier,Entire townhouse,Entire home/apt,06/07/2026,07/07/2026,t,24/06/2026,18/11/2022,17/06/2026,7.0,6.0,3.0,6.0,2.0,45.0,-75.0,2.0,1.0,2.0,1.0,103.0,1626.0,103.0,30.0,365.0,12.0,29.0,53.0,235.5,22.0,1.0,1.0,4.0,4.0,4.0,4.0,4.0,4.0,1.0,2.0,1.0
949,24/06/2026,city scrape,Cozy Private Queen Room in a stylish Townhome,Gbenga,"Ontario, Canada",f,t,Stittsville-Kanata West,Private room in townhouse,Private room,24/06/2026,24/07/2026,t,24/06/2026,10/06/2023,26/01/2025,7.0,7.0,3.0,0.0,2.0,45.0,-75.0,2.0,1.0,2.0,1.0,84.0,2541.0,84.0,30.0,1125.0,30.0,60.0,90.0,365.0,47.0,0.0,1.0,4.0,4.0,4.0,4.0,4.0,4.0,1.0,2.0,0.0
950,24/06/2026,city scrape,Spacious Brand new house in heart of barrhaven,Manjot Singh,"Ottawa, Canada",f,t,Barrhaven,Private room in home,Private room,24/06/2026,24/07/2026,t,24/06/2026,10,10,3.0,9.0,3.0,9.0,1.0,45.0,-75.0,1.0,1.0,2.0,2.0,58.0,1742.0,58.0,30.0,1125.0,30.0,60.0,90.0,365.0,0.0,0.0,0.0,4.0,4.0,4.0,4.0,4.0,4.0,1.0,1.0,0.0
951,24/06/2026,city scrape,NOCleanFee!ModernRmw/SelfCheck-in&parknginKanata#2,Gill,"Ottawa, Canada",f,t,Stittsville-Kanata West,Private room in home,Private room,28/06/2026,29/06/2026,t,24/06/2026,09/10/2022,20/06/2026,7.0,6.0,3.0,6.0,2.0,45.0,-75.0,2.0,1.0,2.0,1.0,103.0,1626.0,103.0,30.0,365.0,12.0,29.0,53.0,235.5,22.0,1.0,1.0,4.0,4.0,4.0,4.0,4.0,4.0,1.0,2.0,1.0
952,24/06/2026,city scrape,Luxury 1-bedroom home with patio,Yh,"Ottawa, Canada",t,t,Alta Vista,Entire home,Entire home/apt,29/06/2026,01/07/2026,t,24/06/2026,28/10/2022,21/06/2026,3.0,11.0,3.0,10.0,1.0,45.0,-75.0,2.0,1.0,1.0,1.0,289.0,578.0,289.0,2.0,360.0,5.0,16.0,29.0,249.0,62.0,26.0,19.0,4.0,4.0,4.0,4.0,4.0,4.0,1.0,1.0,1.0
953,24/06/2026,city scrape,Beautiful ensuite room with free parking in Ottawa,Adebo,"Ottawa, Canada",f,t,Innes,Private room in home,Private room,02/07/2026,04/07/2026,t,24/06/2026,29/09/2022,03/01/2026,4.0,11.0,3.0,9.0,3.0,45.0,-75.0,2.0,1.0,2.0,1.0,114.0,229.0,114.0,2.0,1125.0,22.0,52.0,82.0,357.0,29.0,6.0,7.0,4.0,4.0,4.0,4.0,4.0,4.0,0.0,3.0,0.0
954,24/06/2026,city scrape,Bright room in newly built house (Orleans/Ottawa,Adebo,"Ottawa, Canada",f,t,Innes,Private room in home,Private room,01/07/2026,03/07/2026,t,24/06/2026,30/09/2022,20/02/2026,4.0,11.0,3.0,9.0,3.0,45.0,-75.0,2.0,1.0,2.0,1.0,86.0,172.0,86.0,2.0,365.0,23.0,53.0,83.0,358.0,49.0,9.0,10.0,4.0,4.0,4.0,4.0,4.0,4.0,1.0,3.0,0.0
955,24/06/2026,city scrape,Lovely room in New House (Orleans/Ottawa),Adebo,"Ottawa, Canada",f,t,Innes,Private room in home,Private room,14/07/2026,16/07/2026,t,24/06/2026,27/09/2022,02/06/2026,4.0,11.0,3.0,9.0,3.0,45.0,-75.0,2.0,1.0,2.0,1.0,86.0,172.0,86.0,2.0,1125.0,10.0,40.0,70.0,345.0,46.0,9.0,10.0,4.0,4.0,4.0,4.0,4.0,4.0,1.0,3.0,0.0
956,24/06/2026,city scrape,Executive condo in downtown Ottawa (+1 parking),Luis,"Gatineau, Canada",t,t,Somerset,Entire rental unit,Entire home/apt,17/08/2026,16/09/2026,f,24/06/2026,10,10,7.0,6.0,3.0,6.0,2.0,45.0,-75.0,2.0,1.0,2.0,1.0,103.0,1626.0,103.0,30.0,365.0,12.0,29.0,53.0,235.5,22.0,1.0,1.0,4.0,4.0,4.0,4.0,4.0,4.0,1.0,2.0,1.0
957,24/06/2026,city scrape,Spacious Private room w/King Bed+Wifi inKanata#1,Gill,"Ottawa, Canada",f,t,Stittsville-Kanata West,Private room in home,Private room,26/06/2026,27/06/2026,t,24/06/2026,01/10/2022,23/04/2025,7.0,6.0,3.0,6.0,2.0,45.0,-75.0,2.0,1.0,2.0,1.0,103.0,1626.0,103.0,30.0,365.0,12.0,29.0,53.0,235.5,22.0,1.0,1.0,4.0,4.0,4.0,4.0,4.0,4.0,1.0,2.0,1.0
958,24/06/2026,city scrape,"Extended stays, made easy at Casa Mir’o",Kelly,"Ottawa, Canada",t,t,Innes,Entire home,Entire home/apt,24/08/2026,23/09/2026,t,24/06/2026,31/08/2023,01/04/2026,7.0,6.0,3.0,6.0,2.0,45.0,-75.0,2.0,1.0,2.0,1.0,103.0,1626.0,103.0,30.0,365.0,12.0,29.0,53.0,235.5,22.0,1.0,1.0,4.0,4.0,4.0,4.0,4.0,4.0,1.0,2.0,1.0
959,24/06/2026,city scrape,Three Bedroom Home for Rent. Central location.,Chris,"Ottawa, Canada",f,t,Alta Vista,Entire home,Entire home/apt,01/01/2027,31/01/2027,t,24/06/2026,31/03/2025,31/03/2025,7.0,6.0,3.0,6.0,2.0,45.0,-75.0,2.0,1.0,2.0,1.0,103.0,1626.0,103.0,30.0,365.0,12.0,29.0,53.0,235.5,22.0,1.0,1.0,4.0,4.0,4.0,4.0,4.0,4.0,1.0,2.0,1.0
960,24/06/2026,city scrape,Cute 1-bedroom suite steps from downtown,Steve,"Ottawa, Canada",t,t,Rideau-Vanier,Entire guest suite,Entire home/apt,20/07/2026,22/07/2026,t,24/06/2026,11/11/2022,14/06/2026,7.0,6.0,3.0,6.0,2.0,45.0,-75.0,2.0,1.0,2.0,1.0,103.0,1626.0,103.0,30.0,365.0,12.0,29.0,53.0,235.5,22.0,1.0,1.0,4.0,4.0,4.0,4.0,4.0,4.0,1.0,2.0,1.0
961,24/06/2026,city scrape,Unique quiet 1-bedroom,Marina,"Ottawa, Canada",t,t,Kitchissippi,Entire rental unit,Entire home/apt,04/08/2026,05/08/2026,t,24/06/2026,10/10/2022,21/06/2026,7.0,6.0,3.0,6.0,2.0,45.0,-75.0,2.0,1.0,2.0,1.0,103.0,1626.0,103.0,30.0,365.0,12.0,29.0,53.0,235.5,22.0,1.0,1.0,4.0,4.0,4.0,4.0,4.0,4.0,1.0,2.0,1.0
962,24/06/2026,city scrape,Cottage by Rideau River,Shen,"Ottawa, Canada",t,t,Osgoode,Entire cottage,Entire home/apt,24/06/2026,24/07/2026,t,24/06/2026,14/05/2023,01/09/2025,7.0,6.0,3.0,6.0,2.0,45.0,-75.0,2.0,1.0,2.0,1.0,103.0,1626.0,103.0,30.0,365.0,12.0,29.0,53.0,235.5,22.0,1.0,1.0,4.0,4.0,4.0,4.0,4.0,4.0,1.0,2.0,1.0
963,24/06/2026,city scrape,Brand new 2-bedroom ensuite,Yogi,"Ottawa, Canada",t,t,Kanata South,Entire guest suite,Entire home/apt,05/08/2026,06/08/2026,t,24/06/2026,22/01/2023,19/06/2026,7.0,6.0,3.0,6.0,2.0,45.0,-75.0,2.0,1.0,2.0,1.0,103.0,1626.0,103.0,30.0,365.0,12.0,29.0,53.0,235.5,22.0,1.0,1.0,4.0,4.0,4.0,4.0,4.0,4.0,1.0,2.0,1.0
964,24/06/2026,city scrape,Modern and Cozy Basement Suite,Robert,"Ottawa, Canada",t,t,Stittsville-Kanata West,Entire rental unit,Entire home/apt,30/06/2026,02/07/2026,t,24/06/2026,21/10/2022,21/06/2026,7.0,6.0,3.0,6.0,2.0,45.0,-75.0,2.0,1.0,2.0,1.0,103.0,1626.0,103.0,30.0,365.0,12.0,29.0,53.0,235.5,22.0,1.0,1.0,4.0,4.0,4.0,4.0,4.0,4.0,1.0,2.0,1.0
965,24/06/2026,city scrape,French Farmhouse 35 min to Downtown,Nathalie,"Ottawa, Canada",t,t,Osgoode,Private room in farm stay,Private room,27/06/2026,30/06/2026,t,24/06/2026,20/04/2023,04/06/2026,3.0,8.0,3.0,2.0,1.0,45.0,-75.0,2.0,1.0,2.0,1.0,98.0,296.0,98.0,2.0,30.0,21.0,47.0,77.0,257.0,88.0,24.0,25.0,4.0,4.0,4.0,4.0,4.0,4.0,2.0,1.0,0.0
966,24/06/2026,city scrape,Lovely 1- bedroom vacation home with free parking,Abdel,"Ottawa, Canada",f,t,Innes,Entire rental unit,Entire home/apt,25/07/2026,24/08/2026,t,24/06/2026,06/12/2022,10/12/2025,7.0,6.0,3.0,6.0,2.0,45.0,-75.0,2.0,1.0,2.0,1.0,103.0,1626.0,103.0,30.0,365.0,12.0,29.0,53.0,235.5,22.0,1.0,1.0,4.0,4.0,4.0,4.0,4.0,4.0,1.0,2.0,1.0
967,24/06/2026,city scrape,Private Club House,Corey,"Ottawa, Canada",f,t,Gloucester-Southgate,Entire place,Entire home/apt,24/06/2026,24/07/2026,t,24/06/2026,10,10,7.0,6.0,3.0,6.0,2.0,45.0,-75.0,2.0,1.0,2.0,1.0,103.0,1626.0,103.0,30.0,365.0,12.0,29.0,53.0,235.5,22.0,1.0,1.0,4.0,4.0,4.0,4.0,4.0,4.0,1.0,2.0,1.0
968,24/06/2026,city scrape,Furnished condo in a nice and secure area,Seynabou,"Ottawa, Canada",f,t,Beacon Hill-Cyrville,Entire condo,Entire home/apt,24/06/2026,24/07/2026,t,24/06/2026,10,10,4.0,3.0,3.0,8.0,4.0,45.0,-75.0,4.0,1.0,2.0,2.0,119.0,3584.0,119.0,30.0,1125.0,30.0,60.0,90.0,365.0,0.0,0.0,0.0,4.0,4.0,4.0,4.0,4.0,4.0,1.0,4.0,1.0
969,02/07/2026,previous scrape,Comfortable room furnished in a beautiful condo,Seynabou,"Ottawa, Canada",f,t,Beacon Hill-Cyrville,Private room in condo,Private room,02/07/2026,31/08/2026,t,02/07/2026,10,10,4.0,3.0,3.0,8.0,4.0,45.0,-75.0,1.0,1.0,2.0,2.0,23.0,1388.0,23.0,60.0,365.0,30.0,60.0,90.0,365.0,0.0,0.0,0.0,4.0,4.0,4.0,4.0,4.0,4.0,1.0,4.0,1.0
970,24/06/2026,city scrape,Spacious room for students in a secure condo,Seynabou,"Ottawa, Canada",f,t,Beacon Hill-Cyrville,Private room in condo,Private room,24/06/2026,24/07/2026,t,24/06/2026,10,10,4.0,3.0,3.0,8.0,4.0,45.0,-75.0,1.0,1.0,2.0,1.0,55.0,1660.0,55.0,30.0,365.0,30.0,60.0,90.0,365.0,0.0,0.0,0.0,4.0,4.0,4.0,4.0,4.0,4.0,1.0,4.0,1.0
971,24/06/2026,city scrape,New 1-bedroom apartment in trendy Hintonburg,Daniel,"Ottawa, Canada",t,t,Kitchissippi,Entire guest suite,Entire home/apt,27/07/2026,29/07/2026,t,24/06/2026,06/11/2022,22/06/2026,5.0,6.0,3.0,8.0,1.0,45.0,-75.0,2.0,1.0,1.0,1.0,170.0,341.0,170.0,2.0,28.0,3.0,5.0,15.0,45.0,117.0,29.0,16.0,4.0,4.0,4.0,4.0,4.0,4.0,2.0,1.0,1.0
972,24/06/2026,city scrape,Double guest room in a cozy bungalow,Naresh,Canada,t,t,Alta Vista,Private room in bungalow,Private room,24/06/2026,24/07/2026,t,24/06/2026,01/11/2022,01/10/2025,8.0,4.0,6.0,7.0,2.0,45.0,-75.0,1.0,1.0,2.0,1.0,34.0,1022.0,34.0,30.0,60.0,30.0,60.0,90.0,90.0,13.0,1.0,1.0,4.0,4.0,4.0,5.0,4.0,4.0,0.0,2.0,0.0
973,24/06/2026,city scrape,Adorable 1-Bedroom Basement Unit,Cory,"Ottawa, Canada",t,t,Rideau-Vanier,Entire guest suite,Entire home/apt,11/07/2026,12/07/2026,t,24/06/2026,02/12/2022,21/06/2026,7.0,6.0,3.0,6.0,2.0,45.0,-75.0,2.0,1.0,2.0,1.0,103.0,1626.0,103.0,30.0,365.0,12.0,29.0,53.0,235.5,22.0,1.0,1.0,4.0,4.0,4.0,4.0,4.0,4.0,1.0,2.0,1.0
974,02/07/2026,previous scrape,"Renovated, cozy (entire) apartment in Centretown",Natasha,"Ottawa, Canada",t,t,Somerset,Entire serviced apartment,Entire home/apt,17/07/2026,23/07/2026,t,02/07/2026,28/02/2023,22/06/2026,7.0,6.0,3.0,6.0,2.0,45.0,-75.0,2.0,1.0,2.0,1.0,103.0,1626.0,103.0,30.0,365.0,12.0,29.0,53.0,235.5,22.0,1.0,1.0,4.0,4.0,4.0,4.0,4.0,4.0,1.0,2.0,1.0
975,24/06/2026,city scrape,Cheerful one bedroom home with free parking,Chika Chelvis,"Ottawa, Canada",f,t,Gloucester-South Nepean,Private room in home,Private room,24/06/2026,24/07/2026,t,24/06/2026,10,10,6.0,10.0,6.0,7.0,3.0,45.0,-75.0,1.0,1.0,2.0,1.0,95.0,2854.0,95.0,30.0,365.0,30.0,60.0,90.0,365.0,0.0,0.0,0.0,4.0,4.0,4.0,4.0,4.0,4.0,1.0,3.0,0.0
976,24/06/2026,city scrape,Nice and Cozy Private bedroom,Olanrewaju,"Oshawa, Canada",f,t,Stittsville-Kanata West,Private room in townhouse,Private room,24/06/2026,24/07/2026,t,24/06/2026,10,10,5.0,7.0,3.0,8.0,1.0,45.0,-75.0,1.0,1.0,2.0,1.0,110.0,3319.0,110.0,30.0,365.0,30.0,60.0,90.0,365.0,0.0,0.0,0.0,4.0,4.0,4.0,4.0,4.0,4.0,1.0,1.0,0.0
977,24/06/2026,city scrape,Nice and cosy private bedroom in Stittville,Olanrewaju,"Ottawa, Canada",f,t,Stittsville-Kanata West,Private room in townhouse,Private room,24/06/2026,25/07/2026,t,24/06/2026,10,10,3.0,8.0,3.0,5.0,1.0,45.0,-75.0,1.0,1.0,2.0,1.0,76.0,2362.0,76.0,31.0,365.0,30.0,60.0,90.0,365.0,0.0,0.0,0.0,4.0,4.0,4.0,4.0,4.0,4.0,1.0,1.0,0.0
978,24/06/2026,city scrape,Beautiful & cozy apartment,Martin,"Ottawa, Canada",f,t,Rideau-Vanier,Entire rental unit,Entire home/apt,28/06/2026,29/06/2026,t,24/06/2026,29/12/2022,06/06/2026,7.0,6.0,3.0,6.0,2.0,45.0,-75.0,2.0,1.0,2.0,1.0,103.0,1626.0,103.0,30.0,365.0,12.0,29.0,53.0,235.5,22.0,1.0,1.0,4.0,4.0,4.0,4.0,4.0,4.0,1.0,2.0,1.0
979,24/06/2026,city scrape,Adorable 1-bedroom with free parking near TOH/CHEO,Kennis,"Ottawa, Canada",t,t,Alta Vista,Entire guest suite,Entire home/apt,01/07/2026,03/07/2026,t,24/06/2026,30/10/2022,10/06/2026,12.0,5.0,9.0,9.0,2.0,45.0,-75.0,2.0,1.0,1.0,1.0,177.0,355.0,177.0,2.0,190.0,2.0,4.0,25.0,111.0,82.0,23.0,34.0,4.0,4.0,4.0,4.0,4.0,4.0,1.0,2.0,2.0
980,24/06/2026,city scrape,2BR Spacious Basement Suite in Ottawa. No pets!,Dave,"Ottawa, Canada",f,t,Gloucester-South Nepean,Entire rental unit,Entire home/apt,24/06/2026,25/06/2026,t,24/06/2026,07/11/2022,21/06/2026,7.0,6.0,3.0,6.0,2.0,45.0,-75.0,2.0,1.0,2.0,1.0,103.0,1626.0,103.0,30.0,365.0,12.0,29.0,53.0,235.5,22.0,1.0,1.0,4.0,4.0,4.0,4.0,4.0,4.0,1.0,2.0,1.0
981,24/06/2026,city scrape,Spacious 3-Bedroom Townhome w/ Free Parking,Nicole,"Ottawa, Canada",f,t,Stittsville-Kanata West,Entire townhouse,Entire home/apt,12/07/2026,13/07/2026,t,24/06/2026,19/11/2022,21/06/2026,7.0,6.0,3.0,6.0,2.0,45.0,-75.0,2.0,1.0,2.0,1.0,103.0,1626.0,103.0,30.0,365.0,12.0,29.0,53.0,235.5,22.0,1.0,1.0,4.0,4.0,4.0,4.0,4.0,4.0,1.0,2.0,1.0
982,24/06/2026,city scrape,"Century home by river, hot tub & parking",Breathe Vacation Rentals,"Prince Edward, Canada",t,t,Capital,Entire home,Entire home/apt,29/06/2026,01/07/2026,t,24/06/2026,07/11/2022,17/06/2026,7.0,6.0,3.0,6.0,2.0,45.0,-75.0,2.0,1.0,2.0,1.0,103.0,1626.0,103.0,30.0,365.0,12.0,29.0,53.0,235.5,22.0,1.0,1.0,4.0,4.0,4.0,4.0,4.0,4.0,1.0,2.0,1.0
983,24/06/2026,city scrape,A very comfortable place u can stay & feel at home,Chika Chelvis,"Ottawa, Canada",f,t,Gloucester-South Nepean,Private room in home,Private room,24/06/2026,24/07/2026,t,24/06/2026,13/11/2022,13/11/2022,7.0,6.0,3.0,6.0,2.0,45.0,-75.0,2.0,1.0,2.0,1.0,103.0,1626.0,103.0,30.0,365.0,12.0,29.0,53.0,235.5,22.0,1.0,1.0,4.0,4.0,4.0,4.0,4.0,4.0,1.0,2.0,1.0
984,02/07/2026,previous scrape,Charming Vintage Inspired 1 Bedroom Bungalow,Andrea,"Ottawa, Canada",t,t,Rideau-Vanier,Entire bungalow,Entire home/apt,0000-00-00,"""0000-00-00""",t,02/07/2026,24/09/2023,28/06/2026,9.0,1.0,8.0,1.0,2.0,45.0,-75.0,2.0,1.0,1.0,2.0,173.0,2246.0,173.0,2.0,30.0,0.0,0.0,0.0,0.0,69.0,25.0,18.0,4.0,4.0,4.0,4.0,4.0,4.0,2.0,1.0,1.0
985,24/06/2026,city scrape,Cozy bedroom in Barrhaven (Ottawa),Muiz,"Ottawa, Canada",t,t,Barrhaven,Private room in home,Private room,05/07/2026,04/08/2026,t,24/06/2026,01/04/2023,25/12/2025,7.0,6.0,3.0,6.0,2.0,45.0,-75.0,2.0,1.0,2.0,1.0,103.0,1626.0,103.0,30.0,365.0,12.0,29.0,53.0,235.5,22.0,1.0,1.0,4.0,4.0,4.0,4.0,4.0,4.0,1.0,2.0,1.0
986,02/07/2026,previous scrape,cheerful 2 Bedrooms near downtown/ free parking,Chika,"Ottawa, Canada",f,t,Rideau-Rockcliffe,Entire home,Entire home/apt,01/09/2026,01/10/2026,t,02/07/2026,03/11/2022,08/09/2024,4.0,3.0,4.0,1.0,3.0,45.0,-75.0,4.0,1.0,2.0,2.0,93.0,2799.0,93.0,30.0,1125.0,0.0,0.0,29.0,209.0,15.0,0.0,0.0,4.0,4.0,4.0,4.0,4.0,4.0,0.0,2.0,2.0
987,24/06/2026,city scrape,One private Single room with shared bathroom,Mo,"Ottawa, Canada",f,t,Osgoode,Private room in home,Private room,01/08/2026,02/08/2026,t,24/06/2026,29/10/2022,09/06/2023,4.0,0.0,3.0,7.0,1.0,45.0,-75.0,2.0,1.0,2.0,1.0,77.0,77.0,77.0,1.0,365.0,0.0,22.0,52.0,327.0,11.0,0.0,0.0,4.0,4.0,4.0,4.0,4.0,4.0,0.0,1.0,0.0
988,24/06/2026,city scrape,Byward Market Ottawa One Bedroom Beautiful Deck #5,Danielle,"Ottawa, Canada",t,t,Rideau-Vanier,Entire rental unit,Entire home/apt,10/07/2026,09/08/2026,t,24/06/2026,31/08/2023,15/02/2026,7.0,6.0,3.0,6.0,2.0,45.0,-75.0,2.0,1.0,2.0,1.0,103.0,1626.0,103.0,30.0,365.0,12.0,29.0,53.0,235.5,22.0,1.0,1.0,4.0,4.0,4.0,4.0,4.0,4.0,1.0,2.0,1.0
989,24/06/2026,city scrape,A comfortable place that makes you feel at home,Chika Chelvis,"Ottawa, Canada",f,t,Gloucester-South Nepean,Private room in home,Private room,24/06/2026,24/07/2026,t,24/06/2026,10,10,6.0,10.0,6.0,7.0,3.0,45.0,-75.0,1.0,1.0,2.0,1.0,96.0,2888.0,96.0,30.0,365.0,30.0,60.0,90.0,365.0,0.0,0.0,0.0,4.0,4.0,4.0,4.0,4.0,4.0,1.0,3.0,0.0
990,24/06/2026,city scrape,Lovely Studio in Downtown Ottawa,Ottawa,"Ottawa, Canada",f,t,Somerset,Entire rental unit,Entire home/apt,10/08/2026,09/09/2026,t,24/06/2026,30/07/2023,29/05/2026,7.0,6.0,3.0,6.0,2.0,45.0,-75.0,2.0,1.0,2.0,1.0,103.0,1626.0,103.0,30.0,365.0,12.0,29.0,53.0,235.5,22.0,1.0,1.0,4.0,4.0,4.0,4.0,4.0,4.0,1.0,2.0,1.0
991,24/06/2026,city scrape,NOCleanFee!Lovely Queen Bed/Wifi+ParkinginKanata#2,Gill,"Ottawa, Canada",f,t,Stittsville-Kanata West,Private room in home,Private room,28/06/2026,29/06/2026,t,24/06/2026,26/11/2022,20/07/2025,7.0,6.0,3.0,6.0,2.0,45.0,-75.0,2.0,1.0,2.0,1.0,103.0,1626.0,103.0,30.0,365.0,12.0,29.0,53.0,235.5,22.0,1.0,1.0,4.0,4.0,4.0,4.0,4.0,4.0,1.0,2.0,1.0
992,24/06/2026,city scrape,"Stylish 1 bedroom apartment, with River Access",Pardeep,"Ottawa, Canada",t,t,Bay,Entire guest suite,Entire home/apt,02/07/2026,04/07/2026,t,24/06/2026,21/05/2023,22/06/2026,10.0,8.0,3.0,4.0,1.0,45.0,-75.0,2.0,1.0,1.0,1.0,183.0,366.0,183.0,2.0,1125.0,10.0,23.0,29.0,115.0,82.0,22.0,20.0,4.0,4.0,4.0,4.0,4.0,4.0,2.0,1.0,1.0
993,24/06/2026,city scrape,NOCleanFee!Brightroom w/Queen Bed&ParknginKanata#2,Gill,"Ottawa, Canada",f,t,Stittsville-Kanata West,Private room in home,Private room,28/06/2026,29/06/2026,t,24/06/2026,12/11/2022,31/12/2025,7.0,6.0,3.0,6.0,2.0,45.0,-75.0,2.0,1.0,2.0,1.0,103.0,1626.0,103.0,30.0,365.0,12.0,29.0,53.0,235.5,22.0,1.0,1.0,4.0,4.0,4.0,4.0,4.0,4.0,1.0,2.0,1.0
994,24/06/2026,city scrape,Lovely - 1 bedroom in the Byward Market + Parking,Y Junior,"Ottawa, Canada",f,t,Rideau-Vanier,Entire condo,Entire home/apt,03/08/2026,02/09/2026,t,24/06/2026,10,10,3.0,11.0,3.0,11.0,1.0,45.0,-75.0,2.0,1.0,1.0,1.0,133.0,4015.0,133.0,30.0,365.0,0.0,20.0,50.0,140.0,0.0,0.0,0.0,4.0,4.0,4.0,4.0,4.0,4.0,1.0,1.0,1.0
995,24/06/2026,city scrape,Modern Elegance Retreat: Stylish 1-Bedroom Suite,Mamod,"Ottawa, Canada",f,t,Rideau-Rockcliffe,Entire guesthouse,Entire home/apt,29/06/2026,30/06/2026,t,24/06/2026,17/08/2023,23/05/2026,7.0,6.0,3.0,6.0,2.0,45.0,-75.0,2.0,1.0,2.0,1.0,103.0,1626.0,103.0,30.0,365.0,12.0,29.0,53.0,235.5,22.0,1.0,1.0,4.0,4.0,4.0,4.0,4.0,4.0,1.0,2.0,1.0
996,24/06/2026,city scrape,"Green Blossoming, Sunny, Newly Renovated, Condo",Hamdi,"Ottawa, Canada",f,t,Orleans,Entire condo,Entire home/apt,24/06/2026,24/07/2026,t,24/06/2026,01/07/2025,01/07/2025,7.0,6.0,3.0,6.0,2.0,45.0,-75.0,2.0,1.0,2.0,1.0,103.0,1626.0,103.0,30.0,365.0,12.0,29.0,53.0,235.5,22.0,1.0,1.0,4.0,4.0,4.0,4.0,4.0,4.0,1.0,2.0,1.0
997,24/06/2026,city scrape,Trailsedge Residency in modern Orleans,Elmina,"Ottawa, Canada",t,t,Innes,Entire guest suite,Entire home/apt,28/06/2026,30/06/2026,t,24/06/2026,29/12/2022,21/06/2026,7.0,6.0,3.0,6.0,2.0,45.0,-75.0,2.0,1.0,2.0,1.0,103.0,1626.0,103.0,30.0,365.0,12.0,29.0,53.0,235.5,22.0,1.0,1.0,4.0,4.0,4.0,4.0,4.0,4.0,1.0,2.0,1.0
998,24/06/2026,city scrape,Modern and spacious room full of natural light.,Muiz,"Ottawa, Canada",t,t,Barrhaven,Private room in home,Private room,01/07/2026,31/07/2026,t,24/06/2026,04/02/2023,15/12/2025,7.0,6.0,3.0,6.0,2.0,45.0,-75.0,2.0,1.0,2.0,1.0,103.0,1626.0,103.0,30.0,365.0,12.0,29.0,53.0,235.5,22.0,1.0,1.0,4.0,4.0,4.0,4.0,4.0,4.0,1.0,2.0,1.0
999,24/06/2026,city scrape,"Sunny, Modern 2 Bedroom Home. Quiet & Comfortable.",Jason,"Ottawa, Canada",f,t,Barrhaven,Entire home,Entire home/apt,01/07/2026,31/07/2026,f,24/06/2026,10,10,10.0,2.0,3.0,7.0,1.0,45.0,-75.0,4.0,1.0,2.0,2.0,173.0,2246.0,173.0,30.0,1125.0,23.0,53.0,83.0,358.0,0.0,0.0,0.0,4.0,4.0,4.0,4.0,4.0,4.0,1.0,1.0,1.0
1000,24/06/2026,city scrape,NOCleanFee!Beautiful room/King Bed/Desk inKanata#1,Gill,"Ottawa, Canada",f,t,Stittsville-Kanata West,Private room in home,Private room,26/06/2026,27/06/2026,t,24/06/2026,19/11/2022,18/05/2026,7.0,6.0,3.0,6.0,2.0,45.0,-75.0,2.0,1.0,2.0,1.0,103.0,1626.0,103.0,30.0,365.0,12.0,29.0,53.0,235.5,22.0,1.0,1.0,4.0,4.0,4.0,4.0,4.0,4.0,1.0,2.0,1.0
1001,24/06/2026,city scrape,1-bedroom place with free parking on premises,Van,"Ottawa, Canada",f,t,Somerset,Entire guest suite,Entire home/apt,25/06/2026,25/07/2026,t,24/06/2026,09/04/2023,27/12/2025,7.0,6.0,3.0,6.0,2.0,45.0,-75.0,2.0,1.0,2.0,1.0,103.0,1626.0,103.0,30.0,365.0,12.0,29.0,53.0,235.5,22.0,1.0,1.0,4.0,4.0,4.0,4.0,4.0,4.0,1.0,2.0,1.0
1002,24/06/2026,city scrape,Cheerful 2-bedroom townhouse with indoor fireplace,Ali Fernand,"Ottawa, Canada",f,t,Rideau-Goulbourn,Entire townhouse,Entire home/apt,24/06/2026,24/07/2026,t,24/06/2026,10,10,7.0,2.0,7.0,2.0,1.0,45.0,-75.0,4.0,1.0,2.0,2.0,331.0,995.0,331.0,30.0,1125.0,30.0,60.0,90.0,365.0,0.0,0.0,0.0,4.0,4.0,4.0,4.0,4.0,4.0,1.0,1.0,1.0
1003,24/06/2026,city scrape,Master bedrm near Kanata Hightech,My,"Ottawa, Canada",t,t,Kanata South,Private room in home,Private room,01/01/2027,31/01/2027,t,24/06/2026,31/05/2025,01/09/2025,7.0,6.0,3.0,6.0,2.0,45.0,-75.0,2.0,1.0,2.0,1.0,103.0,1626.0,103.0,30.0,365.0,12.0,29.0,53.0,235.5,22.0,1.0,1.0,4.0,4.0,4.0,4.0,4.0,4.0,1.0,2.0,1.0
1004,02/07/2026,previous scrape,"Entire House for Rent 5 Bed, 5 Baths Furnished",Armin & Morvarid,"Ottawa, Canada",f,t,Stittsville-Kanata West,Entire home,Entire home/apt,02/07/2026,31/08/2026,t,02/07/2026,10,10,7.0,6.0,3.0,6.0,2.0,45.0,-75.0,2.0,1.0,2.0,1.0,103.0,1626.0,103.0,30.0,365.0,12.0,29.0,53.0,235.5,22.0,1.0,1.0,4.0,4.0,4.0,4.0,4.0,4.0,1.0,2.0,1.0
1005,24/06/2026,city scrape,Downtown 5-Star 3-bdrm - BBQ - Backyard & Parking,Kal,"Ottawa, Canada",t,t,Kitchissippi,Entire home,Entire home/apt,29/06/2026,01/07/2026,t,24/06/2026,30/12/2022,22/06/2026,7.0,6.0,3.0,6.0,2.0,45.0,-75.0,2.0,1.0,2.0,1.0,103.0,1626.0,103.0,30.0,365.0,12.0,29.0,53.0,235.5,22.0,1.0,1.0,4.0,4.0,4.0,4.0,4.0,4.0,1.0,2.0,1.0
1006,24/06/2026,city scrape,Cheerful 3 bedroom home,Eskedar,"Ottawa, Canada",t,t,River,Entire home,Entire home/apt,29/06/2026,30/06/2026,t,24/06/2026,14/05/2023,12/06/2026,7.0,6.0,3.0,6.0,2.0,45.0,-75.0,2.0,1.0,2.0,1.0,103.0,1626.0,103.0,30.0,365.0,12.0,29.0,53.0,235.5,22.0,1.0,1.0,4.0,4.0,4.0,4.0,4.0,4.0,1.0,2.0,1.0
1007,24/06/2026,city scrape,"Superbe appartement à louer à Kanata, tout fourni",Christian,"Ottawa, Canada",f,t,Kanata South,Entire rental unit,Entire home/apt,28/06/2026,30/06/2026,t,24/06/2026,22/12/2022,24/05/2026,3.0,9.0,3.0,8.0,1.0,45.0,-75.0,2.0,1.0,1.0,1.0,160.0,320.0,160.0,2.0,180.0,14.0,44.0,74.0,254.0,60.0,12.0,9.0,4.0,4.0,4.0,4.0,4.0,4.0,1.0,1.0,1.0
1008,24/06/2026,city scrape,Cozy apartment for a long stay\central Ottawa,Sam,"Ottawa, Canada",f,t,Rideau-Rockcliffe,Entire condo,Entire home/apt,24/06/2026,24/07/2026,t,24/06/2026,10,10,7.0,4.0,3.0,7.0,1.0,45.0,-75.0,4.0,1.0,2.0,2.0,151.0,4542.0,151.0,30.0,1125.0,30.0,60.0,90.0,365.0,0.0,0.0,0.0,4.0,4.0,4.0,4.0,4.0,4.0,1.0,1.0,1.0
1009,02/07/2026,previous scrape,Modern cozy and private one bedroom in townhouse,Edmond,"Ottawa, Canada",f,t,Barrhaven,Private room in townhouse,Private room,0000-00-00,"""0000-00-00""",t,02/07/2026,02/12/2022,26/04/2024,8.0,10.0,3.0,7.0,3.0,45.0,-75.0,2.0,1.0,2.0,2.0,173.0,2246.0,173.0,2.0,27.0,0.0,0.0,0.0,0.0,23.0,0.0,0.0,4.0,4.0,4.0,5.0,4.0,4.0,0.0,2.0,1.0
1010,24/06/2026,city scrape,Private room in Ottawa,Olurotimi,"Ottawa, Canada",f,t,Orleans,Private room in townhouse,Private room,28/06/2026,30/06/2026,t,24/06/2026,14/12/2022,19/06/2026,8.0,1.0,3.0,6.0,1.0,45.0,-75.0,2.0,1.0,2.0,1.0,68.0,136.0,68.0,2.0,1125.0,12.0,35.0,61.0,322.0,140.0,22.0,29.0,4.0,4.0,4.0,4.0,4.0,4.0,3.0,1.0,0.0
1011,24/06/2026,city scrape,4-bedroom all-inclusive furnished apartment,Lisa,"Gatineau, Canada",f,t,Rideau-Vanier,Entire rental unit,Entire home/apt,01/09/2026,02/10/2026,t,24/06/2026,10,10,7.0,6.0,3.0,6.0,2.0,45.0,-75.0,2.0,1.0,2.0,1.0,103.0,1626.0,103.0,30.0,365.0,12.0,29.0,53.0,235.5,22.0,1.0,1.0,4.0,4.0,4.0,4.0,4.0,4.0,1.0,2.0,1.0
1012,24/06/2026,city scrape,Entire House: 5BR + Optional 2BR Basement | Kanata,Joy,"Ottawa, Canada",t,t,Kanata South,Entire home,Entire home/apt,06/07/2026,07/07/2026,t,24/06/2026,22/01/2023,22/06/2026,7.0,6.0,3.0,6.0,2.0,45.0,-75.0,2.0,1.0,2.0,1.0,103.0,1626.0,103.0,30.0,365.0,12.0,29.0,53.0,235.5,22.0,1.0,1.0,4.0,4.0,4.0,4.0,4.0,4.0,1.0,2.0,1.0
1013,02/07/2026,previous scrape,Modern Bright 2BR Apt with Fast Wi-Fi & Parking,Eldin,"Ottawa, Canada",f,t,Kitchissippi,Entire rental unit,Entire home/apt,0000-00-00,"""0000-00-00""",t,02/07/2026,05/07/2023,05/07/2023,7.0,6.0,3.0,6.0,2.0,45.0,-75.0,2.0,1.0,2.0,1.0,103.0,1626.0,103.0,30.0,365.0,12.0,29.0,53.0,235.5,22.0,1.0,1.0,4.0,4.0,4.0,4.0,4.0,4.0,1.0,2.0,1.0
1014,24/06/2026,city scrape,Lovely private room in Ottawa,Jeremiah,"Ottawa, Canada",f,t,Cumberland,Private room in home,Private room,24/06/2026,24/07/2026,t,24/06/2026,10,10,6.0,9.0,2.0,9.0,1.0,45.0,-75.0,2.0,1.0,2.0,1.0,57.0,1725.0,57.0,30.0,365.0,30.0,60.0,90.0,365.0,0.0,0.0,0.0,4.0,4.0,4.0,4.0,4.0,4.0,1.0,1.0,0.0
1015,24/06/2026,city scrape,Comfy double bed size room,Muiz,"Ottawa, Canada",t,t,Barrhaven,Private room in home,Private room,01/07/2026,31/07/2026,t,24/06/2026,26/12/2022,19/12/2025,7.0,6.0,3.0,6.0,2.0,45.0,-75.0,2.0,1.0,2.0,1.0,103.0,1626.0,103.0,30.0,365.0,12.0,29.0,53.0,235.5,22.0,1.0,1.0,4.0,4.0,4.0,4.0,4.0,4.0,1.0,2.0,1.0
1016,24/06/2026,city scrape,"Entire Beautiful house, 10 min from Ey Centre",Steve.O,"Ottawa, Canada",t,t,Gloucester-South Nepean,Entire townhouse,Entire home/apt,02/10/2026,01/11/2026,t,24/06/2026,28/07/2023,08/06/2026,7.0,6.0,3.0,6.0,2.0,45.0,-75.0,2.0,1.0,2.0,1.0,103.0,1626.0,103.0,30.0,365.0,12.0,29.0,53.0,235.5,22.0,1.0,1.0,4.0,4.0,4.0,4.0,4.0,4.0,1.0,2.0,1.0
1017,24/06/2026,city scrape,Hideaway at Margrave,Jose,"Ottawa, Canada",f,t,Gloucester-Southgate,Entire home,Entire home/apt,30/08/2026,29/09/2026,t,24/06/2026,31/05/2023,30/05/2026,7.0,6.0,3.0,6.0,2.0,45.0,-75.0,2.0,1.0,2.0,1.0,103.0,1626.0,103.0,30.0,365.0,12.0,29.0,53.0,235.5,22.0,1.0,1.0,4.0,4.0,4.0,4.0,4.0,4.0,1.0,2.0,1.0
1018,24/06/2026,city scrape,Luxury modern Home for 10+ with Hot Tub!,Lindsay,"Ottawa, Canada",t,t,Orleans,Entire home,Entire home/apt,05/07/2026,08/07/2026,t,24/06/2026,26/11/2022,08/06/2026,7.0,6.0,3.0,6.0,2.0,45.0,-75.0,2.0,1.0,2.0,1.0,103.0,1626.0,103.0,30.0,365.0,12.0,29.0,53.0,235.5,22.0,1.0,1.0,4.0,4.0,4.0,4.0,4.0,4.0,1.0,2.0,1.0
1019,24/06/2026,city scrape,Cozy and peaceful house!,Sylvestre,"Ottawa, Canada",t,t,Beacon Hill-Cyrville,Private room in home,Private room,12/08/2026,11/09/2026,t,24/06/2026,09/12/2022,11/06/2026,4.0,11.0,3.0,6.0,2.0,45.0,-75.0,4.0,1.0,2.0,2.0,132.0,3965.0,132.0,30.0,30.0,3.0,18.0,48.0,48.0,73.0,19.0,21.0,4.0,4.0,4.0,4.0,4.0,4.0,1.0,2.0,1.0
1020,24/06/2026,city scrape,Great location.,Ali,"Ottawa, Canada",f,t,Alta Vista,Private room in home,Private room,25/06/2026,25/07/2026,t,24/06/2026,10,10,7.0,6.0,3.0,6.0,2.0,45.0,-75.0,2.0,1.0,2.0,1.0,103.0,1626.0,103.0,30.0,365.0,12.0,29.0,53.0,235.5,22.0,1.0,1.0,4.0,4.0,4.0,4.0,4.0,4.0,1.0,2.0,1.0
1021,24/06/2026,city scrape,Spacious 1 Bedroom unit,Su,"Ottawa, Canada",f,t,Cumberland,Private room in rental unit,Private room,25/06/2026,26/07/2026,f,24/06/2026,10,10,3.0,6.0,3.0,6.0,1.0,45.0,-75.0,2.0,1.0,2.0,1.0,173.0,2246.0,173.0,31.0,365.0,29.0,59.0,89.0,364.0,0.0,0.0,0.0,4.0,4.0,4.0,4.0,4.0,4.0,1.0,1.0,0.0
1022,24/06/2026,city scrape,Spacious room in downtown Ottawa. Room #1,John,"Ottawa, Canada",t,t,Somerset,Private room in home,Private room,28/02/2027,30/03/2027,t,24/06/2026,13/04/2023,17/11/2024,8.0,11.0,3.0,2.0,6.0,45.0,-75.0,2.0,1.0,2.0,1.0,71.0,2136.0,71.0,30.0,1125.0,0.0,0.0,0.0,116.0,64.0,0.0,0.0,4.0,4.0,4.0,4.0,4.0,4.0,1.0,5.0,0.0
1023,24/06/2026,city scrape,Bright Room -Private Bath -Single Home-Barrhaven,Mary,Canada,f,t,Barrhaven,Private room in home,Private room,27/06/2026,29/06/2026,t,24/06/2026,17/02/2023,27/08/2023,7.0,6.0,3.0,6.0,2.0,45.0,-75.0,2.0,1.0,2.0,1.0,103.0,1626.0,103.0,30.0,365.0,12.0,29.0,53.0,235.5,22.0,1.0,1.0,4.0,4.0,4.0,4.0,4.0,4.0,1.0,2.0,1.0
1024,02/07/2026,previous scrape,"Beautifully Renovated Home, 5bed",Danusia,"Ottawa, Canada",t,t,Beacon Hill-Cyrville,Entire home,Entire home/apt,0000-00-00,"""0000-00-00""",t,02/07/2026,01/01/2023,23/03/2026,7.0,6.0,3.0,6.0,2.0,45.0,-75.0,2.0,1.0,2.0,1.0,103.0,1626.0,103.0,30.0,365.0,12.0,29.0,53.0,235.5,22.0,1.0,1.0,4.0,4.0,4.0,4.0,4.0,4.0,1.0,2.0,1.0
1025,24/06/2026,city scrape,Charming Westboro Suite,Emily,"Ottawa, Canada",t,t,Kitchissippi,Entire rental unit,Entire home/apt,05/07/2026,07/07/2026,t,24/06/2026,31/03/2023,14/06/2026,12.0,2.0,3.0,6.0,1.0,45.0,-75.0,2.0,1.0,1.0,1.0,200.0,400.0,200.0,2.0,365.0,5.0,6.0,21.0,103.0,108.0,34.0,31.0,4.0,4.0,4.0,4.0,4.0,4.0,2.0,1.0,1.0
1026,24/06/2026,city scrape,"Room in, Orleans",Shane,"Ottawa, Canada",f,t,Orleans,Private room in home,Private room,31/07/2026,30/08/2026,t,24/06/2026,10,10,7.0,6.0,3.0,6.0,2.0,45.0,-75.0,2.0,1.0,2.0,1.0,103.0,1626.0,103.0,30.0,365.0,12.0,29.0,53.0,235.5,22.0,1.0,1.0,4.0,4.0,4.0,4.0,4.0,4.0,1.0,2.0,1.0
1027,24/06/2026,city scrape,Cozy 2 bedroom unit,Jason,"Ottawa, Canada",f,t,Alta Vista,Entire home,Entire home/apt,02/08/2026,01/09/2026,t,24/06/2026,08/02/2023,31/07/2025,7.0,6.0,3.0,6.0,2.0,45.0,-75.0,2.0,1.0,2.0,1.0,103.0,1626.0,103.0,30.0,365.0,12.0,29.0,53.0,235.5,22.0,1.0,1.0,4.0,4.0,4.0,4.0,4.0,4.0,1.0,2.0,1.0
1028,24/06/2026,city scrape,Private room in single home,Feng,"Ottawa, Canada",t,t,Kanata South,Private room in home,Private room,25/05/2027,04/06/2027,t,24/06/2026,11/01/2023,12/12/2025,7.0,6.0,3.0,6.0,2.0,45.0,-75.0,2.0,1.0,2.0,1.0,103.0,1626.0,103.0,30.0,365.0,12.0,29.0,53.0,235.5,22.0,1.0,1.0,4.0,4.0,4.0,4.0,4.0,4.0,1.0,2.0,1.0
1029,24/06/2026,city scrape,"Cozy Kanata Home. Near CND Tire Ctr, 4 parkings.",Harry,"Ottawa, Canada",t,t,Kanata South,Entire home,Entire home/apt,29/06/2026,01/07/2026,t,24/06/2026,31/12/2022,20/06/2026,7.0,6.0,3.0,6.0,2.0,45.0,-75.0,2.0,1.0,2.0,1.0,103.0,1626.0,103.0,30.0,365.0,12.0,29.0,53.0,235.5,22.0,1.0,1.0,4.0,4.0,4.0,4.0,4.0,4.0,1.0,2.0,1.0
1030,24/06/2026,city scrape,Quiet & Sunlit Basement Suite,Ben,"Ottawa, Canada",t,t,Kanata North,Entire home,Entire home/apt,13/07/2026,15/07/2026,t,24/06/2026,28/12/2022,12/06/2026,3.0,6.0,3.0,6.0,1.0,45.0,-75.0,4.0,1.0,2.0,3.0,292.0,585.0,292.0,2.0,14.0,6.0,28.0,58.0,58.0,115.0,35.0,35.0,4.0,4.0,4.0,4.0,4.0,4.0,2.0,1.0,1.0
1031,24/06/2026,city scrape,Elegant Home in a Charming Neighbourhood,Elizabeth,"Ottawa, Canada",t,t,Rideau-Goulbourn,Entire bungalow,Entire home/apt,17/10/2026,16/11/2026,t,24/06/2026,08/05/2023,13/04/2026,7.0,6.0,3.0,6.0,2.0,45.0,-75.0,2.0,1.0,2.0,1.0,103.0,1626.0,103.0,30.0,365.0,12.0,29.0,53.0,235.5,22.0,1.0,1.0,4.0,4.0,4.0,4.0,4.0,4.0,1.0,2.0,1.0
1032,02/07/2026,previous scrape,Place to call home,Wanjiku Kungu,"Ottawa, Canada",f,t,Cumberland,Private room in home,Private room,0000-00-00,"""0000-00-00""",t,02/07/2026,10,10,3.0,6.0,2.0,11.0,2.0,45.0,-75.0,2.0,1.0,2.0,2.0,173.0,2246.0,173.0,30.0,365.0,0.0,0.0,0.0,0.0,0.0,0.0,0.0,4.0,4.0,4.0,4.0,4.0,4.0,1.0,2.0,0.0
1033,24/06/2026,city scrape,Comfort,Wanjiku Kungu,"Ottawa, Canada",f,t,Cumberland,Private room in home,Private room,24/06/2026,24/07/2026,t,24/06/2026,06/09/2023,10/09/2023,7.0,6.0,3.0,6.0,2.0,45.0,-75.0,2.0,1.0,2.0,1.0,103.0,1626.0,103.0,30.0,365.0,12.0,29.0,53.0,235.5,22.0,1.0,1.0,4.0,4.0,4.0,4.0,4.0,4.0,1.0,2.0,1.0
1034,24/06/2026,city scrape,Ottawa Home Near Downtown with Pool,Omar,"Ottawa, Canada",f,t,College,Entire home,Entire home/apt,29/06/2026,30/06/2026,t,24/06/2026,25/12/2022,18/05/2026,7.0,6.0,3.0,6.0,2.0,45.0,-75.0,2.0,1.0,2.0,1.0,103.0,1626.0,103.0,30.0,365.0,12.0,29.0,53.0,235.5,22.0,1.0,1.0,4.0,4.0,4.0,4.0,4.0,4.0,1.0,2.0,1.0
1035,24/06/2026,city scrape,Kanata Comfort:Private Roomw/Queen Bed+Desk&Parkng,Gill,"Ottawa, Canada",f,t,Stittsville-Kanata West,Private room in home,Private room,25/06/2026,26/06/2026,t,24/06/2026,02/01/2023,19/06/2026,7.0,6.0,3.0,6.0,2.0,45.0,-75.0,2.0,1.0,2.0,1.0,103.0,1626.0,103.0,30.0,365.0,12.0,29.0,53.0,235.5,22.0,1.0,1.0,4.0,4.0,4.0,4.0,4.0,4.0,1.0,2.0,1.0
1036,24/06/2026,city scrape,4 bed house with chefs kitchen,Jonathan,"Ottawa, Canada",f,t,Bay,Entire home,Entire home/apt,07/07/2026,09/07/2026,t,24/06/2026,08/01/2023,11/06/2026,7.0,6.0,3.0,6.0,2.0,45.0,-75.0,2.0,1.0,2.0,1.0,103.0,1626.0,103.0,30.0,365.0,12.0,29.0,53.0,235.5,22.0,1.0,1.0,4.0,4.0,4.0,4.0,4.0,4.0,1.0,2.0,1.0
1037,24/06/2026,city scrape,The Park Avenue,Steve,"Ottawa, Canada",f,t,Somerset,Entire rental unit,Entire home/apt,24/06/2026,24/07/2026,t,24/06/2026,07/04/2023,04/07/2023,7.0,6.0,3.0,6.0,2.0,45.0,-75.0,2.0,1.0,2.0,1.0,103.0,1626.0,103.0,30.0,365.0,12.0,29.0,53.0,235.5,22.0,1.0,1.0,4.0,4.0,4.0,4.0,4.0,4.0,1.0,2.0,1.0
1038,24/06/2026,city scrape,Newly Renovated 2 Bedroom Basement Retreat,Daniel,"Ottawa, Canada",t,t,Kitchissippi,Entire rental unit,Entire home/apt,29/06/2026,30/06/2026,t,24/06/2026,29/09/2024,31/05/2026,7.0,6.0,3.0,6.0,2.0,45.0,-75.0,2.0,1.0,2.0,1.0,103.0,1626.0,103.0,30.0,365.0,12.0,29.0,53.0,235.5,22.0,1.0,1.0,4.0,4.0,4.0,4.0,4.0,4.0,1.0,2.0,1.0
1039,02/07/2026,previous scrape,Cozy Central 2 bedroom Flat with free parking,Korosh,"Ottawa, Canada",f,t,Rideau-Vanier,Entire condo,Entire home/apt,0000-00-00,"""0000-00-00""",t,02/07/2026,29/03/2023,04/06/2026,7.0,6.0,3.0,6.0,2.0,45.0,-75.0,2.0,1.0,2.0,1.0,103.0,1626.0,103.0,30.0,365.0,12.0,29.0,53.0,235.5,22.0,1.0,1.0,4.0,4.0,4.0,4.0,4.0,4.0,1.0,2.0,1.0
1040,24/06/2026,city scrape,Villa mon rêve,Marie-Hélène,"Ottawa, Canada",f,t,Rideau-Vanier,Entire rental unit,Entire home/apt,01/12/2026,31/12/2026,t,24/06/2026,01/01/2023,01/04/2026,10.0,0.0,3.0,6.0,1.0,45.0,-75.0,4.0,1.0,1.0,3.0,76.0,2288.0,76.0,30.0,1125.0,26.0,55.0,82.0,295.0,11.0,1.0,2.0,4.0,4.0,4.0,5.0,4.0,4.0,0.0,1.0,1.0
1041,24/06/2026,city scrape,Modern large 2brm 10min from downtown w/parking,Roxanne,"Ottawa, Canada",t,t,Rideau-Vanier,Entire rental unit,Entire home/apt,0000-00-00,"""0000-00-00""",t,24/06/2026,17/06/2023,22/05/2026,7.0,6.0,3.0,6.0,2.0,45.0,-75.0,2.0,1.0,2.0,1.0,103.0,1626.0,103.0,30.0,365.0,12.0,29.0,53.0,235.5,22.0,1.0,1.0,4.0,4.0,4.0,4.0,4.0,4.0,1.0,2.0,1.0
1042,24/06/2026,city scrape,Charming 1 Bedroom Apartment near Downtown Ottawa,Amira,"Ottawa, Canada",f,t,Rideau-Vanier,Entire rental unit,Entire home/apt,02/07/2026,01/08/2026,t,24/06/2026,10,10,12.0,0.0,4.0,8.0,1.0,45.0,-75.0,2.0,1.0,1.0,1.0,75.0,2274.0,75.0,30.0,60.0,22.0,52.0,82.0,172.0,0.0,0.0,0.0,4.0,4.0,4.0,4.0,4.0,4.0,1.0,1.0,1.0
1043,02/07/2026,previous scrape,Beautiful Views in the sky,Vivianne,"Ottawa, Canada",f,t,Bay,Private room in rental unit,Private room,05/07/2026,01/01/2027,t,02/07/2026,10,10,7.0,6.0,3.0,6.0,2.0,45.0,-75.0,2.0,1.0,2.0,1.0,103.0,1626.0,103.0,30.0,365.0,12.0,29.0,53.0,235.5,22.0,1.0,1.0,4.0,4.0,4.0,4.0,4.0,4.0,1.0,2.0,1.0
1044,02/07/2026,previous scrape,City Cottage,Julia,"Ottawa, Canada",f,t,Alta Vista,Entire home,Entire home/apt,27/08/2026,26/09/2026,t,02/07/2026,10,10,7.0,6.0,3.0,6.0,2.0,45.0,-75.0,2.0,1.0,2.0,1.0,103.0,1626.0,103.0,30.0,365.0,12.0,29.0,53.0,235.5,22.0,1.0,1.0,4.0,4.0,4.0,4.0,4.0,4.0,1.0,2.0,1.0
1045,24/06/2026,city scrape,Global-Themed Comfort at Ottawa Travel Stay,Maria Kristina,"Ottawa, Canada",t,t,Rideau-Rockcliffe,Entire rental unit,Entire home/apt,29/08/2026,31/08/2026,t,24/06/2026,09/01/2023,02/06/2026,7.0,6.0,3.0,6.0,2.0,45.0,-75.0,2.0,1.0,2.0,1.0,103.0,1626.0,103.0,30.0,365.0,12.0,29.0,53.0,235.5,22.0,1.0,1.0,4.0,4.0,4.0,4.0,4.0,4.0,1.0,2.0,1.0
1046,24/06/2026,city scrape,Park Avenue Pied a Terre,Steve,"Ottawa, Canada",f,t,Somerset,Entire rental unit,Entire home/apt,24/06/2026,24/07/2026,t,24/06/2026,31/08/2023,01/05/2026,8.0,4.0,8.0,4.0,2.0,45.0,-75.0,4.0,1.0,1.0,1.0,91.0,2737.0,91.0,30.0,365.0,30.0,60.0,90.0,365.0,10.0,2.0,2.0,4.0,4.0,5.0,5.0,4.0,4.0,0.0,2.0,2.0
1047,24/06/2026,city scrape,Simple private room in Little Italy,Anas,"Ottawa, Canada",f,t,Somerset,Private room in home,Private room,19/07/2026,22/07/2026,t,24/06/2026,09/12/2023,13/06/2026,9.0,2.0,4.0,5.0,3.0,45.0,-75.0,1.0,1.0,2.0,1.0,70.0,211.0,70.0,3.0,1125.0,6.0,30.0,38.0,74.0,77.0,29.0,32.0,4.0,4.0,4.0,4.0,4.0,4.0,2.0,3.0,0.0
1048,24/06/2026,city scrape,Little Italy: private room in a shared house,Anas,"Ottawa, Canada",f,t,Somerset,Private room in home,Private room,18/07/2026,21/07/2026,t,24/06/2026,03/05/2023,18/05/2026,9.0,2.0,4.0,5.0,3.0,45.0,-75.0,2.0,1.0,2.0,1.0,74.0,223.0,74.0,2.0,14.0,8.0,16.0,17.0,53.0,87.0,26.0,28.0,4.0,4.0,4.0,4.0,4.0,4.0,2.0,3.0,0.0
1049,24/06/2026,city scrape,Casa Del Chill,Jake,"Ottawa, Canada",f,t,Bay,Entire home,Entire home/apt,25/06/2026,25/07/2026,t,24/06/2026,10/03/2023,10/03/2023,7.0,6.0,3.0,6.0,2.0,45.0,-75.0,2.0,1.0,2.0,1.0,103.0,1626.0,103.0,30.0,365.0,12.0,29.0,53.0,235.5,22.0,1.0,1.0,4.0,4.0,4.0,4.0,4.0,4.0,1.0,2.0,1.0
1050,24/06/2026,city scrape,Charming 3BDM Single Family Home with Parking,Sophie Nadine,"Ottawa, Canada",t,t,Rideau-Vanier,Entire home,Entire home/apt,06/08/2026,12/08/2026,t,24/06/2026,05/02/2023,04/06/2026,7.0,6.0,3.0,6.0,2.0,45.0,-75.0,2.0,1.0,2.0,1.0,103.0,1626.0,103.0,30.0,365.0,12.0,29.0,53.0,235.5,22.0,1.0,1.0,4.0,4.0,4.0,4.0,4.0,4.0,1.0,2.0,1.0
1051,24/06/2026,city scrape,A beautiful place 1,Mujib,"Ottawa, Canada",f,t,Kanata South,Private room in home,Private room,12/09/2026,12/10/2026,t,24/06/2026,31/01/2023,17/04/2026,7.0,6.0,3.0,6.0,2.0,45.0,-75.0,2.0,1.0,2.0,1.0,103.0,1626.0,103.0,30.0,365.0,12.0,29.0,53.0,235.5,22.0,1.0,1.0,4.0,4.0,4.0,4.0,4.0,4.0,1.0,2.0,1.0
1052,02/07/2026,previous scrape,A beautiful place 2,Mujib,"Ottawa, Canada",f,t,Kanata South,Private room in home,Private room,0000-00-00,"""0000-00-00""",t,02/07/2026,05/02/2023,09/08/2023,7.0,6.0,3.0,6.0,2.0,45.0,-75.0,2.0,1.0,2.0,1.0,103.0,1626.0,103.0,30.0,365.0,12.0,29.0,53.0,235.5,22.0,1.0,1.0,4.0,4.0,4.0,4.0,4.0,4.0,1.0,2.0,1.0
1053,24/06/2026,city scrape,A beautiful place 3,Mujib,"Ottawa, Canada",f,t,Kanata South,Private room in home,Private room,01/12/2026,31/12/2026,t,24/06/2026,10,10,8.0,10.0,4.0,0.0,3.0,45.0,-75.0,1.0,1.0,2.0,1.0,39.0,1180.0,39.0,30.0,1125.0,0.0,0.0,0.0,205.0,0.0,0.0,0.0,4.0,4.0,4.0,4.0,4.0,4.0,1.0,3.0,0.0
1054,02/07/2026,previous scrape,"4 bed, 4 bath w/ Gym & Office in Westboro",Lisa,"Ontario, Canada",t,t,Kitchissippi,Entire home,Entire home/apt,0000-00-00,"""0000-00-00""",t,02/07/2026,28/02/2023,15/07/2025,7.0,6.0,3.0,6.0,2.0,45.0,-75.0,2.0,1.0,2.0,1.0,103.0,1626.0,103.0,30.0,365.0,12.0,29.0,53.0,235.5,22.0,1.0,1.0,4.0,4.0,4.0,4.0,4.0,4.0,1.0,2.0,1.0
1055,02/07/2026,previous scrape,Customize build in Westboro,Happy Stay Property Management,"Ottawa, Canada",f,t,Kitchissippi,Entire home,Entire home/apt,0000-00-00,"""0000-00-00""",t,02/07/2026,09/03/2023,24/02/2024,7.0,6.0,3.0,6.0,2.0,45.0,-75.0,2.0,1.0,2.0,1.0,103.0,1626.0,103.0,30.0,365.0,12.0,29.0,53.0,235.5,22.0,1.0,1.0,4.0,4.0,4.0,4.0,4.0,4.0,1.0,2.0,1.0
1056,02/07/2026,previous scrape,Rideau Canal Suite - Downtown Ottawa,Oksana & Alex,"Ottawa, Canada",f,t,Capital,Entire rental unit,Entire home/apt,0000-00-00,"""0000-00-00""",t,02/07/2026,23/01/2023,01/01/2026,10.0,9.0,10.0,8.0,1.0,45.0,-75.0,2.0,1.0,1.0,2.0,173.0,2246.0,173.0,3.0,1125.0,0.0,0.0,0.0,0.0,86.0,19.0,25.0,4.0,4.0,4.0,4.0,4.0,4.0,2.0,1.0,1.0
1057,24/06/2026,city scrape,Raj Niwas  Private-Entry Suite Near Ottawa Airport,Shukra,"Ottawa, Canada",t,t,Gloucester-South Nepean,Private room in home,Private room,24/06/2026,25/06/2026,t,24/06/2026,09/07/2023,08/06/2026,7.0,6.0,3.0,6.0,2.0,45.0,-75.0,2.0,1.0,2.0,1.0,103.0,1626.0,103.0,30.0,365.0,12.0,29.0,53.0,235.5,22.0,1.0,1.0,4.0,4.0,4.0,4.0,4.0,4.0,1.0,2.0,1.0
1058,24/06/2026,city scrape,Entire fully renovated/ private entrance apartment,Jose,"Ottawa, Canada",f,t,Kanata South,Entire rental unit,Entire home/apt,14/08/2026,13/09/2026,t,24/06/2026,31/03/2023,31/01/2026,7.0,6.0,3.0,6.0,2.0,45.0,-75.0,2.0,1.0,2.0,1.0,103.0,1626.0,103.0,30.0,365.0,12.0,29.0,53.0,235.5,22.0,1.0,1.0,4.0,4.0,4.0,4.0,4.0,4.0,1.0,2.0,1.0
1059,24/06/2026,city scrape,Luxury Ensuite room in Ottawa,Preet,"Ottawa, Canada",f,t,Osgoode,Private room in home,Private room,24/06/2026,25/06/2026,t,24/06/2026,19/02/2023,19/06/2026,3.0,5.0,3.0,5.0,4.0,45.0,-75.0,2.0,1.0,2.0,1.0,101.0,101.0,101.0,1.0,1125.0,27.0,57.0,87.0,362.0,42.0,21.0,17.0,4.0,4.0,4.0,4.0,4.0,4.0,1.0,4.0,0.0
1060,24/06/2026,city scrape,"1-Bedroom + Den, Sleeps 4",Lisa,"Gatineau, Canada",f,t,Rideau-Vanier,Entire rental unit,Entire home/apt,01/09/2026,02/10/2026,t,24/06/2026,29/04/2023,31/05/2026,7.0,6.0,3.0,6.0,2.0,45.0,-75.0,2.0,1.0,2.0,1.0,103.0,1626.0,103.0,30.0,365.0,12.0,29.0,53.0,235.5,22.0,1.0,1.0,4.0,4.0,4.0,4.0,4.0,4.0,1.0,2.0,1.0
1061,24/06/2026,city scrape,Private Bedroom #3 in a Brand New Home,Bader,"Ottawa, Canada",t,t,Gloucester-South Nepean,Private room in townhouse,Private room,09/07/2026,08/08/2026,t,24/06/2026,31/03/2023,15/11/2025,6.0,5.0,3.0,5.0,8.0,45.0,-75.0,2.0,1.0,2.0,2.0,55.0,1650.0,55.0,30.0,365.0,15.0,45.0,75.0,255.0,78.0,17.0,32.0,4.0,4.0,4.0,4.0,4.0,4.0,1.0,8.0,1.0
1062,24/06/2026,city scrape,Private Bedroom #2 in a Brand New Home,Bader,"Ottawa, Canada",t,t,Gloucester-South Nepean,Private room in home,Private room,29/06/2026,29/07/2026,t,24/06/2026,01/05/2023,08/12/2025,6.0,5.0,3.0,5.0,8.0,45.0,-75.0,2.0,1.0,2.0,1.0,61.0,1833.0,61.0,30.0,1125.0,25.0,55.0,85.0,265.0,97.0,13.0,30.0,4.0,4.0,4.0,4.0,4.0,4.0,2.0,8.0,1.0
1063,24/06/2026,city scrape,The Design Gallery,Linda,"Ottawa, Canada",t,t,Somerset,Private room,Private room,01/07/2026,31/07/2026,t,24/06/2026,14/06/2023,14/11/2025,7.0,6.0,3.0,6.0,2.0,45.0,-75.0,2.0,1.0,2.0,1.0,103.0,1626.0,103.0,30.0,365.0,12.0,29.0,53.0,235.5,22.0,1.0,1.0,4.0,4.0,4.0,4.0,4.0,4.0,1.0,2.0,1.0
1064,02/07/2026,previous scrape,Amazing pond view in Kanata,Happy Stay Property Management,"Ottawa, Canada",f,t,Kanata North,Entire home,Entire home/apt,0000-00-00,"""0000-00-00""",t,02/07/2026,01/03/2023,01/10/2023,7.0,6.0,3.0,6.0,2.0,45.0,-75.0,2.0,1.0,2.0,1.0,103.0,1626.0,103.0,30.0,365.0,12.0,29.0,53.0,235.5,22.0,1.0,1.0,4.0,4.0,4.0,4.0,4.0,4.0,1.0,2.0,1.0
1065,24/06/2026,city scrape,Chic 3BR Unit in DT Ottawa (Sandyhill) w/Parking*,Jaybird,"Ottawa, Canada",t,t,Rideau-Vanier,Entire rental unit,Entire home/apt,24/06/2026,26/06/2026,t,24/06/2026,26/01/2023,05/06/2026,5.0,7.0,5.0,7.0,6.0,45.0,-75.0,6.0,1.0,3.0,3.0,280.0,560.0,280.0,1.0,365.0,17.0,35.0,39.0,39.0,85.0,2.0,0.0,4.0,4.0,4.0,4.0,4.0,4.0,2.0,4.0,4.0
1066,24/06/2026,city scrape,Modern Hintonburg APT w/parking,Timothy,"Ottawa, Canada",f,t,Kitchissippi,Entire rental unit,Entire home/apt,01/08/2026,31/08/2026,t,24/06/2026,26/06/2023,12/05/2026,11.0,10.0,3.0,0.0,1.0,45.0,-75.0,2.0,1.0,1.0,2.0,128.0,3862.0,128.0,30.0,365.0,0.0,22.0,33.0,135.0,89.0,19.0,34.0,4.0,4.0,4.0,4.0,4.0,4.0,2.0,1.0,1.0
1067,02/07/2026,previous scrape,Modern 2BD w Hot Tub near Nepean Sail Club and DND,Kevin,"Ottawa, Canada",f,t,Bay,Entire townhouse,Entire home/apt,0000-00-00,"""0000-00-00""",t,02/07/2026,31/03/2023,22/04/2024,7.0,6.0,3.0,6.0,2.0,45.0,-75.0,2.0,1.0,2.0,1.0,103.0,1626.0,103.0,30.0,365.0,12.0,29.0,53.0,235.5,22.0,1.0,1.0,4.0,4.0,4.0,4.0,4.0,4.0,1.0,2.0,1.0
1068,24/06/2026,city scrape,Private bedroom in Quiet house,Preet,"Ottawa, Canada",f,t,Osgoode,Private room in home,Private room,24/06/2026,25/06/2026,t,24/06/2026,30/04/2023,15/06/2026,3.0,5.0,3.0,5.0,4.0,45.0,-75.0,2.0,1.0,2.0,1.0,85.0,85.0,85.0,1.0,1125.0,27.0,57.0,87.0,362.0,45.0,21.0,21.0,4.0,4.0,4.0,4.0,4.0,4.0,1.0,4.0,0.0
1069,24/06/2026,city scrape,Authentic Glebe Annex Home Parking/Patio/BBQ,Aurangzeb,"Ottawa, Canada",t,t,Capital,Entire home,Entire home/apt,25/06/2026,27/06/2026,t,24/06/2026,12/02/2023,14/06/2026,7.0,6.0,3.0,6.0,2.0,45.0,-75.0,2.0,1.0,2.0,1.0,103.0,1626.0,103.0,30.0,365.0,12.0,29.0,53.0,235.5,22.0,1.0,1.0,4.0,4.0,4.0,4.0,4.0,4.0,1.0,2.0,1.0
1070,24/06/2026,city scrape,Specious New Townhouse 20 min from downtown,Kian,"Ottawa, Canada",t,t,Innes,Entire townhouse,Entire home/apt,20/09/2026,20/10/2026,t,24/06/2026,18/06/2023,19/02/2026,7.0,6.0,3.0,6.0,2.0,45.0,-75.0,2.0,1.0,2.0,1.0,103.0,1626.0,103.0,30.0,365.0,12.0,29.0,53.0,235.5,22.0,1.0,1.0,4.0,4.0,4.0,4.0,4.0,4.0,1.0,2.0,1.0
1071,24/06/2026,city scrape,*Welcome to your stress-free zone - Ottawa*,Bara,"Ottawa, Canada",t,t,Rideau-Rockcliffe,Entire home,Entire home/apt,09/09/2026,09/10/2026,t,24/06/2026,13/04/2023,27/04/2026,7.0,1.0,4.0,2.0,2.0,45.0,-75.0,5.0,1.0,2.0,2.0,177.0,5331.0,177.0,30.0,730.0,2.0,11.0,24.0,204.0,97.0,2.0,24.0,4.0,4.0,4.0,4.0,4.0,4.0,2.0,2.0,2.0
1072,02/07/2026,previous scrape,KASHY HOMES-Alluring large single family home,Kashy,"Ottawa, Canada",t,t,Gloucester-South Nepean,Entire home,Entire home/apt,12/07/2026,11/08/2026,t,02/07/2026,04/08/2025,30/12/2025,7.0,6.0,3.0,6.0,2.0,45.0,-75.0,2.0,1.0,2.0,1.0,103.0,1626.0,103.0,30.0,365.0,12.0,29.0,53.0,235.5,22.0,1.0,1.0,4.0,4.0,4.0,4.0,4.0,4.0,1.0,2.0,1.0
1073,24/06/2026,city scrape,Quiet Bedroom In A House,⁨David (Qu)⁩,"Ottawa, Canada",f,t,Gloucester-Southgate,Private room in home,Private room,01/10/2026,02/10/2026,t,24/06/2026,19/05/2024,17/04/2026,6.0,10.0,4.0,10.0,2.0,45.0,-75.0,2.0,1.0,2.0,1.0,99.0,99.0,99.0,1.0,1125.0,0.0,0.0,0.0,31.0,14.0,6.0,3.0,4.0,4.0,4.0,4.0,4.0,4.0,0.0,1.0,0.0
1074,24/06/2026,city scrape,Spacious Master Bedroom en-suite bathroom #1,Bader,"Ottawa, Canada",t,t,Gloucester-South Nepean,Private room in townhouse,Private room,05/08/2026,04/09/2026,t,24/06/2026,08/03/2023,01/06/2026,6.0,5.0,3.0,5.0,8.0,45.0,-75.0,2.0,1.0,2.0,1.0,60.0,1819.0,60.0,30.0,1125.0,1.0,19.0,49.0,269.0,133.0,23.0,37.0,4.0,4.0,4.0,4.0,4.0,4.0,3.0,8.0,1.0
1075,24/06/2026,city scrape,Cozy Townhouse in Barrhaven near Metro Plaza,Emmanuel,"Ottawa, Canada",t,t,Gloucester-South Nepean,Entire home,Entire home/apt,06/09/2026,06/10/2026,t,24/06/2026,07/04/2023,17/01/2026,7.0,6.0,3.0,6.0,2.0,45.0,-75.0,2.0,1.0,2.0,1.0,103.0,1626.0,103.0,30.0,365.0,12.0,29.0,53.0,235.5,22.0,1.0,1.0,4.0,4.0,4.0,4.0,4.0,4.0,1.0,2.0,1.0
1076,24/06/2026,city scrape,Blissful Cove,Gloria,"Ottawa, Canada",f,t,Stittsville-Kanata West,Private room in home,Private room,24/06/2026,24/07/2026,t,24/06/2026,10,10,9.0,3.0,2.0,10.0,1.0,45.0,-75.0,1.0,1.0,2.0,1.0,72.0,2181.0,72.0,30.0,1125.0,30.0,60.0,90.0,270.0,0.0,0.0,0.0,4.0,4.0,4.0,4.0,4.0,4.0,1.0,1.0,0.0
1077,24/06/2026,city scrape,Private Studio in Kanata South.,Graziela,"Ottawa, Canada",t,t,Kanata South,Private room in home,Private room,06/07/2026,07/07/2026,t,24/06/2026,20/04/2023,21/06/2026,6.0,3.0,3.0,2.0,1.0,45.0,-75.0,2.0,1.0,1.0,2.0,109.0,109.0,109.0,1.0,5.0,7.0,25.0,45.0,54.0,150.0,30.0,30.0,4.0,4.0,4.0,4.0,4.0,4.0,3.0,1.0,0.0
1078,24/06/2026,city scrape,"Private, clean and spacious 2BR luxury unit.",Christo,"Ottawa, Canada",t,t,College,Entire rental unit,Entire home/apt,26/07/2026,28/07/2026,t,24/06/2026,10/03/2023,19/06/2026,7.0,6.0,3.0,6.0,2.0,45.0,-75.0,2.0,1.0,2.0,1.0,103.0,1626.0,103.0,30.0,365.0,12.0,29.0,53.0,235.5,22.0,1.0,1.0,4.0,4.0,4.0,4.0,4.0,4.0,1.0,2.0,1.0
1079,24/06/2026,city scrape,Welcome to B&W hotel!,Will,"Ottawa, Canada",f,t,Gloucester-South Nepean,Private room in home,Private room,01/01/2027,31/01/2027,t,24/06/2026,10,10,10.0,6.0,7.0,11.0,2.0,45.0,-75.0,1.0,1.0,2.0,1.0,77.0,2336.0,77.0,30.0,60.0,0.0,0.0,0.0,174.0,0.0,0.0,0.0,4.0,4.0,4.0,4.0,4.0,4.0,1.0,2.0,0.0
1080,24/06/2026,city scrape,Luxury Home 15minDT PremiumBedsLinens Parking Yard,Randy,"Ottawa, Canada",t,t,Knoxdale-Merivale,Entire home,Entire home/apt,06/07/2026,10/07/2026,t,24/06/2026,10/04/2023,27/05/2026,7.0,6.0,3.0,6.0,2.0,45.0,-75.0,2.0,1.0,2.0,1.0,103.0,1626.0,103.0,30.0,365.0,12.0,29.0,53.0,235.5,22.0,1.0,1.0,4.0,4.0,4.0,4.0,4.0,4.0,1.0,2.0,1.0
1081,24/06/2026,city scrape,The Pink Hideout (private room),Cjay,"Ottawa, Canada",f,t,College,Private room in home,Private room,24/06/2026,24/07/2026,t,24/06/2026,20/02/2023,30/04/2023,8.0,8.0,8.0,2.0,3.0,45.0,-75.0,2.0,1.0,2.0,1.0,63.0,1914.0,63.0,30.0,365.0,30.0,60.0,90.0,365.0,8.0,0.0,0.0,4.0,4.0,4.0,4.0,4.0,4.0,0.0,3.0,1.0
1082,24/06/2026,city scrape,Very Spacious Basement Bedroom #4 in New Home,Bader,"Ottawa, Canada",t,t,Gloucester-South Nepean,Private room in townhouse,Private room,24/02/2027,26/03/2027,t,24/06/2026,26/04/2023,19/11/2025,6.0,5.0,3.0,5.0,8.0,45.0,-75.0,3.0,1.0,1.0,1.0,57.0,1726.0,57.0,30.0,365.0,0.0,0.0,0.0,120.0,90.0,3.0,18.0,4.0,4.0,4.0,4.0,4.0,4.0,2.0,8.0,1.0
1083,24/06/2026,city scrape,Bright & Modern. Great Location!,Tracy,"Ottawa, Canada",t,t,Capital,Entire rental unit,Entire home/apt,13/10/2026,16/10/2026,t,24/06/2026,19/03/2023,15/06/2026,7.0,6.0,3.0,6.0,2.0,45.0,-75.0,2.0,1.0,2.0,1.0,103.0,1626.0,103.0,30.0,365.0,12.0,29.0,53.0,235.5,22.0,1.0,1.0,4.0,4.0,4.0,4.0,4.0,4.0,1.0,2.0,1.0
1084,24/06/2026,city scrape,Spacious dwelling overlooking the Ottawa River!,Idris,"Ottawa, Canada",f,t,Cumberland,Entire home,Entire home/apt,25/06/2026,25/07/2026,t,24/06/2026,30/06/2024,14/02/2026,7.0,6.0,3.0,6.0,2.0,45.0,-75.0,2.0,1.0,2.0,1.0,103.0,1626.0,103.0,30.0,365.0,12.0,29.0,53.0,235.5,22.0,1.0,1.0,4.0,4.0,4.0,4.0,4.0,4.0,1.0,2.0,1.0
1085,24/06/2026,city scrape,Modern getaway 1 Bedroom,Jean-Yves,"Ottawa, Canada",t,t,Rideau-Vanier,Entire rental unit,Entire home/apt,01/10/2026,31/10/2026,t,24/06/2026,18/02/2023,30/07/2025,8.0,7.0,3.0,4.0,1.0,45.0,-75.0,2.0,1.0,1.0,1.0,74.0,2246.0,74.0,30.0,1125.0,0.0,0.0,0.0,59.0,31.0,2.0,8.0,4.0,4.0,4.0,4.0,4.0,4.0,0.0,1.0,1.0
1086,24/06/2026,city scrape,"NEW Bright & Cozy, 2 Bedroom, 2 Balcony!",Jesse,"Ottawa, Canada",t,t,Somerset,Entire rental unit,Entire home/apt,08/10/2026,07/11/2026,t,24/06/2026,12/04/2023,13/08/2025,7.0,6.0,3.0,6.0,2.0,45.0,-75.0,2.0,1.0,2.0,1.0,103.0,1626.0,103.0,30.0,365.0,12.0,29.0,53.0,235.5,22.0,1.0,1.0,4.0,4.0,4.0,4.0,4.0,4.0,1.0,2.0,1.0
1087,24/06/2026,city scrape,"Bright, Clean & Crisp 3 Bed Townhouse",Ryan,"Ottawa, Canada",f,t,Barrhaven,Entire townhouse,Entire home/apt,10/08/2026,09/09/2026,t,24/06/2026,19/03/2023,01/06/2026,7.0,6.0,3.0,6.0,2.0,45.0,-75.0,2.0,1.0,2.0,1.0,103.0,1626.0,103.0,30.0,365.0,12.0,29.0,53.0,235.5,22.0,1.0,1.0,4.0,4.0,4.0,4.0,4.0,4.0,1.0,2.0,1.0
1088,02/07/2026,previous scrape,Stylish single family home-Downtown- Airport-River,Mohammad,"Ottawa, Canada",t,t,Gloucester-South Nepean,Entire home,Entire home/apt,0000-00-00,"""0000-00-00""",t,02/07/2026,26/06/2023,31/03/2024,7.0,6.0,3.0,6.0,2.0,45.0,-75.0,2.0,1.0,2.0,1.0,103.0,1626.0,103.0,30.0,365.0,12.0,29.0,53.0,235.5,22.0,1.0,1.0,4.0,4.0,4.0,4.0,4.0,4.0,1.0,2.0,1.0
1089,24/06/2026,city scrape,The Rustic Antler,Alanna,"Ottawa, Canada",f,t,Osgoode,Entire cabin,Entire home/apt,25/06/2026,25/07/2026,t,24/06/2026,14/03/2023,10/04/2023,7.0,6.0,3.0,6.0,2.0,45.0,-75.0,2.0,1.0,2.0,1.0,103.0,1626.0,103.0,30.0,365.0,12.0,29.0,53.0,235.5,22.0,1.0,1.0,4.0,4.0,4.0,4.0,4.0,4.0,1.0,2.0,1.0
1090,02/07/2026,previous scrape,Quite Cozy townhouse,Abeer,"Ottawa, Canada",f,t,Gloucester-South Nepean,Entire townhouse,Entire home/apt,0000-00-00,"""0000-00-00""",t,02/07/2026,10,10,9.0,10.0,2.0,6.0,1.0,45.0,-75.0,6.0,1.0,3.0,2.0,173.0,2246.0,173.0,30.0,1125.0,0.0,0.0,0.0,0.0,0.0,0.0,0.0,4.0,4.0,4.0,4.0,4.0,4.0,1.0,1.0,1.0
1091,02/07/2026,previous scrape,Room with private bathroom,Lemnue,"Ottawa, Canada",f,t,Rideau-Goulbourn,Private room in home,Private room,03/07/2026,02/10/2026,t,02/07/2026,29/03/2025,29/03/2025,7.0,6.0,3.0,6.0,2.0,45.0,-75.0,2.0,1.0,2.0,1.0,103.0,1626.0,103.0,30.0,365.0,12.0,29.0,53.0,235.5,22.0,1.0,1.0,4.0,4.0,4.0,4.0,4.0,4.0,1.0,2.0,1.0
1092,02/07/2026,previous scrape,Spacious Family Home in Barrhaven. Dwtn.Shops 8min,Reem,"Ottawa, Canada",t,t,Rideau-Goulbourn,Entire townhouse,Entire home/apt,0000-00-00,"""0000-00-00""",t,02/07/2026,02/03/2023,01/12/2025,7.0,6.0,3.0,6.0,2.0,45.0,-75.0,2.0,1.0,2.0,1.0,103.0,1626.0,103.0,30.0,365.0,12.0,29.0,53.0,235.5,22.0,1.0,1.0,4.0,4.0,4.0,4.0,4.0,4.0,1.0,2.0,1.0
1093,24/06/2026,city scrape,Mid-Century Apartment,Yvonne,"Ottawa, Canada",t,t,Kitchissippi,Entire rental unit,Entire home/apt,06/07/2026,07/07/2026,t,24/06/2026,18/03/2023,17/06/2026,7.0,6.0,3.0,6.0,2.0,45.0,-75.0,2.0,1.0,2.0,1.0,103.0,1626.0,103.0,30.0,365.0,12.0,29.0,53.0,235.5,22.0,1.0,1.0,4.0,4.0,4.0,4.0,4.0,4.0,1.0,2.0,1.0
1094,24/06/2026,city scrape,Waves Cottage Retreat Waterfront Property,Bruce,"Ottawa, Canada",f,t,West Carleton-March,Entire home,Entire home/apt,20/09/2026,23/09/2026,t,24/06/2026,04/09/2023,05/08/2024,7.0,6.0,3.0,6.0,2.0,45.0,-75.0,2.0,1.0,2.0,1.0,103.0,1626.0,103.0,30.0,365.0,12.0,29.0,53.0,235.5,22.0,1.0,1.0,4.0,4.0,4.0,4.0,4.0,4.0,1.0,2.0,1.0
1095,24/06/2026,city scrape,"A2 double bed, desk+tv (shared condo)",Andy,"Ottawa, Canada",f,t,River,Private room in rental unit,Private room,01/07/2026,31/07/2026,t,24/06/2026,04/04/2023,25/03/2024,7.0,3.0,3.0,2.0,2.0,45.0,-75.0,1.0,1.0,1.0,1.0,45.0,1359.0,45.0,30.0,90.0,23.0,53.0,83.0,184.0,44.0,0.0,0.0,4.0,4.0,4.0,4.0,4.0,4.0,1.0,1.0,0.0
1096,02/07/2026,previous scrape,Beautiful New Home for Families & Friends,Adam,"Ottawa, Canada",f,t,Stittsville-Kanata West,Entire bungalow,Entire home/apt,0000-00-00,"""0000-00-00""",t,02/07/2026,26/05/2023,27/06/2024,7.0,6.0,3.0,6.0,2.0,45.0,-75.0,2.0,1.0,2.0,1.0,103.0,1626.0,103.0,30.0,365.0,12.0,29.0,53.0,235.5,22.0,1.0,1.0,4.0,4.0,4.0,4.0,4.0,4.0,1.0,2.0,1.0
1097,24/06/2026,city scrape,Room 4 U,Marie,"Ottawa, Canada",t,t,River,Private room in home,Private room,06/07/2026,08/07/2026,t,24/06/2026,04/05/2023,15/06/2026,3.0,3.0,3.0,1.0,1.0,45.0,-75.0,2.0,1.0,2.0,1.0,120.0,240.0,120.0,2.0,1125.0,14.0,29.0,53.0,316.0,103.0,40.0,36.0,4.0,4.0,4.0,4.0,4.0,4.0,2.0,1.0,0.0
1098,24/06/2026,city scrape,Whole basement apartment,Aline,"Ottawa, Canada",f,t,Beacon Hill-Cyrville,Entire guest suite,Entire home/apt,27/06/2026,28/06/2026,t,24/06/2026,25/06/2023,13/06/2026,7.0,6.0,3.0,6.0,2.0,45.0,-75.0,2.0,1.0,2.0,1.0,103.0,1626.0,103.0,30.0,365.0,12.0,29.0,53.0,235.5,22.0,1.0,1.0,4.0,4.0,4.0,4.0,4.0,4.0,1.0,2.0,1.0
1099,02/07/2026,previous scrape,New Luxury 1 Bedroom Condo Downtown,Joy,"Ottawa, Canada",t,t,Rideau-Vanier,Entire rental unit,Entire home/apt,0000-00-00,"""0000-00-00""",t,02/07/2026,10,10,7.0,6.0,3.0,6.0,2.0,45.0,-75.0,2.0,1.0,2.0,1.0,103.0,1626.0,103.0,30.0,365.0,12.0,29.0,53.0,235.5,22.0,1.0,1.0,4.0,4.0,4.0,4.0,4.0,4.0,1.0,2.0,1.0
1100,24/06/2026,city scrape,"Beautiful home in Findlay Creek Village, Ottawa",Sanyu,"Ottawa, Canada",t,t,Gloucester-South Nepean,Entire home,Entire home/apt,06/07/2026,18/07/2026,t,24/06/2026,30/06/2023,03/05/2026,7.0,6.0,3.0,6.0,2.0,45.0,-75.0,2.0,1.0,2.0,1.0,103.0,1626.0,103.0,30.0,365.0,12.0,29.0,53.0,235.5,22.0,1.0,1.0,4.0,4.0,4.0,4.0,4.0,4.0,1.0,2.0,1.0
1101,24/06/2026,city scrape,"Bright, Spacious Private Monthly 1 BR Apt -Orléans",Amaury,"Ottawa, Canada",t,t,Orleans,Entire rental unit,Entire home/apt,31/10/2026,30/11/2026,t,24/06/2026,31/07/2023,30/04/2026,5.0,6.0,5.0,6.0,3.0,45.0,-75.0,2.0,1.0,1.0,1.0,86.0,2600.0,86.0,30.0,365.0,1.0,1.0,2.0,238.0,16.0,4.0,3.0,4.0,4.0,4.0,5.0,4.0,4.0,0.0,2.0,2.0
1102,24/06/2026,city scrape,"Orleans 3 bedroom | Clean, spacious, sunny!",Josefine,"Ottawa, Canada",f,t,Orleans,Entire rental unit,Entire home/apt,30/11/2026,30/12/2026,t,24/06/2026,29/02/2024,31/03/2026,7.0,6.0,3.0,6.0,2.0,45.0,-75.0,2.0,1.0,2.0,1.0,103.0,1626.0,103.0,30.0,365.0,12.0,29.0,53.0,235.5,22.0,1.0,1.0,4.0,4.0,4.0,4.0,4.0,4.0,1.0,2.0,1.0
1103,24/06/2026,city scrape,confortable et propre grand appartement,Radia,"Ottawa, Canada",f,t,Gloucester-Southgate,Entire rental unit,Entire home/apt,26/06/2026,26/07/2026,t,24/06/2026,10,10,3.0,8.0,3.0,2.0,1.0,45.0,-75.0,3.0,1.0,1.0,1.0,125.0,3766.0,125.0,30.0,100.0,28.0,58.0,88.0,88.0,0.0,0.0,0.0,4.0,4.0,4.0,4.0,4.0,4.0,1.0,1.0,1.0
1104,24/06/2026,city scrape,Prestige Home,Chinedu,"Ottawa, Canada",t,t,Rideau-Goulbourn,Private room in home,Private room,25/06/2026,26/06/2026,t,24/06/2026,21/05/2023,12/06/2026,3.0,3.0,3.0,3.0,1.0,45.0,-75.0,2.0,1.0,2.0,1.0,91.0,91.0,91.0,1.0,365.0,28.0,58.0,88.0,363.0,52.0,32.0,26.0,4.0,4.0,4.0,4.0,4.0,4.0,1.0,1.0,0.0
1105,02/07/2026,previous scrape,Kanata Luxury home with elevator,Eddy,"Ottawa, Canada",t,t,Kanata North,Entire townhouse,Entire home/apt,0000-00-00,"""0000-00-00""",t,02/07/2026,11/04/2023,14/07/2023,7.0,6.0,3.0,6.0,2.0,45.0,-75.0,2.0,1.0,2.0,1.0,103.0,1626.0,103.0,30.0,365.0,12.0,29.0,53.0,235.5,22.0,1.0,1.0,4.0,4.0,4.0,4.0,4.0,4.0,1.0,2.0,1.0
1106,24/06/2026,city scrape,Lighthouse Cottage Retreat,Kyle,"Ottawa, Canada",t,t,West Carleton-March,Entire home,Entire home/apt,29/06/2026,02/07/2026,t,24/06/2026,16/07/2023,07/06/2026,7.0,6.0,3.0,6.0,2.0,45.0,-75.0,2.0,1.0,2.0,1.0,103.0,1626.0,103.0,30.0,365.0,12.0,29.0,53.0,235.5,22.0,1.0,1.0,4.0,4.0,4.0,4.0,4.0,4.0,1.0,2.0,1.0
1107,02/07/2026,previous scrape,"1 bed apt - own kitchen, living room 5 min airport",Ivan,"Ottawa, Canada",f,t,Gloucester-Southgate,Entire rental unit,Entire home/apt,0000-00-00,"""0000-00-00""",t,02/07/2026,16/05/2023,02/06/2026,7.0,6.0,3.0,6.0,2.0,45.0,-75.0,2.0,1.0,2.0,1.0,103.0,1626.0,103.0,30.0,365.0,12.0,29.0,53.0,235.5,22.0,1.0,1.0,4.0,4.0,4.0,4.0,4.0,4.0,1.0,2.0,1.0
1108,24/06/2026,city scrape,Nature Retreat,Kenny,"Ottawa, Canada",t,t,West Carleton-March,Entire bungalow,Entire home/apt,25/06/2026,25/07/2026,t,24/06/2026,19/08/2023,20/05/2026,7.0,6.0,3.0,6.0,2.0,45.0,-75.0,2.0,1.0,2.0,1.0,103.0,1626.0,103.0,30.0,365.0,12.0,29.0,53.0,235.5,22.0,1.0,1.0,4.0,4.0,4.0,4.0,4.0,4.0,1.0,2.0,1.0
1109,24/06/2026,city scrape,Cozy Cottage Steps 2 the Water,James,"Ottawa, Canada",t,t,West Carleton-March,Entire home,Entire home/apt,30/07/2026,01/08/2026,t,24/06/2026,06/08/2023,14/06/2026,7.0,6.0,3.0,6.0,2.0,45.0,-75.0,2.0,1.0,2.0,1.0,103.0,1626.0,103.0,30.0,365.0,12.0,29.0,53.0,235.5,22.0,1.0,1.0,4.0,4.0,4.0,4.0,4.0,4.0,1.0,2.0,1.0
1110,24/06/2026,city scrape,KASHY HOMES-Immense Home Close to DT and Airport,Jean,"Ottawa, Canada",f,t,Gloucester-South Nepean,Entire home,Entire home/apt,31/07/2026,30/08/2026,t,24/06/2026,22/05/2023,22/04/2026,7.0,6.0,3.0,6.0,2.0,45.0,-75.0,2.0,1.0,2.0,1.0,103.0,1626.0,103.0,30.0,365.0,12.0,29.0,53.0,235.5,22.0,1.0,1.0,4.0,4.0,4.0,4.0,4.0,4.0,1.0,2.0,1.0
1111,24/06/2026,city scrape,Big room in a great location.,Maha,"Ottawa, Canada",f,t,College,Private room in home,Private room,24/06/2026,25/07/2026,t,24/06/2026,31/03/2023,01/06/2024,7.0,6.0,3.0,6.0,2.0,45.0,-75.0,2.0,1.0,2.0,1.0,103.0,1626.0,103.0,30.0,365.0,12.0,29.0,53.0,235.5,22.0,1.0,1.0,4.0,4.0,4.0,4.0,4.0,4.0,1.0,2.0,1.0
1112,24/06/2026,city scrape,The Byron Brownstone,Mike,"Ottawa, Canada",t,t,Kitchissippi,Entire guest suite,Entire home/apt,29/06/2026,01/07/2026,t,24/06/2026,03/12/2023,29/05/2026,7.0,6.0,3.0,6.0,2.0,45.0,-75.0,2.0,1.0,2.0,1.0,103.0,1626.0,103.0,30.0,365.0,12.0,29.0,53.0,235.5,22.0,1.0,1.0,4.0,4.0,4.0,4.0,4.0,4.0,1.0,2.0,1.0
1113,24/06/2026,city scrape,cozy room in a perfect location.,Maha,"Ottawa, Canada",f,t,College,Private room in home,Private room,24/06/2026,25/07/2026,t,24/06/2026,01/04/2023,02/05/2025,6.0,9.0,3.0,3.0,5.0,45.0,-75.0,2.0,1.0,2.0,1.0,50.0,1562.0,50.0,31.0,100.0,30.0,60.0,90.0,180.0,19.0,0.0,1.0,4.0,4.0,4.0,4.0,4.0,4.0,0.0,5.0,1.0
1114,24/06/2026,city scrape,Comfortable 2 Br in Quiet Place,Amani,"Ottawa, Canada",t,t,Rideau-Rockcliffe,Private room in home,Private room,02/02/2027,04/03/2027,t,24/06/2026,26/08/2023,01/11/2025,7.0,6.0,3.0,6.0,2.0,45.0,-75.0,2.0,1.0,2.0,1.0,103.0,1626.0,103.0,30.0,365.0,12.0,29.0,53.0,235.5,22.0,1.0,1.0,4.0,4.0,4.0,4.0,4.0,4.0,1.0,2.0,1.0
1115,24/06/2026,city scrape,cute room in a beautiful house.,Maha,"Ottawa, Canada",f,t,College,Private room in home,Private room,24/06/2026,25/07/2026,t,24/06/2026,31/03/2023,20/08/2023,7.0,6.0,3.0,6.0,2.0,45.0,-75.0,2.0,1.0,2.0,1.0,103.0,1626.0,103.0,30.0,365.0,12.0,29.0,53.0,235.5,22.0,1.0,1.0,4.0,4.0,4.0,4.0,4.0,4.0,1.0,2.0,1.0
1116,24/06/2026,city scrape,Beautiful Modern Home*Sleeps 8! 4BR NFLX 2.5Bath,Micbet,"Ottawa, Canada",t,t,Barrhaven,Entire home,Entire home/apt,28/10/2026,27/11/2026,t,24/06/2026,08/05/2023,05/06/2026,7.0,6.0,3.0,6.0,2.0,45.0,-75.0,2.0,1.0,2.0,1.0,103.0,1626.0,103.0,30.0,365.0,12.0,29.0,53.0,235.5,22.0,1.0,1.0,4.0,4.0,4.0,4.0,4.0,4.0,1.0,2.0,1.0
1117,24/06/2026,city scrape,Private suite in the heart of the city! 1bed/1bath,Zainab,"Ottawa, Canada",f,t,College,Entire guest suite,Entire home/apt,04/07/2026,05/07/2026,t,24/06/2026,05/07/2023,15/06/2026,7.0,6.0,3.0,6.0,2.0,45.0,-75.0,2.0,1.0,2.0,1.0,103.0,1626.0,103.0,30.0,365.0,12.0,29.0,53.0,235.5,22.0,1.0,1.0,4.0,4.0,4.0,4.0,4.0,4.0,1.0,2.0,1.0
1118,02/07/2026,previous scrape,1bedroom and bath outside home,Gisele,"Ottawa, Canada",f,t,Alta Vista,Entire rental unit,Entire home/apt,02/10/2026,01/12/2026,t,02/07/2026,20/04/2023,19/09/2023,4.0,0.0,3.0,2.0,1.0,45.0,-75.0,2.0,1.0,1.0,2.0,23.0,1389.0,23.0,60.0,1125.0,0.0,0.0,0.0,273.0,37.0,0.0,0.0,4.0,4.0,4.0,4.0,4.0,4.0,0.0,1.0,1.0
1119,24/06/2026,city scrape,Beach & Cozy House w Amazing View in Constants Bay,Bayhouse,"Ottawa, Canada",t,t,West Carleton-March,Entire guest suite,Entire home/apt,29/06/2026,30/06/2026,t,24/06/2026,22/05/2023,10/05/2026,7.0,6.0,3.0,6.0,2.0,45.0,-75.0,2.0,1.0,2.0,1.0,103.0,1626.0,103.0,30.0,365.0,12.0,29.0,53.0,235.5,22.0,1.0,1.0,4.0,4.0,4.0,4.0,4.0,4.0,1.0,2.0,1.0
1120,24/06/2026,city scrape,Spacious Family Home. Airport 8min Downtown 15 min,Mouhamad,"Ottawa, Canada",t,t,Osgoode,Entire home,Entire home/apt,01/08/2026,31/08/2026,t,24/06/2026,02/04/2023,31/08/2025,7.0,6.0,3.0,6.0,2.0,45.0,-75.0,2.0,1.0,2.0,1.0,103.0,1626.0,103.0,30.0,365.0,12.0,29.0,53.0,235.5,22.0,1.0,1.0,4.0,4.0,4.0,4.0,4.0,4.0,1.0,2.0,1.0
1121,24/06/2026,city scrape,A wonderful and cozy suite,Anthony,"Ottawa, Canada",f,t,Gloucester-Southgate,Entire home,Entire home/apt,11/07/2026,13/07/2026,t,24/06/2026,31/07/2023,11/06/2026,7.0,6.0,3.0,6.0,2.0,45.0,-75.0,2.0,1.0,2.0,1.0,103.0,1626.0,103.0,30.0,365.0,12.0,29.0,53.0,235.5,22.0,1.0,1.0,4.0,4.0,4.0,4.0,4.0,4.0,1.0,2.0,1.0
1122,02/07/2026,previous scrape,Stylish Bungalow,Rnea,"Ottawa, Canada",f,t,Bay,Entire bungalow,Entire home/apt,0000-00-00,"""0000-00-00""",t,02/07/2026,09/04/2023,16/04/2024,10.0,9.0,3.0,3.0,1.0,45.0,-75.0,4.0,1.0,2.0,2.0,173.0,2246.0,173.0,2.0,365.0,0.0,0.0,0.0,0.0,34.0,0.0,0.0,4.0,4.0,5.0,4.0,4.0,4.0,0.0,1.0,1.0
1123,24/06/2026,city scrape,New Modern 1BR Apt Near Downtown - FREE Parking,Ahmed,"Ottawa, Canada",f,t,Rideau-Vanier,Entire guest suite,Entire home/apt,25/06/2026,25/07/2026,t,24/06/2026,10/04/2023,14/06/2025,7.0,6.0,3.0,6.0,2.0,45.0,-75.0,2.0,1.0,2.0,1.0,103.0,1626.0,103.0,30.0,365.0,12.0,29.0,53.0,235.5,22.0,1.0,1.0,4.0,4.0,4.0,4.0,4.0,4.0,1.0,2.0,1.0
1124,24/06/2026,city scrape,Bright 1-bed suite in core of Ottawa,Shawn,"Ottawa, Canada",t,t,Capital,Entire guest suite,Entire home/apt,30/07/2026,01/08/2026,t,24/06/2026,29/06/2023,21/06/2026,9.0,0.0,9.0,0.0,1.0,45.0,-75.0,2.0,1.0,1.0,1.0,217.0,434.0,217.0,2.0,30.0,2.0,14.0,22.0,104.0,119.0,39.0,38.0,4.0,4.0,4.0,4.0,4.0,4.0,3.0,1.0,1.0
1125,24/06/2026,city scrape,Room with en-suite Bathroom Room # 1,Michelle,"Ottawa, Canada",f,t,Barrhaven,Private room in home,Private room,01/11/2026,01/12/2026,t,24/06/2026,18/08/2023,20/12/2025,8.0,1.0,6.0,11.0,5.0,45.0,-75.0,1.0,1.0,2.0,1.0,36.0,1107.0,36.0,30.0,365.0,0.0,0.0,0.0,230.0,17.0,1.0,1.0,4.0,4.0,4.0,4.0,4.0,4.0,0.0,5.0,1.0
1126,24/06/2026,city scrape,Cozy spacious bedroom in Ottawa,John,"Ottawa, Canada",f,t,Barrhaven,Private room in home,Private room,24/06/2026,24/07/2026,t,24/06/2026,08/04/2023,28/09/2025,7.0,6.0,3.0,6.0,2.0,45.0,-75.0,2.0,1.0,2.0,1.0,103.0,1626.0,103.0,30.0,365.0,12.0,29.0,53.0,235.5,22.0,1.0,1.0,4.0,4.0,4.0,4.0,4.0,4.0,1.0,2.0,1.0
1127,24/06/2026,city scrape,4-Bedroom Apartment in Ottawa,Lisa,"Gatineau, Canada",f,t,Rideau-Vanier,Entire rental unit,Entire home/apt,01/09/2026,01/10/2026,t,24/06/2026,02/08/2023,02/08/2023,7.0,6.0,3.0,6.0,2.0,45.0,-75.0,2.0,1.0,2.0,1.0,103.0,1626.0,103.0,30.0,365.0,12.0,29.0,53.0,235.5,22.0,1.0,1.0,4.0,4.0,4.0,4.0,4.0,4.0,1.0,2.0,1.0
1128,24/06/2026,city scrape,Cozy Retreat - 15 min drive/bus from downtown,Buffy,"Ottawa, Canada",t,t,Rideau-Vanier,Private room in bungalow,Private room,24/06/2026,26/06/2026,t,24/06/2026,14/04/2023,18/06/2026,8.0,6.0,6.0,11.0,2.0,45.0,-75.0,2.0,1.0,2.0,1.0,94.0,188.0,94.0,2.0,1125.0,14.0,24.0,47.0,305.0,98.0,38.0,26.0,4.0,4.0,4.0,4.0,4.0,4.0,2.0,1.0,0.0
1129,24/06/2026,city scrape,Private Bedroom,Preet,"Ottawa, Canada",f,t,Osgoode,Private room in home,Private room,24/06/2026,25/06/2026,t,24/06/2026,09/04/2023,06/06/2026,7.0,6.0,3.0,6.0,2.0,45.0,-75.0,2.0,1.0,2.0,1.0,103.0,1626.0,103.0,30.0,365.0,12.0,29.0,53.0,235.5,22.0,1.0,1.0,4.0,4.0,4.0,4.0,4.0,4.0,1.0,2.0,1.0
1130,24/06/2026,city scrape,Private Luxury Bachelor Flat,Cam,"Richmond Hill, Canada",f,t,Capital,Entire home,Entire home/apt,20/07/2026,19/08/2026,t,24/06/2026,26/05/2023,24/06/2024,4.0,1.0,3.0,7.0,2.0,45.0,-75.0,2.0,1.0,1.0,1.0,71.0,2157.0,71.0,30.0,365.0,4.0,34.0,64.0,339.0,25.0,0.0,0.0,4.0,4.0,4.0,4.0,4.0,4.0,0.0,2.0,2.0
1131,24/06/2026,city scrape,Bright basement,Eskedar,"Ottawa, Canada",t,t,River,Entire guesthouse,Entire home/apt,01/01/2027,31/01/2027,t,24/06/2026,05/05/2023,01/02/2025,3.0,7.0,3.0,2.0,2.0,45.0,-75.0,4.0,1.0,2.0,3.0,94.0,2847.0,94.0,30.0,365.0,0.0,0.0,0.0,174.0,31.0,0.0,1.0,4.0,4.0,4.0,5.0,4.0,4.0,0.0,2.0,2.0
1132,24/06/2026,city scrape,3 Bedroom Stylish Home in Kanata,Zoloti,"Ottawa, Canada",t,t,Kanata North,Entire home,Entire home/apt,06/08/2026,05/09/2026,t,24/06/2026,04/06/2023,02/10/2025,7.0,6.0,3.0,6.0,2.0,45.0,-75.0,2.0,1.0,2.0,1.0,103.0,1626.0,103.0,30.0,365.0,12.0,29.0,53.0,235.5,22.0,1.0,1.0,4.0,4.0,4.0,4.0,4.0,4.0,1.0,2.0,1.0
1133,24/06/2026,city scrape,Bright Bachelor in Little Italy,Short And Suite BnB,"Ottawa, Canada",t,t,Somerset,Entire rental unit,Entire home/apt,18/07/2026,17/08/2026,t,24/06/2026,21/01/2024,31/08/2024,7.0,6.0,3.0,6.0,2.0,45.0,-75.0,2.0,1.0,2.0,1.0,103.0,1626.0,103.0,30.0,365.0,12.0,29.0,53.0,235.5,22.0,1.0,1.0,4.0,4.0,4.0,4.0,4.0,4.0,1.0,2.0,1.0
1134,24/06/2026,city scrape,Ottawa Downtown Skylight Room #5,John,"Ottawa, Canada",t,t,Somerset,Private room in home,Private room,28/02/2027,30/03/2027,t,24/06/2026,30/04/2023,05/12/2024,7.0,6.0,3.0,6.0,2.0,45.0,-75.0,2.0,1.0,2.0,1.0,103.0,1626.0,103.0,30.0,365.0,12.0,29.0,53.0,235.5,22.0,1.0,1.0,4.0,4.0,4.0,4.0,4.0,4.0,1.0,2.0,1.0
1135,24/06/2026,city scrape,Spacious & Sunny 2 bedrooms,Linda,"Ottawa, Canada",f,t,Kitchissippi,Entire rental unit,Entire home/apt,19/07/2026,18/08/2026,t,24/06/2026,31/08/2025,31/08/2025,7.0,6.0,3.0,6.0,2.0,45.0,-75.0,2.0,1.0,2.0,1.0,103.0,1626.0,103.0,30.0,365.0,12.0,29.0,53.0,235.5,22.0,1.0,1.0,4.0,4.0,4.0,4.0,4.0,4.0,1.0,2.0,1.0
1136,24/06/2026,city scrape,Ottawa Beautiful & Cozy Downtown Room #2,John,"Ottawa, Canada",t,t,Somerset,Private room in home,Private room,28/02/2027,30/03/2027,t,24/06/2026,25/04/2023,05/10/2024,7.0,6.0,3.0,6.0,2.0,45.0,-75.0,2.0,1.0,2.0,1.0,103.0,1626.0,103.0,30.0,365.0,12.0,29.0,53.0,235.5,22.0,1.0,1.0,4.0,4.0,4.0,4.0,4.0,4.0,1.0,2.0,1.0
1137,24/06/2026,city scrape,Red Brick Hideaway: 1 bedroom suite in Centretown,Scott,"Ottawa, Canada",t,t,Somerset,Entire rental unit,Entire home/apt,29/06/2026,29/07/2026,t,24/06/2026,27/09/2023,08/05/2026,7.0,6.0,3.0,6.0,2.0,45.0,-75.0,2.0,1.0,2.0,1.0,103.0,1626.0,103.0,30.0,365.0,12.0,29.0,53.0,235.5,22.0,1.0,1.0,4.0,4.0,4.0,4.0,4.0,4.0,1.0,2.0,1.0
1138,02/07/2026,previous scrape,"Private suite in Walkley, Ottawa",Moyinoluwa,"Ottawa, Canada",f,t,Alta Vista,Entire home,Entire home/apt,0000-00-00,"""0000-00-00""",t,02/07/2026,01/09/2023,10/01/2026,7.0,6.0,3.0,6.0,2.0,45.0,-75.0,2.0,1.0,2.0,1.0,103.0,1626.0,103.0,30.0,365.0,12.0,29.0,53.0,235.5,22.0,1.0,1.0,4.0,4.0,4.0,4.0,4.0,4.0,1.0,2.0,1.0
1139,24/06/2026,city scrape,Spacious master bedroom en-suite bathroom#1,Bader,"Ottawa, Canada",t,t,Gloucester-South Nepean,Private room in home,Private room,06/07/2026,07/07/2026,t,24/06/2026,31/05/2023,04/06/2026,7.0,6.0,3.0,6.0,2.0,45.0,-75.0,2.0,1.0,2.0,1.0,103.0,1626.0,103.0,30.0,365.0,12.0,29.0,53.0,235.5,22.0,1.0,1.0,4.0,4.0,4.0,4.0,4.0,4.0,1.0,2.0,1.0
1140,24/06/2026,city scrape,Spacious Master Bedroom+private washroom room#2,Bader,"Ottawa, Canada",t,t,Gloucester-South Nepean,Private room in home,Private room,05/07/2026,06/07/2026,t,24/06/2026,31/05/2023,21/06/2026,7.0,6.0,3.0,6.0,2.0,45.0,-75.0,2.0,1.0,2.0,1.0,103.0,1626.0,103.0,30.0,365.0,12.0,29.0,53.0,235.5,22.0,1.0,1.0,4.0,4.0,4.0,4.0,4.0,4.0,1.0,2.0,1.0
1141,24/06/2026,city scrape,Spacious Master Bedroom en-suite privatebathroom#3,Bader,"Ottawa, Canada",t,t,Gloucester-South Nepean,Private room in home,Private room,01/07/2026,02/07/2026,t,24/06/2026,01/07/2023,07/06/2026,6.0,5.0,3.0,5.0,8.0,45.0,-75.0,2.0,1.0,1.0,1.0,92.0,92.0,92.0,1.0,1125.0,12.0,20.0,50.0,314.0,29.0,24.0,0.0,4.0,4.0,4.0,4.0,4.0,4.0,0.0,8.0,1.0
1142,24/06/2026,city scrape,Room Number 4,Arian,"Ottawa, Canada",t,t,Knoxdale-Merivale,Private room in bungalow,Private room,29/06/2026,01/07/2026,t,24/06/2026,05/05/2023,05/06/2026,6.0,5.0,6.0,5.0,7.0,45.0,-75.0,2.0,1.0,2.0,1.0,100.0,200.0,100.0,2.0,30.0,17.0,43.0,67.0,67.0,58.0,15.0,16.0,4.0,4.0,4.0,4.0,4.0,4.0,1.0,7.0,1.0
1143,24/06/2026,city scrape,Room Number 5,Arian,"Ottawa, Canada",t,t,Knoxdale-Merivale,Private room in bungalow,Private room,29/06/2026,01/07/2026,t,24/06/2026,28/04/2023,10/05/2026,6.0,5.0,6.0,5.0,7.0,45.0,-75.0,2.0,1.0,2.0,1.0,106.0,212.0,106.0,2.0,30.0,17.0,43.0,67.0,67.0,40.0,10.0,17.0,4.0,4.0,4.0,4.0,4.0,4.0,1.0,7.0,1.0
1144,24/06/2026,city scrape,Room Number 6,Arian,"Ottawa, Canada",t,t,Knoxdale-Merivale,Private room in bungalow,Private room,29/06/2026,01/07/2026,t,24/06/2026,28/04/2023,04/06/2026,6.0,5.0,6.0,5.0,7.0,45.0,-75.0,2.0,1.0,2.0,1.0,106.0,212.0,106.0,2.0,30.0,17.0,43.0,67.0,329.0,71.0,24.0,33.0,4.0,4.0,5.0,4.0,4.0,4.0,1.0,7.0,1.0
1145,24/06/2026,city scrape,Best location Uncover your adventure Enjoy Ottawa!,Katie,"Ottawa, Canada",f,t,Rideau-Vanier,Entire place,Entire home/apt,22/10/2026,21/11/2026,t,24/06/2026,19/07/2023,01/12/2025,6.0,6.0,5.0,7.0,3.0,45.0,-75.0,3.0,1.0,1.0,1.0,87.0,2632.0,87.0,30.0,1125.0,15.0,15.0,15.0,259.0,4.0,1.0,2.0,4.0,4.0,4.0,5.0,4.0,4.0,0.0,3.0,3.0
1146,24/06/2026,city scrape,Cozy 2 bedroom townhouse,Alexey,"Ottawa, Canada",f,t,Stittsville-Kanata West,Entire townhouse,Entire home/apt,28/06/2026,30/06/2026,t,24/06/2026,06/05/2023,14/06/2026,7.0,6.0,3.0,6.0,2.0,45.0,-75.0,2.0,1.0,2.0,1.0,103.0,1626.0,103.0,30.0,365.0,12.0,29.0,53.0,235.5,22.0,1.0,1.0,4.0,4.0,4.0,4.0,4.0,4.0,1.0,2.0,1.0
1147,24/06/2026,city scrape,Cute room in a house,Carla,"Ottawa, Canada",t,t,Bay,Private room in home,Private room,28/06/2026,29/06/2026,t,24/06/2026,11/09/2023,23/06/2026,10.0,1.0,2.0,9.0,1.0,45.0,-75.0,2.0,1.0,2.0,1.0,100.0,100.0,100.0,1.0,10.0,14.0,31.0,47.0,137.0,75.0,30.0,29.0,4.0,4.0,5.0,4.0,4.0,4.0,2.0,1.0,0.0
1148,24/06/2026,city scrape,Superb Huge Downtown Ottawa + Sofabed Bedroom #6,John,"Ottawa, Canada",t,t,Somerset,Private room in rental unit,Private room,28/02/2027,30/03/2027,t,24/06/2026,07/05/2023,29/12/2024,7.0,6.0,3.0,6.0,2.0,45.0,-75.0,2.0,1.0,2.0,1.0,103.0,1626.0,103.0,30.0,365.0,12.0,29.0,53.0,235.5,22.0,1.0,1.0,4.0,4.0,4.0,4.0,4.0,4.0,1.0,2.0,1.0
1149,24/06/2026,city scrape,Just Like Home (private room),Cjay,"Ottawa, Canada",f,t,College,Private room in home,Private room,25/06/2026,25/07/2026,t,24/06/2026,20/05/2023,20/05/2023,7.0,6.0,3.0,6.0,2.0,45.0,-75.0,2.0,1.0,2.0,1.0,103.0,1626.0,103.0,30.0,365.0,12.0,29.0,53.0,235.5,22.0,1.0,1.0,4.0,4.0,4.0,4.0,4.0,4.0,1.0,2.0,1.0
1150,24/06/2026,city scrape,Rideau Getaway: Waterfront 3BR Cottage,Kelly,"Caledon, Canada",t,t,Rideau-Goulbourn,Entire cottage,Entire home/apt,08/07/2026,09/07/2026,t,24/06/2026,16/07/2023,31/05/2026,7.0,6.0,3.0,6.0,2.0,45.0,-75.0,2.0,1.0,2.0,1.0,103.0,1626.0,103.0,30.0,365.0,12.0,29.0,53.0,235.5,22.0,1.0,1.0,4.0,4.0,4.0,4.0,4.0,4.0,1.0,2.0,1.0
1151,24/06/2026,city scrape,Charming 2 Bedrooms in a Shared Home,Brittany,"Ottawa, Canada",f,t,Kanata South,Private room in home,Private room,21/07/2026,22/07/2026,f,24/06/2026,10,10,8.0,5.0,0.0,0.0,1.0,45.0,-75.0,4.0,1.0,2.0,2.0,173.0,2246.0,173.0,1.0,30.0,3.0,12.0,33.0,123.0,0.0,0.0,0.0,4.0,4.0,4.0,4.0,4.0,4.0,1.0,1.0,0.0
1152,24/06/2026,city scrape,Condo for rent 234 Rideau Ottawa,Anne Marie,"Ottawa, Canada",f,t,Rideau-Vanier,Entire condo,Entire home/apt,24/06/2026,25/07/2026,t,24/06/2026,10,10,5.0,2.0,3.0,1.0,1.0,45.0,-75.0,2.0,1.0,1.0,1.0,162.0,5049.0,162.0,31.0,1125.0,30.0,60.0,90.0,270.0,0.0,0.0,0.0,4.0,4.0,4.0,4.0,4.0,4.0,1.0,1.0,1.0
1153,24/06/2026,city scrape,Private room in westend townhome,Julia,"Ottawa, Canada",f,t,Knoxdale-Merivale,Private room in home,Private room,22/11/2026,22/12/2026,t,24/06/2026,16/09/2023,16/09/2023,7.0,6.0,3.0,6.0,2.0,45.0,-75.0,2.0,1.0,2.0,1.0,103.0,1626.0,103.0,30.0,365.0,12.0,29.0,53.0,235.5,22.0,1.0,1.0,4.0,4.0,4.0,4.0,4.0,4.0,1.0,2.0,1.0
1154,24/06/2026,city scrape,Private room and private washroom in Kanata,Yao,"Ottawa, Canada",t,t,Kanata South,Private room in home,Private room,16/09/2026,17/09/2026,t,24/06/2026,15/07/2023,03/05/2026,6.0,11.0,2.0,11.0,1.0,45.0,-75.0,2.0,1.0,2.0,1.0,85.0,85.0,85.0,1.0,10.0,0.0,0.0,6.0,6.0,135.0,37.0,33.0,4.0,4.0,4.0,4.0,4.0,4.0,3.0,1.0,0.0
1155,24/06/2026,city scrape,Charming Room in a Townhouse Room # 4,Michelle,"Ottawa, Canada",f,t,Barrhaven,Private room in townhouse,Private room,01/01/2027,31/01/2027,t,24/06/2026,05/07/2023,13/11/2024,8.0,1.0,6.0,11.0,5.0,45.0,-75.0,1.0,1.0,2.0,1.0,30.0,910.0,30.0,30.0,365.0,0.0,0.0,0.0,174.0,26.0,0.0,0.0,4.0,4.0,4.0,4.0,4.0,4.0,0.0,5.0,1.0
1156,24/06/2026,city scrape,MarkG's Shack!,Mark,"Ottawa, Canada",f,t,Barrhaven,Entire townhouse,Entire home/apt,26/06/2026,26/07/2026,t,24/06/2026,04/06/2023,15/10/2023,7.0,6.0,3.0,6.0,2.0,45.0,-75.0,2.0,1.0,2.0,1.0,103.0,1626.0,103.0,30.0,365.0,12.0,29.0,53.0,235.5,22.0,1.0,1.0,4.0,4.0,4.0,4.0,4.0,4.0,1.0,2.0,1.0
1157,02/07/2026,previous scrape,The Solace Suite – with Fireplace & attached bath,Tanvi,"Ottawa, Canada",t,t,Rideau-Goulbourn,Private room in home,Private room,0000-00-00,"""0000-00-00""",t,02/07/2026,21/05/2023,12/10/2025,4.0,11.0,3.0,1.0,1.0,45.0,-75.0,2.0,1.0,2.0,2.0,173.0,2246.0,173.0,1.0,28.0,0.0,0.0,0.0,0.0,25.0,10.0,12.0,4.0,4.0,4.0,4.0,4.0,4.0,0.0,1.0,0.0
1158,24/06/2026,city scrape,Charming 3 bedroom unit,Paul,"Ottawa, Canada",f,t,Rideau-Vanier,Entire home,Entire home/apt,15/07/2026,14/08/2026,t,24/06/2026,31/07/2023,01/08/2025,7.0,6.0,3.0,6.0,2.0,45.0,-75.0,2.0,1.0,2.0,1.0,103.0,1626.0,103.0,30.0,365.0,12.0,29.0,53.0,235.5,22.0,1.0,1.0,4.0,4.0,4.0,4.0,4.0,4.0,1.0,2.0,1.0
1159,24/06/2026,city scrape,complete private basement,Maha,"Ottawa, Canada",f,t,College,Private room in home,Private room,24/06/2026,25/07/2026,t,24/06/2026,14/05/2023,07/09/2024,7.0,6.0,3.0,6.0,2.0,45.0,-75.0,2.0,1.0,2.0,1.0,103.0,1626.0,103.0,30.0,365.0,12.0,29.0,53.0,235.5,22.0,1.0,1.0,4.0,4.0,4.0,4.0,4.0,4.0,1.0,2.0,1.0
1160,24/06/2026,city scrape,Cozy & Convenient Room,Jason,"Ottawa, Canada",t,t,Orleans,Private room in townhouse,Private room,30/06/2026,30/07/2026,t,24/06/2026,02/08/2023,01/04/2026,10.0,4.0,3.0,10.0,2.0,45.0,-75.0,1.0,1.0,1.0,1.0,33.0,997.0,33.0,30.0,220.0,24.0,54.0,84.0,174.0,9.0,2.0,2.0,4.0,4.0,4.0,4.0,4.0,4.0,0.0,2.0,0.0
1161,24/06/2026,city scrape,Eclectic suite w backyard balcony in heart of city,Phedra,"Ottawa, Canada",t,t,Somerset,Entire rental unit,Entire home/apt,04/12/2026,03/01/2027,t,24/06/2026,13/01/2024,24/01/2026,7.0,6.0,3.0,6.0,2.0,45.0,-75.0,2.0,1.0,2.0,1.0,103.0,1626.0,103.0,30.0,365.0,12.0,29.0,53.0,235.5,22.0,1.0,1.0,4.0,4.0,4.0,4.0,4.0,4.0,1.0,2.0,1.0
1162,24/06/2026,city scrape,Stunning 2 bedroom modern town home,Yulia,"Ottawa, Canada",t,t,Stittsville-Kanata West,Entire home,Entire home/apt,03/07/2026,08/07/2026,t,24/06/2026,17/08/2023,13/06/2026,4.0,9.0,2.0,11.0,1.0,45.0,-75.0,3.0,1.0,2.0,2.0,220.0,1102.0,220.0,5.0,365.0,21.0,47.0,74.0,349.0,78.0,7.0,4.0,4.0,4.0,4.0,4.0,4.0,4.0,2.0,1.0,1.0
1163,02/07/2026,previous scrape,Cozy and peaceful personal room in Ottawa,Kartavya,"Ottawa, Canada",f,t,Rideau-Goulbourn,Private room in home,Private room,0000-00-00,"""0000-00-00""",t,02/07/2026,09/06/2023,27/10/2024,7.0,2.0,3.0,1.0,2.0,45.0,-75.0,2.0,1.0,2.0,2.0,173.0,2246.0,173.0,1.0,40.0,0.0,0.0,0.0,0.0,45.0,0.0,0.0,4.0,4.0,5.0,5.0,4.0,4.0,1.0,2.0,0.0
1164,24/06/2026,city scrape,"Pvt room, pvt bath & adjcnt living rm. Free parkng",Md,"Ottawa, Canada",t,t,Innes,Private room in townhouse,Private room,24/06/2026,25/06/2026,t,24/06/2026,17/07/2023,14/06/2026,7.0,6.0,3.0,6.0,2.0,45.0,-75.0,2.0,1.0,2.0,1.0,103.0,1626.0,103.0,30.0,365.0,12.0,29.0,53.0,235.5,22.0,1.0,1.0,4.0,4.0,4.0,4.0,4.0,4.0,1.0,2.0,1.0
1165,02/07/2026,previous scrape,Lux-Haven- Single family home Barrhaven,Dario,"Ottawa, Canada",f,t,Rideau-Goulbourn,Entire home,Entire home/apt,01/03/2027,03/03/2027,t,02/07/2026,04/06/2023,30/05/2025,7.0,6.0,3.0,6.0,2.0,45.0,-75.0,2.0,1.0,2.0,1.0,103.0,1626.0,103.0,30.0,365.0,12.0,29.0,53.0,235.5,22.0,1.0,1.0,4.0,4.0,4.0,4.0,4.0,4.0,1.0,2.0,1.0
1166,24/06/2026,city scrape,Room At UOttawa 8Min Parliament,Carlos,"Ottawa, Canada",f,t,Rideau-Vanier,Private room in rental unit,Private room,25/06/2026,25/07/2026,t,24/06/2026,10,10,7.0,6.0,3.0,6.0,2.0,45.0,-75.0,2.0,1.0,2.0,1.0,103.0,1626.0,103.0,30.0,365.0,12.0,29.0,53.0,235.5,22.0,1.0,1.0,4.0,4.0,4.0,4.0,4.0,4.0,1.0,2.0,1.0
1167,24/06/2026,city scrape,Tiny Room Steps UOttawa/Downtown,Frits,"Mexicali, Mexico",f,t,Rideau-Vanier,Private room in rental unit,Private room,24/06/2026,24/07/2026,t,24/06/2026,21/05/2023,21/05/2023,7.0,6.0,3.0,6.0,2.0,45.0,-75.0,2.0,1.0,2.0,1.0,103.0,1626.0,103.0,30.0,365.0,12.0,29.0,53.0,235.5,22.0,1.0,1.0,4.0,4.0,4.0,4.0,4.0,4.0,1.0,2.0,1.0
1168,24/06/2026,city scrape,NOCleanFee!SelfCheck-in Chic Rmw/QueenBed inKanata,Gill,"Ottawa, Canada",f,t,Stittsville-Kanata West,Private room in home,Private room,28/06/2026,29/06/2026,t,24/06/2026,20/05/2023,11/06/2026,7.0,6.0,3.0,6.0,2.0,45.0,-75.0,2.0,1.0,2.0,1.0,103.0,1626.0,103.0,30.0,365.0,12.0,29.0,53.0,235.5,22.0,1.0,1.0,4.0,4.0,4.0,4.0,4.0,4.0,1.0,2.0,1.0
1169,24/06/2026,city scrape,Spacious Room in Kanata North,Samy,"Ottawa, Canada",f,t,Kanata North,Private room in home,Private room,01/08/2026,31/08/2026,t,24/06/2026,30/10/2023,01/10/2025,7.0,6.0,3.0,6.0,2.0,45.0,-75.0,2.0,1.0,2.0,1.0,103.0,1626.0,103.0,30.0,365.0,12.0,29.0,53.0,235.5,22.0,1.0,1.0,4.0,4.0,4.0,4.0,4.0,4.0,1.0,2.0,1.0
1170,24/06/2026,city scrape,Master bedroom in Kanata north,Samy,"Ottawa, Canada",f,t,Kanata North,Private room in home,Private room,01/09/2026,01/10/2026,t,24/06/2026,05/07/2023,05/07/2023,7.0,6.0,3.0,6.0,2.0,45.0,-75.0,2.0,1.0,2.0,1.0,103.0,1626.0,103.0,30.0,365.0,12.0,29.0,53.0,235.5,22.0,1.0,1.0,4.0,4.0,4.0,4.0,4.0,4.0,1.0,2.0,1.0
1171,24/06/2026,city scrape,Elegant Room in Kanata North,Samy,"Ottawa, Canada",f,t,Kanata North,Private room in home,Private room,01/08/2026,31/08/2026,t,24/06/2026,01/10/2024,30/01/2025,4.0,1.0,4.0,1.0,5.0,45.0,-75.0,1.0,1.0,2.0,1.0,39.0,1190.0,39.0,30.0,365.0,0.0,22.0,52.0,327.0,3.0,0.0,1.0,4.0,4.0,5.0,5.0,4.0,4.0,0.0,5.0,2.0
1172,24/06/2026,city scrape,2 bedroom Basement apt. Kanata North,Samy,"Ottawa, Canada",f,t,Kanata North,Entire home,Entire home/apt,01/07/2026,31/07/2026,t,24/06/2026,23/06/2023,01/06/2025,7.0,6.0,3.0,6.0,2.0,45.0,-75.0,2.0,1.0,2.0,1.0,103.0,1626.0,103.0,30.0,365.0,12.0,29.0,53.0,235.5,22.0,1.0,1.0,4.0,4.0,4.0,4.0,4.0,4.0,1.0,2.0,1.0
1173,24/06/2026,city scrape,The Executive Studio,Vasilios,"Ottawa, Canada",f,t,Somerset,Entire rental unit,Entire home/apt,13/09/2026,27/09/2026,t,24/06/2026,13/09/2023,28/05/2026,3.0,1.0,3.0,1.0,1.0,45.0,-75.0,2.0,1.0,2.0,1.0,127.0,1782.0,127.0,14.0,1125.0,12.0,25.0,34.0,290.0,12.0,8.0,4.0,4.0,4.0,4.0,4.0,4.0,4.0,0.0,1.0,1.0
1174,24/06/2026,city scrape,Bright & Modern Unit,Ziad,"Ottawa, Canada",f,t,Gloucester-Southgate,Entire home,Entire home/apt,27/08/2026,29/08/2026,t,24/06/2026,21/05/2023,01/09/2023,7.0,6.0,3.0,6.0,2.0,45.0,-75.0,2.0,1.0,2.0,1.0,103.0,1626.0,103.0,30.0,365.0,12.0,29.0,53.0,235.5,22.0,1.0,1.0,4.0,4.0,4.0,4.0,4.0,4.0,1.0,2.0,1.0
1175,24/06/2026,city scrape,NoCleanFee!Stylish & CozyQueen Rm+Desk In Kanata#3,Gill,"Ottawa, Canada",f,t,Stittsville-Kanata West,Private room in home,Private room,25/06/2026,26/06/2026,t,24/06/2026,14/05/2023,05/04/2026,7.0,6.0,3.0,6.0,2.0,45.0,-75.0,2.0,1.0,2.0,1.0,103.0,1626.0,103.0,30.0,365.0,12.0,29.0,53.0,235.5,22.0,1.0,1.0,4.0,4.0,4.0,4.0,4.0,4.0,1.0,2.0,1.0
1176,02/07/2026,previous scrape,Private suite in carriage house,Evelyn,"Ottawa, Canada",t,t,Rideau-Vanier,Entire guest suite,Entire home/apt,27/07/2026,29/07/2026,t,02/07/2026,24/09/2023,29/06/2026,10.0,1.0,2.0,9.0,1.0,45.0,-75.0,2.0,1.0,1.0,2.0,122.0,245.0,122.0,1.0,21.0,2.0,10.0,10.0,10.0,104.0,39.0,33.0,4.0,4.0,4.0,4.0,4.0,4.0,3.0,1.0,1.0
1177,24/06/2026,city scrape,JstLikeHome - Cozy Serenity,Roy,"Ottawa, Canada",f,t,Rideau-Vanier,Entire rental unit,Entire home/apt,20/07/2026,19/08/2026,t,24/06/2026,10/12/2025,22/12/2025,7.0,6.0,3.0,6.0,2.0,45.0,-75.0,2.0,1.0,2.0,1.0,103.0,1626.0,103.0,30.0,365.0,12.0,29.0,53.0,235.5,22.0,1.0,1.0,4.0,4.0,4.0,4.0,4.0,4.0,1.0,2.0,1.0
1178,24/06/2026,city scrape,Townhouse in Ottawa,Omar,"Ottawa, Canada",t,t,Rideau-Goulbourn,Entire home,Entire home/apt,14/10/2026,13/11/2026,t,24/06/2026,09/06/2023,28/04/2026,7.0,6.0,3.0,6.0,2.0,45.0,-75.0,2.0,1.0,2.0,1.0,103.0,1626.0,103.0,30.0,365.0,12.0,29.0,53.0,235.5,22.0,1.0,1.0,4.0,4.0,4.0,4.0,4.0,4.0,1.0,2.0,1.0
1179,24/06/2026,city scrape,A privet room in my home,Eniye,"Ottawa, Canada",f,t,Gloucester-South Nepean,Private room in home,Private room,25/06/2026,27/06/2026,t,24/06/2026,26/05/2023,29/09/2023,5.0,10.0,3.0,1.0,1.0,45.0,-75.0,1.0,1.0,2.0,1.0,65.0,131.0,65.0,2.0,365.0,29.0,59.0,89.0,364.0,6.0,0.0,0.0,4.0,4.0,4.0,4.0,4.0,4.0,0.0,1.0,0.0
1180,24/06/2026,city scrape,6 Bedroom Crew Home | Central Location & Parking,Natalie,"Ottawa, Canada",f,t,College,Entire home,Entire home/apt,01/07/2026,31/07/2026,t,24/06/2026,10/06/2023,13/04/2025,7.0,6.0,3.0,6.0,2.0,45.0,-75.0,2.0,1.0,2.0,1.0,103.0,1626.0,103.0,30.0,365.0,12.0,29.0,53.0,235.5,22.0,1.0,1.0,4.0,4.0,4.0,4.0,4.0,4.0,1.0,2.0,1.0
1181,24/06/2026,city scrape,Tranquil Oasis: Elegant Room with Peaceful Garden,Marlyn,"Ottawa, Canada",f,t,Stittsville-Kanata West,Private room in guest suite,Private room,29/06/2026,30/06/2026,t,24/06/2026,30/05/2023,09/06/2026,7.0,6.0,3.0,6.0,2.0,45.0,-75.0,2.0,1.0,2.0,1.0,103.0,1626.0,103.0,30.0,365.0,12.0,29.0,53.0,235.5,22.0,1.0,1.0,4.0,4.0,4.0,4.0,4.0,4.0,1.0,2.0,1.0
1182,02/07/2026,previous scrape,Britannia Beach cozy room - private entrance\bath,Linda,"Ottawa, Canada",f,t,Bay,Entire guest suite,Entire home/apt,0000-00-00,"""0000-00-00""",t,02/07/2026,02/07/2023,01/01/2026,11.0,3.0,11.0,3.0,2.0,45.0,-75.0,2.0,1.0,1.0,2.0,173.0,2246.0,173.0,2.0,31.0,0.0,0.0,0.0,0.0,12.0,1.0,2.0,4.0,4.0,4.0,4.0,4.0,4.0,0.0,2.0,1.0
1183,24/06/2026,city scrape,Private Room in Stittsville,Ritesh,"Ottawa, Canada",f,t,Rideau-Goulbourn,Private room in home,Private room,25/06/2026,26/06/2026,t,24/06/2026,06/08/2023,31/01/2026,3.0,1.0,2.0,11.0,4.0,45.0,-75.0,1.0,1.0,2.0,3.0,68.0,68.0,68.0,1.0,365.0,28.0,58.0,88.0,268.0,24.0,8.0,9.0,4.0,4.0,4.0,4.0,4.0,4.0,0.0,4.0,0.0
1184,24/06/2026,city scrape,Ottawa Airport Sweet Suite,Emérance,"Ottawa, Canada",f,t,Gloucester-South Nepean,Entire rental unit,Entire home/apt,24/06/2026,25/06/2026,t,24/06/2026,29/07/2023,19/06/2026,7.0,6.0,3.0,6.0,2.0,45.0,-75.0,2.0,1.0,2.0,1.0,103.0,1626.0,103.0,30.0,365.0,12.0,29.0,53.0,235.5,22.0,1.0,1.0,4.0,4.0,4.0,4.0,4.0,4.0,1.0,2.0,1.0
1185,24/06/2026,city scrape,Wellington West Inn,Alexander,"Ottawa, Canada",t,t,Kitchissippi,Entire home,Entire home/apt,01/07/2026,05/07/2026,t,24/06/2026,11/06/2023,09/06/2026,8.0,10.0,3.0,0.0,1.0,45.0,-75.0,4.0,1.0,2.0,1.0,262.0,1050.0,262.0,3.0,7.0,13.0,13.0,13.0,13.0,68.0,12.0,22.0,4.0,4.0,4.0,5.0,4.0,4.0,1.0,1.0,1.0
1186,24/06/2026,city scrape,"Architected Penthouse, Private Office, Parking",Marc,"Ottawa, Canada",f,t,Rideau-Vanier,Entire condo,Entire home/apt,21/10/2026,21/11/2026,t,24/06/2026,05/10/2024,09/01/2026,7.0,6.0,3.0,6.0,2.0,45.0,-75.0,2.0,1.0,2.0,1.0,103.0,1626.0,103.0,30.0,365.0,12.0,29.0,53.0,235.5,22.0,1.0,1.0,4.0,4.0,4.0,4.0,4.0,4.0,1.0,2.0,1.0
1187,24/06/2026,city scrape,"2-storey, 3 bedroom apartment",Adiba,"Ottawa, Canada",f,t,Beacon Hill-Cyrville,Entire condo,Entire home/apt,01/07/2026,31/07/2026,t,24/06/2026,01/09/2023,01/09/2023,7.0,6.0,3.0,6.0,2.0,45.0,-75.0,2.0,1.0,2.0,1.0,103.0,1626.0,103.0,30.0,365.0,12.0,29.0,53.0,235.5,22.0,1.0,1.0,4.0,4.0,4.0,4.0,4.0,4.0,1.0,2.0,1.0
1188,24/06/2026,city scrape,Private bedroom in Kanata near Tech Park,My,"Ottawa, Canada",t,t,Kanata South,Private room in home,Private room,01/01/2027,31/01/2027,t,24/06/2026,30/09/2023,31/01/2026,7.0,6.0,3.0,6.0,2.0,45.0,-75.0,2.0,1.0,2.0,1.0,103.0,1626.0,103.0,30.0,365.0,12.0,29.0,53.0,235.5,22.0,1.0,1.0,4.0,4.0,4.0,4.0,4.0,4.0,1.0,2.0,1.0
1189,02/07/2026,previous scrape,Spacious Room - Great Location!,Mehnaz,"Ottawa, Canada",f,t,Gloucester-Southgate,Private room in home,Private room,0000-00-00,"""0000-00-00""",t,02/07/2026,10,10,8.0,7.0,1.0,5.0,4.0,45.0,-75.0,1.0,1.0,2.0,2.0,173.0,2246.0,173.0,30.0,365.0,0.0,0.0,0.0,0.0,0.0,0.0,0.0,4.0,4.0,4.0,4.0,4.0,4.0,1.0,2.0,1.0
1190,02/07/2026,previous scrape,Britannia Beach | Fireplace | Ping Pong | Parking,Natalie,"Ottawa, Canada",f,t,Bay,Entire home,Entire home/apt,12/09/2026,12/10/2026,t,02/07/2026,05/07/2023,19/04/2026,7.0,6.0,3.0,6.0,2.0,45.0,-75.0,2.0,1.0,2.0,1.0,103.0,1626.0,103.0,30.0,365.0,12.0,29.0,53.0,235.5,22.0,1.0,1.0,4.0,4.0,4.0,4.0,4.0,4.0,1.0,2.0,1.0
1191,24/06/2026,city scrape,Hollywood Parade - Chic DT Home,Nadine,"Ottawa, Canada",f,t,Somerset,Entire home,Entire home/apt,01/09/2026,01/10/2026,t,24/06/2026,10,10,7.0,6.0,3.0,6.0,2.0,45.0,-75.0,2.0,1.0,2.0,1.0,103.0,1626.0,103.0,30.0,365.0,12.0,29.0,53.0,235.5,22.0,1.0,1.0,4.0,4.0,4.0,4.0,4.0,4.0,1.0,2.0,1.0
1192,02/07/2026,previous scrape,Modern 3BR Townhouse w/ King Bed + FREE Parking,Karl,"Ottawa, Canada",f,t,Innes,Entire home,Entire home/apt,0000-00-00,"""0000-00-00""",t,02/07/2026,06/06/2023,15/06/2025,9.0,8.0,8.0,10.0,1.0,45.0,-75.0,6.0,1.0,3.0,2.0,173.0,2246.0,173.0,2.0,28.0,0.0,0.0,0.0,0.0,96.0,0.0,25.0,4.0,4.0,4.0,4.0,4.0,4.0,2.0,1.0,1.0
1193,24/06/2026,city scrape,Central and Cozy 1 Bedroom Suite,Josh,"Ottawa, Canada",t,t,Rideau-Vanier,Entire rental unit,Entire home/apt,29/06/2026,02/07/2026,t,24/06/2026,01/09/2023,16/06/2026,7.0,6.0,3.0,6.0,2.0,45.0,-75.0,2.0,1.0,2.0,1.0,103.0,1626.0,103.0,30.0,365.0,12.0,29.0,53.0,235.5,22.0,1.0,1.0,4.0,4.0,4.0,4.0,4.0,4.0,1.0,2.0,1.0
1194,24/06/2026,city scrape,Luxury Modern Home in Ottawa!,Randy,"Ottawa, Canada",f,t,Gloucester-South Nepean,Entire home,Entire home/apt,27/08/2026,26/09/2026,t,24/06/2026,04/06/2023,21/01/2026,7.0,6.0,3.0,6.0,2.0,45.0,-75.0,2.0,1.0,2.0,1.0,103.0,1626.0,103.0,30.0,365.0,12.0,29.0,53.0,235.5,22.0,1.0,1.0,4.0,4.0,4.0,4.0,4.0,4.0,1.0,2.0,1.0
1195,24/06/2026,city scrape,Downtown Rideau River Suite,Martin,"Ottawa, Canada",f,t,Rideau-Vanier,Private room in guest suite,Private room,29/06/2026,01/07/2026,t,24/06/2026,08/06/2023,04/06/2026,8.0,2.0,3.0,0.0,1.0,45.0,-75.0,4.0,1.0,2.0,2.0,137.0,274.0,137.0,2.0,730.0,16.0,30.0,60.0,335.0,88.0,11.0,15.0,4.0,4.0,4.0,4.0,4.0,4.0,2.0,1.0,0.0
1196,24/06/2026,city scrape,Hot Tub Getaway,Exclusive BNB,"Ottawa, Canada",f,t,Bay,Entire rental unit,Entire home/apt,22/08/2026,22/09/2026,t,24/06/2026,10,10,7.0,6.0,3.0,6.0,2.0,45.0,-75.0,2.0,1.0,2.0,1.0,103.0,1626.0,103.0,30.0,365.0,12.0,29.0,53.0,235.5,22.0,1.0,1.0,4.0,4.0,4.0,4.0,4.0,4.0,1.0,2.0,1.0
1197,24/06/2026,city scrape,City Chic Apartment,Eloise,"Ottawa, Canada",f,t,Somerset,Private room in rental unit,Private room,25/06/2026,25/07/2026,t,24/06/2026,25/10/2023,25/10/2023,7.0,6.0,3.0,6.0,2.0,45.0,-75.0,2.0,1.0,2.0,1.0,103.0,1626.0,103.0,30.0,365.0,12.0,29.0,53.0,235.5,22.0,1.0,1.0,4.0,4.0,4.0,4.0,4.0,4.0,1.0,2.0,1.0
1198,02/07/2026,previous scrape,A private room in Ottawa,Kartavya,"Ottawa, Canada",f,t,Rideau-Goulbourn,Private room in home,Private room,0000-00-00,"""0000-00-00""",t,02/07/2026,10/06/2023,12/10/2024,7.0,2.0,3.0,1.0,2.0,45.0,-75.0,2.0,1.0,2.0,2.0,173.0,2246.0,173.0,1.0,30.0,0.0,0.0,0.0,0.0,82.0,0.0,0.0,4.0,4.0,4.0,4.0,4.0,4.0,2.0,2.0,0.0
1199,24/06/2026,city scrape,La Dolce Vita Studio Apartment w/ parking,Michela,"Ottawa, Canada",f,t,Somerset,Entire rental unit,Entire home/apt,19/09/2026,19/10/2026,t,24/06/2026,06/08/2023,04/04/2026,3.0,0.0,2.0,10.0,2.0,45.0,-75.0,2.0,1.0,1.0,1.0,80.0,2413.0,80.0,2.0,1125.0,1.0,2.0,5.0,195.0,116.0,17.0,36.0,4.0,4.0,4.0,4.0,4.0,4.0,3.0,1.0,1.0
1200,24/06/2026,city scrape,Fancy 4 persons with garage,Azizos,"Ottawa, Canada",f,t,Capital,Entire home,Entire home/apt,24/06/2026,24/07/2026,t,24/06/2026,29/10/2023,29/10/2023,7.0,6.0,3.0,6.0,2.0,45.0,-75.0,2.0,1.0,2.0,1.0,103.0,1626.0,103.0,30.0,365.0,12.0,29.0,53.0,235.5,22.0,1.0,1.0,4.0,4.0,4.0,4.0,4.0,4.0,1.0,2.0,1.0
1201,24/06/2026,city scrape,Cozy bedroom,John,"Ottawa, Canada",f,t,Barrhaven,Private room in home,Private room,24/06/2026,24/07/2026,t,24/06/2026,06/08/2023,06/08/2023,7.0,6.0,3.0,6.0,2.0,45.0,-75.0,2.0,1.0,2.0,1.0,103.0,1626.0,103.0,30.0,365.0,12.0,29.0,53.0,235.5,22.0,1.0,1.0,4.0,4.0,4.0,4.0,4.0,4.0,1.0,2.0,1.0
1202,24/06/2026,city scrape,Findlay Creek Cozy Townhome,Yanyou,"Ottawa, Canada",f,t,Gloucester-South Nepean,Entire home,Entire home/apt,15/11/2026,15/12/2026,t,24/06/2026,31/08/2023,28/02/2025,7.0,6.0,3.0,6.0,2.0,45.0,-75.0,2.0,1.0,2.0,1.0,103.0,1626.0,103.0,30.0,365.0,12.0,29.0,53.0,235.5,22.0,1.0,1.0,4.0,4.0,4.0,4.0,4.0,4.0,1.0,2.0,1.0
1203,24/06/2026,city scrape,The Stay Lounge - Deluxe Queen Room,The Stay,"Ottawa, Canada",f,t,Rideau-Goulbourn,Private room in home,Private room,25/06/2026,25/07/2026,t,24/06/2026,25/09/2023,28/04/2024,7.0,6.0,3.0,6.0,2.0,45.0,-75.0,2.0,1.0,2.0,1.0,103.0,1626.0,103.0,30.0,365.0,12.0,29.0,53.0,235.5,22.0,1.0,1.0,4.0,4.0,4.0,4.0,4.0,4.0,1.0,2.0,1.0
1204,24/06/2026,city scrape,The Stay Lounge - Standard Room,The Stay,"Ottawa, Canada",f,t,Rideau-Goulbourn,Private room in home,Private room,25/06/2026,25/07/2026,t,24/06/2026,10/06/2023,20/01/2024,7.0,6.0,3.0,6.0,2.0,45.0,-75.0,2.0,1.0,2.0,1.0,103.0,1626.0,103.0,30.0,365.0,12.0,29.0,53.0,235.5,22.0,1.0,1.0,4.0,4.0,4.0,4.0,4.0,4.0,1.0,2.0,1.0
1205,24/06/2026,city scrape,The Stay Lounge - Superior Room,The Stay,"Ottawa, Canada",f,t,Rideau-Goulbourn,Private room in home,Private room,25/06/2026,25/07/2026,t,24/06/2026,15/10/2023,22/06/2025,7.0,6.0,3.0,6.0,2.0,45.0,-75.0,2.0,1.0,2.0,1.0,103.0,1626.0,103.0,30.0,365.0,12.0,29.0,53.0,235.5,22.0,1.0,1.0,4.0,4.0,4.0,4.0,4.0,4.0,1.0,2.0,1.0
1206,24/06/2026,city scrape,Cozy 1BR Home w/ Rooftop,Khurshed,"Ottawa, Canada",t,t,Rideau-Rockcliffe,Entire home,Entire home/apt,06/07/2026,08/07/2026,t,24/06/2026,28/04/2025,08/05/2026,7.0,6.0,3.0,6.0,2.0,45.0,-75.0,2.0,1.0,2.0,1.0,103.0,1626.0,103.0,30.0,365.0,12.0,29.0,53.0,235.5,22.0,1.0,1.0,4.0,4.0,4.0,4.0,4.0,4.0,1.0,2.0,1.0
1207,24/06/2026,city scrape,Venice Suite - Work/Chill/Concerts in Ottawa West,Chubi,"Ottawa, Canada",t,f,Rideau-Goulbourn,Entire guest suite,Entire home/apt,04/07/2026,06/07/2026,t,24/06/2026,01/07/2023,25/05/2026,3.0,0.0,3.0,0.0,1.0,45.0,-75.0,2.0,1.0,1.0,3.0,139.0,279.0,139.0,2.0,1125.0,10.0,40.0,70.0,345.0,79.0,8.0,19.0,4.0,4.0,4.0,4.0,4.0,4.0,2.0,1.0,1.0
1208,02/07/2026,previous scrape,Cozy private apartment in trendy Hintonburg,Alexander,"Ottawa, Canada",t,t,Kitchissippi,Entire home,Entire home/apt,0000-00-00,"""0000-00-00""",t,02/07/2026,06/07/2023,01/01/2026,7.0,6.0,3.0,6.0,2.0,45.0,-75.0,2.0,1.0,2.0,1.0,103.0,1626.0,103.0,30.0,365.0,12.0,29.0,53.0,235.5,22.0,1.0,1.0,4.0,4.0,4.0,4.0,4.0,4.0,1.0,2.0,1.0
1209,24/06/2026,city scrape,Cozy Cabin - 30 minutes from Ottawa,Jane,"Ottawa, Canada",t,t,West Carleton-March,Entire home,Entire home/apt,01/12/2026,04/12/2026,t,24/06/2026,20/07/2023,06/10/2025,7.0,6.0,3.0,6.0,2.0,45.0,-75.0,2.0,1.0,2.0,1.0,103.0,1626.0,103.0,30.0,365.0,12.0,29.0,53.0,235.5,22.0,1.0,1.0,4.0,4.0,4.0,4.0,4.0,4.0,1.0,2.0,1.0
1210,02/07/2026,previous scrape,"Large Suite, king bed, kitchen and patio",Valérie,"Ottawa, Canada",f,t,Kitchissippi,Entire home,Entire home/apt,0000-00-00,"""0000-00-00""",t,02/07/2026,31/07/2023,13/03/2026,7.0,6.0,3.0,6.0,2.0,45.0,-75.0,2.0,1.0,2.0,1.0,103.0,1626.0,103.0,30.0,365.0,12.0,29.0,53.0,235.5,22.0,1.0,1.0,4.0,4.0,4.0,4.0,4.0,4.0,1.0,2.0,1.0
1211,02/07/2026,previous scrape,The Modern Shack: Kanata 4bedrooms 6 beds,Eddy,"Ottawa, Canada",t,t,Kanata North,Entire townhouse,Entire home/apt,0000-00-00,"""0000-00-00""",t,02/07/2026,28/08/2023,06/04/2025,7.0,6.0,3.0,6.0,2.0,45.0,-75.0,2.0,1.0,2.0,1.0,103.0,1626.0,103.0,30.0,365.0,12.0,29.0,53.0,235.5,22.0,1.0,1.0,4.0,4.0,4.0,4.0,4.0,4.0,1.0,2.0,1.0
1212,24/06/2026,city scrape,Beautiful and modern home,Abby,"Ottawa, Canada",f,t,Gloucester-Southgate,Entire home,Entire home/apt,24/06/2026,24/07/2026,t,24/06/2026,07/07/2023,15/07/2023,7.0,6.0,3.0,6.0,2.0,45.0,-75.0,2.0,1.0,2.0,1.0,103.0,1626.0,103.0,30.0,365.0,12.0,29.0,53.0,235.5,22.0,1.0,1.0,4.0,4.0,4.0,4.0,4.0,4.0,1.0,2.0,1.0
1213,24/06/2026,city scrape,Dreamy Country Retreat with Private Sauna,Sonam,"Ottawa, Canada",f,t,Osgoode,Private room in home,Private room,24/06/2026,24/07/2026,t,24/06/2026,10,10,7.0,6.0,3.0,6.0,2.0,45.0,-75.0,2.0,1.0,2.0,1.0,103.0,1626.0,103.0,30.0,365.0,12.0,29.0,53.0,235.5,22.0,1.0,1.0,4.0,4.0,4.0,4.0,4.0,4.0,1.0,2.0,1.0
1214,24/06/2026,city scrape,Bright bedroom airport,Rahul,"Ottawa, Canada",f,t,Gloucester-South Nepean,Private room in home,Private room,01/07/2026,02/07/2026,t,24/06/2026,01/07/2023,28/05/2026,7.0,10.0,4.0,5.0,1.0,45.0,-75.0,1.0,1.0,2.0,1.0,77.0,77.0,77.0,1.0,30.0,23.0,53.0,83.0,83.0,99.0,35.0,32.0,4.0,4.0,4.0,4.0,4.0,4.0,2.0,1.0,0.0
1215,24/06/2026,city scrape,The Pool House,Jennifer,"Ottawa, Canada",t,t,College,Entire rental unit,Entire home/apt,02/10/2026,01/11/2026,t,24/06/2026,01/12/2023,05/05/2026,7.0,6.0,3.0,6.0,2.0,45.0,-75.0,2.0,1.0,2.0,1.0,103.0,1626.0,103.0,30.0,365.0,12.0,29.0,53.0,235.5,22.0,1.0,1.0,4.0,4.0,4.0,4.0,4.0,4.0,1.0,2.0,1.0
1216,24/06/2026,city scrape,Room Steps to Ottawa University/Parliment,Frits,"Mexicali, Mexico",f,t,Rideau-Vanier,Private room in rental unit,Private room,25/06/2026,25/07/2026,t,24/06/2026,10,10,7.0,6.0,3.0,6.0,2.0,45.0,-75.0,2.0,1.0,2.0,1.0,103.0,1626.0,103.0,30.0,365.0,12.0,29.0,53.0,235.5,22.0,1.0,1.0,4.0,4.0,4.0,4.0,4.0,4.0,1.0,2.0,1.0
1217,24/06/2026,city scrape,"Beechwood Oasis Private Studio Apartment, King Bed",Sarah And Sy,"Ottawa, Canada",t,t,Rideau-Vanier,Entire rental unit,Entire home/apt,02/07/2026,03/07/2026,t,24/06/2026,28/06/2023,06/06/2026,7.0,6.0,3.0,6.0,2.0,45.0,-75.0,2.0,1.0,2.0,1.0,103.0,1626.0,103.0,30.0,365.0,12.0,29.0,53.0,235.5,22.0,1.0,1.0,4.0,4.0,4.0,4.0,4.0,4.0,1.0,2.0,1.0
1218,24/06/2026,city scrape,Newly Refreshed Cute 2 bedroom close to Downtown,P,"Ottawa, Canada",f,t,Rideau-Vanier,Entire rental unit,Entire home/apt,07/07/2026,09/07/2026,t,24/06/2026,30/07/2023,05/06/2026,7.0,6.0,3.0,6.0,2.0,45.0,-75.0,2.0,1.0,2.0,1.0,103.0,1626.0,103.0,30.0,365.0,12.0,29.0,53.0,235.5,22.0,1.0,1.0,4.0,4.0,4.0,4.0,4.0,4.0,1.0,2.0,1.0
1219,24/06/2026,city scrape,Room Across Uottawa Steps To Rideau/ByWard Market,Frits,"Mexicali, Mexico",f,t,Rideau-Vanier,Private room in rental unit,Private room,24/06/2026,24/07/2026,t,24/06/2026,10,10,7.0,6.0,3.0,6.0,2.0,45.0,-75.0,2.0,1.0,2.0,1.0,103.0,1626.0,103.0,30.0,365.0,12.0,29.0,53.0,235.5,22.0,1.0,1.0,4.0,4.0,4.0,4.0,4.0,4.0,1.0,2.0,1.0
1220,24/06/2026,city scrape,Private bedroom in Kanata near Tech Park,My,"Ottawa, Canada",t,t,Kanata South,Private room in home,Private room,29/08/2026,28/09/2026,t,24/06/2026,22/12/2024,26/04/2026,7.0,6.0,3.0,6.0,2.0,45.0,-75.0,2.0,1.0,2.0,1.0,103.0,1626.0,103.0,30.0,365.0,12.0,29.0,53.0,235.5,22.0,1.0,1.0,4.0,4.0,4.0,4.0,4.0,4.0,1.0,2.0,1.0
1221,24/06/2026,city scrape,Downtown Oasis: Newly Renovated 3-Bedroom House,Cassandra,"Ottawa, Canada",f,t,Rideau-Rockcliffe,Entire home,Entire home/apt,31/08/2026,30/09/2026,t,24/06/2026,22/09/2023,28/02/2026,7.0,6.0,3.0,6.0,2.0,45.0,-75.0,2.0,1.0,2.0,1.0,103.0,1626.0,103.0,30.0,365.0,12.0,29.0,53.0,235.5,22.0,1.0,1.0,4.0,4.0,4.0,4.0,4.0,4.0,1.0,2.0,1.0
1222,24/06/2026,city scrape,1 Room in stittsville,Ritesh,"Ottawa, Canada",f,t,Rideau-Goulbourn,Private room in home,Private room,27/06/2026,28/06/2026,t,24/06/2026,02/07/2023,01/11/2025,3.0,1.0,2.0,11.0,4.0,45.0,-75.0,2.0,1.0,1.0,1.0,68.0,68.0,68.0,1.0,365.0,27.0,57.0,86.0,266.0,7.0,2.0,3.0,4.0,4.0,5.0,5.0,4.0,4.0,0.0,4.0,0.0
1223,24/06/2026,city scrape,Room in Stittsville,Ritesh,"Ottawa, Canada",f,t,Rideau-Goulbourn,Private room in home,Private room,28/06/2026,29/06/2026,t,24/06/2026,05/08/2023,31/10/2025,3.0,1.0,2.0,11.0,4.0,45.0,-75.0,2.0,1.0,1.0,1.0,79.0,79.0,79.0,1.0,365.0,26.0,56.0,86.0,266.0,21.0,3.0,3.0,4.0,4.0,4.0,4.0,4.0,4.0,0.0,4.0,0.0
1224,24/06/2026,city scrape,Britannia Beach House - Perfect 4 Long Term Stays,Natalie,"Ottawa, Canada",f,t,Bay,Entire home,Entire home/apt,31/10/2026,30/11/2026,t,24/06/2026,09/07/2023,07/07/2024,7.0,6.0,3.0,6.0,2.0,45.0,-75.0,2.0,1.0,2.0,1.0,103.0,1626.0,103.0,30.0,365.0,12.0,29.0,53.0,235.5,22.0,1.0,1.0,4.0,4.0,4.0,4.0,4.0,4.0,1.0,2.0,1.0
1225,24/06/2026,city scrape,"Modern 1BR - King Bed, Near DTN",Geo,"Ottawa, Canada",t,t,Alta Vista,Entire rental unit,Entire home/apt,13/07/2026,16/07/2026,t,24/06/2026,10/04/2024,14/06/2026,7.0,6.0,3.0,6.0,2.0,45.0,-75.0,2.0,1.0,2.0,1.0,103.0,1626.0,103.0,30.0,365.0,12.0,29.0,53.0,235.5,22.0,1.0,1.0,4.0,4.0,4.0,4.0,4.0,4.0,1.0,2.0,1.0
1226,24/06/2026,city scrape,"Big, clean room in a great area!",Amin,"Ottawa, Canada",f,t,Gloucester-Southgate,Private room in home,Private room,11/07/2026,12/07/2026,t,24/06/2026,25/08/2023,08/06/2026,7.0,6.0,3.0,6.0,2.0,45.0,-75.0,2.0,1.0,2.0,1.0,103.0,1626.0,103.0,30.0,365.0,12.0,29.0,53.0,235.5,22.0,1.0,1.0,4.0,4.0,4.0,4.0,4.0,4.0,1.0,2.0,1.0
1227,24/06/2026,city scrape,Clean and big room in great area,Amin,"Ottawa, Canada",f,t,Gloucester-Southgate,Private room in home,Private room,24/06/2026,25/06/2026,t,24/06/2026,31/07/2023,31/05/2026,7.0,6.0,3.0,6.0,2.0,45.0,-75.0,2.0,1.0,2.0,1.0,103.0,1626.0,103.0,30.0,365.0,12.0,29.0,53.0,235.5,22.0,1.0,1.0,4.0,4.0,4.0,4.0,4.0,4.0,1.0,2.0,1.0
1228,24/06/2026,city scrape,Modern Comfort | Prime Area + King Bed + Parking,Kevin,"Toronto, Canada",t,t,Kitchissippi,Entire home,Entire home/apt,02/07/2026,04/07/2026,t,24/06/2026,08/09/2023,10/06/2026,7.0,6.0,3.0,6.0,2.0,45.0,-75.0,2.0,1.0,2.0,1.0,103.0,1626.0,103.0,30.0,365.0,12.0,29.0,53.0,235.5,22.0,1.0,1.0,4.0,4.0,4.0,4.0,4.0,4.0,1.0,2.0,1.0
1229,24/06/2026,city scrape,New renovated room in great area,Amin,"Ottawa, Canada",f,t,Gloucester-Southgate,Private room in home,Private room,24/06/2026,25/06/2026,t,24/06/2026,04/10/2023,08/06/2026,7.0,6.0,3.0,6.0,2.0,45.0,-75.0,2.0,1.0,2.0,1.0,103.0,1626.0,103.0,30.0,365.0,12.0,29.0,53.0,235.5,22.0,1.0,1.0,4.0,4.0,4.0,4.0,4.0,4.0,1.0,2.0,1.0
1230,24/06/2026,city scrape,"KING bed, Free Parking, Central Location & Cozy",Jonell,"Ottawa, Canada",f,t,Kitchissippi,Entire home,Entire home/apt,29/06/2026,01/07/2026,t,24/06/2026,30/09/2023,05/06/2026,7.0,6.0,3.0,6.0,2.0,45.0,-75.0,2.0,1.0,2.0,1.0,103.0,1626.0,103.0,30.0,365.0,12.0,29.0,53.0,235.5,22.0,1.0,1.0,4.0,4.0,4.0,4.0,4.0,4.0,1.0,2.0,1.0
1231,02/07/2026,previous scrape,Beautiful entire basement studio with Netflix,Godwin,"Ottawa, Canada",f,t,Rideau-Goulbourn,Entire home,Entire home/apt,02/07/2026,03/07/2026,t,02/07/2026,09/07/2023,02/04/2026,4.0,6.0,4.0,6.0,1.0,45.0,-75.0,4.0,1.0,2.0,2.0,197.0,197.0,197.0,1.0,365.0,4.0,34.0,64.0,154.0,42.0,9.0,6.0,4.0,4.0,4.0,4.0,4.0,4.0,1.0,1.0,1.0
1232,24/06/2026,city scrape,Cozy room in a peaceful neighborhood,Vabna,"Ottawa, Canada",f,t,Cumberland,Private room in home,Private room,26/06/2026,27/06/2026,t,24/06/2026,05/07/2023,13/06/2026,7.0,6.0,3.0,6.0,2.0,45.0,-75.0,2.0,1.0,2.0,1.0,103.0,1626.0,103.0,30.0,365.0,12.0,29.0,53.0,235.5,22.0,1.0,1.0,4.0,4.0,4.0,4.0,4.0,4.0,1.0,2.0,1.0
1233,24/06/2026,city scrape,Room1,Lara,"Ottawa, Canada",t,f,Knoxdale-Merivale,Private room in bungalow,Private room,25/06/2026,25/07/2026,t,24/06/2026,16/01/2024,04/01/2026,7.0,6.0,3.0,6.0,2.0,45.0,-75.0,2.0,1.0,2.0,1.0,103.0,1626.0,103.0,30.0,365.0,12.0,29.0,53.0,235.5,22.0,1.0,1.0,4.0,4.0,4.0,4.0,4.0,4.0,1.0,2.0,1.0
1234,24/06/2026,city scrape,Condo at the heart of ottawa,Fatoumata,"Ottawa, Canada",f,t,Rideau-Vanier,Entire rental unit,Entire home/apt,28/09/2026,28/10/2026,t,24/06/2026,10,10,2.0,11.0,0.0,1.0,1.0,45.0,-75.0,2.0,1.0,1.0,1.0,88.0,2655.0,88.0,30.0,365.0,0.0,0.0,0.0,269.0,0.0,0.0,0.0,4.0,4.0,4.0,4.0,4.0,4.0,1.0,1.0,1.0
1235,02/07/2026,previous scrape,Spacious Central Oasis,Andy,"Ottawa, Canada",f,t,Somerset,Entire home,Entire home/apt,0000-00-00,"""0000-00-00""",t,02/07/2026,10,10,7.0,6.0,3.0,6.0,2.0,45.0,-75.0,2.0,1.0,2.0,1.0,103.0,1626.0,103.0,30.0,365.0,12.0,29.0,53.0,235.5,22.0,1.0,1.0,4.0,4.0,4.0,4.0,4.0,4.0,1.0,2.0,1.0
1236,24/06/2026,city scrape,Luxurious Private Master & 4-Piece Ensuite,Amr,"Ottawa, Canada",f,t,Gloucester-South Nepean,Private room in home,Private room,26/06/2026,26/07/2026,t,24/06/2026,10,10,9.0,6.0,2.0,10.0,3.0,45.0,-75.0,1.0,1.0,2.0,1.0,51.0,1530.0,51.0,30.0,365.0,28.0,58.0,88.0,268.0,0.0,0.0,0.0,4.0,4.0,4.0,4.0,4.0,4.0,1.0,3.0,0.0
1237,24/06/2026,city scrape,"Centretown Studio, Steps to Bank Street",Short And Suite BnB,"Ottawa, Canada",t,t,Somerset,Entire rental unit,Entire home/apt,29/08/2026,28/09/2026,t,24/06/2026,23/07/2023,31/05/2026,7.0,6.0,3.0,6.0,2.0,45.0,-75.0,2.0,1.0,2.0,1.0,103.0,1626.0,103.0,30.0,365.0,12.0,29.0,53.0,235.5,22.0,1.0,1.0,4.0,4.0,4.0,4.0,4.0,4.0,1.0,2.0,1.0
1238,24/06/2026,city scrape,Cozy bedroom 10 mins to Hwy 417,Grace,"Ottawa, Canada",f,t,Kanata South,Private room in home,Private room,25/06/2026,25/07/2026,t,24/06/2026,05/12/2024,23/02/2025,7.0,6.0,3.0,6.0,2.0,45.0,-75.0,2.0,1.0,2.0,1.0,103.0,1626.0,103.0,30.0,365.0,12.0,29.0,53.0,235.5,22.0,1.0,1.0,4.0,4.0,4.0,4.0,4.0,4.0,1.0,2.0,1.0
1239,24/06/2026,city scrape,newly renovated cozy apartment,Israa,"Ottawa, Canada",f,t,Rideau-Rockcliffe,Private room in rental unit,Private room,25/06/2026,25/07/2026,t,24/06/2026,10,10,7.0,0.0,2.0,11.0,1.0,45.0,-75.0,1.0,1.0,2.0,1.0,75.0,2257.0,75.0,30.0,365.0,29.0,59.0,89.0,364.0,0.0,0.0,0.0,4.0,4.0,4.0,4.0,4.0,4.0,1.0,1.0,0.0
1240,24/06/2026,city scrape,The Golden Wave Downtown Ottawa,Ash,"Ottawa, Canada",f,t,Somerset,Entire home,Entire home/apt,24/08/2026,23/09/2026,t,24/06/2026,23/08/2023,25/05/2026,7.0,6.0,3.0,6.0,2.0,45.0,-75.0,2.0,1.0,2.0,1.0,103.0,1626.0,103.0,30.0,365.0,12.0,29.0,53.0,235.5,22.0,1.0,1.0,4.0,4.0,4.0,4.0,4.0,4.0,1.0,2.0,1.0
1241,02/07/2026,previous scrape,Essentially Whitehaven 2,Quinn,"Ottawa, Canada",t,t,Bay,Private room in home,Private room,0000-00-00,"""0000-00-00""",t,02/07/2026,31/05/2025,08/01/2026,7.0,6.0,3.0,6.0,2.0,45.0,-75.0,2.0,1.0,2.0,1.0,103.0,1626.0,103.0,30.0,365.0,12.0,29.0,53.0,235.5,22.0,1.0,1.0,4.0,4.0,4.0,4.0,4.0,4.0,1.0,2.0,1.0
1242,24/06/2026,city scrape,Essentially Whitehaven,Quinn,"Ottawa, Canada",t,t,Bay,Private room in home,Private room,12/08/2026,15/08/2026,t,24/06/2026,06/08/2023,31/05/2026,7.0,6.0,3.0,6.0,2.0,45.0,-75.0,2.0,1.0,2.0,1.0,103.0,1626.0,103.0,30.0,365.0,12.0,29.0,53.0,235.5,22.0,1.0,1.0,4.0,4.0,4.0,4.0,4.0,4.0,1.0,2.0,1.0
1243,02/07/2026,previous scrape,"Escape in Little Italy, Ottawa",Rayyan,"Ottawa, Canada",f,t,Somerset,Entire rental unit,Entire home/apt,07/07/2026,12/07/2026,t,02/07/2026,25/04/2024,21/06/2026,3.0,7.0,2.0,2.0,1.0,45.0,-75.0,6.0,1.0,2.0,2.0,230.0,1152.0,230.0,1.0,1125.0,18.0,23.0,53.0,309.0,48.0,9.0,11.0,4.0,4.0,4.0,4.0,4.0,4.0,1.0,2.0,2.0
1244,24/06/2026,city scrape,Beautiful and modern home,Abby,"Ottawa, Canada",f,t,Gloucester-Southgate,Entire home,Entire home/apt,24/06/2026,24/07/2026,t,24/06/2026,23/07/2023,23/07/2023,7.0,6.0,3.0,6.0,2.0,45.0,-75.0,2.0,1.0,2.0,1.0,103.0,1626.0,103.0,30.0,365.0,12.0,29.0,53.0,235.5,22.0,1.0,1.0,4.0,4.0,4.0,4.0,4.0,4.0,1.0,2.0,1.0
1245,24/06/2026,city scrape,Elegant single home,Abby,"Ottawa, Canada",f,t,Gloucester-Southgate,Entire home,Entire home/apt,25/06/2026,25/07/2026,t,24/06/2026,10,10,7.0,6.0,3.0,6.0,2.0,45.0,-75.0,2.0,1.0,2.0,1.0,103.0,1626.0,103.0,30.0,365.0,12.0,29.0,53.0,235.5,22.0,1.0,1.0,4.0,4.0,4.0,4.0,4.0,4.0,1.0,2.0,1.0
1246,24/06/2026,city scrape,"*New*Clean, Luxe home with bed. 22 mins to DL",Jennifer,"Ottawa, Canada",t,t,Barrhaven,Private room in home,Private room,07/08/2026,06/09/2026,t,24/06/2026,25/12/2023,07/06/2026,7.0,6.0,3.0,6.0,2.0,45.0,-75.0,2.0,1.0,2.0,1.0,103.0,1626.0,103.0,30.0,365.0,12.0,29.0,53.0,235.5,22.0,1.0,1.0,4.0,4.0,4.0,4.0,4.0,4.0,1.0,2.0,1.0
1247,24/06/2026,city scrape,"Modern, spacious 1 bedroom unit.",Sheila,"Ottawa, Canada",f,t,Rideau-Rockcliffe,Private room in home,Private room,16/08/2026,15/09/2026,t,24/06/2026,28/09/2023,21/09/2025,10.0,10.0,2.0,10.0,1.0,45.0,-75.0,2.0,1.0,2.0,1.0,72.0,2185.0,72.0,30.0,150.0,0.0,7.0,37.0,160.0,10.0,1.0,3.0,4.0,4.0,5.0,4.0,4.0,4.0,0.0,1.0,0.0
1248,02/07/2026,previous scrape,Carolyn's Cozy Retreat,Carolyn,"Ottawa, Canada",t,t,Alta Vista,Entire guest suite,Entire home/apt,0000-00-00,"""0000-00-00""",t,02/07/2026,20/09/2023,29/06/2026,3.0,2.0,2.0,9.0,1.0,45.0,-75.0,2.0,1.0,1.0,2.0,173.0,2246.0,173.0,4.0,28.0,4.0,4.0,4.0,4.0,65.0,27.0,20.0,4.0,4.0,4.0,4.0,4.0,4.0,1.0,1.0,1.0
1249,24/06/2026,city scrape,Beautiful new 3 Beds Townhouse in Kanata,Shaba,"Ottawa, Canada",t,t,Stittsville-Kanata West,Entire home,Entire home/apt,25/10/2026,24/11/2026,t,24/06/2026,02/09/2023,15/06/2026,7.0,6.0,3.0,6.0,2.0,45.0,-75.0,2.0,1.0,2.0,1.0,103.0,1626.0,103.0,30.0,365.0,12.0,29.0,53.0,235.5,22.0,1.0,1.0,4.0,4.0,4.0,4.0,4.0,4.0,1.0,2.0,1.0
1250,24/06/2026,city scrape,NRC 2C: Room near college & NRC,Paul,"Ottawa, Canada",f,t,Beacon Hill-Cyrville,Private room in home,Private room,25/06/2026,25/07/2026,t,24/06/2026,29/04/2026,29/04/2026,7.0,6.0,3.0,6.0,2.0,45.0,-75.0,2.0,1.0,2.0,1.0,103.0,1626.0,103.0,30.0,365.0,12.0,29.0,53.0,235.5,22.0,1.0,1.0,4.0,4.0,4.0,4.0,4.0,4.0,1.0,2.0,1.0
1251,24/06/2026,city scrape,Hidden Haven Private Studio Apartment w/ King Bed,Sarah And Sy,"Ottawa, Canada",t,t,Rideau-Vanier,Entire rental unit,Entire home/apt,16/09/2026,16/10/2026,t,24/06/2026,01/09/2023,13/12/2025,3.0,0.0,3.0,0.0,6.0,45.0,-75.0,2.0,1.0,2.0,1.0,72.0,2172.0,72.0,30.0,365.0,0.0,2.0,8.0,283.0,12.0,2.0,4.0,4.0,4.0,5.0,5.0,4.0,4.0,0.0,5.0,5.0
1252,24/06/2026,city scrape,Spacious Basement Suite,Jacob,"Ottawa, Canada",t,t,Barrhaven,Entire home,Entire home/apt,05/08/2026,08/08/2026,t,24/06/2026,08/08/2023,21/06/2026,7.0,11.0,4.0,9.0,1.0,45.0,-75.0,4.0,1.0,3.0,2.0,182.0,548.0,182.0,2.0,30.0,3.0,20.0,41.0,131.0,32.0,8.0,12.0,4.0,4.0,4.0,4.0,4.0,4.0,0.0,1.0,1.0
1253,02/07/2026,previous scrape,"Walk out full, private entrance",Elham,"Ottawa, Canada",f,t,Stittsville-Kanata West,Entire guest suite,Entire home/apt,0000-00-00,"""0000-00-00""",t,02/07/2026,15/10/2023,22/04/2024,7.0,6.0,3.0,6.0,2.0,45.0,-75.0,2.0,1.0,2.0,1.0,103.0,1626.0,103.0,30.0,365.0,12.0,29.0,53.0,235.5,22.0,1.0,1.0,4.0,4.0,4.0,4.0,4.0,4.0,1.0,2.0,1.0
1254,24/06/2026,city scrape,NoCleanFee!Rm/KingBed+Desk&Prkng,Gill,"Ottawa, Canada",f,t,Stittsville-Kanata West,Private room in home,Private room,26/06/2026,27/06/2026,t,24/06/2026,05/08/2023,31/08/2024,7.0,6.0,3.0,6.0,2.0,45.0,-75.0,2.0,1.0,2.0,1.0,103.0,1626.0,103.0,30.0,365.0,12.0,29.0,53.0,235.5,22.0,1.0,1.0,4.0,4.0,4.0,4.0,4.0,4.0,1.0,2.0,1.0
1255,02/07/2026,previous scrape,Cozy room with private entrance,Salman,"Ottawa, Canada",f,t,Knoxdale-Merivale,Private room in home,Private room,0000-00-00,"""0000-00-00""",t,02/07/2026,13/08/2023,04/10/2024,11.0,7.0,3.0,8.0,9.0,45.0,-75.0,2.0,1.0,2.0,2.0,173.0,2246.0,173.0,1.0,365.0,0.0,0.0,0.0,0.0,20.0,0.0,0.0,4.0,4.0,4.0,4.0,4.0,4.0,0.0,7.0,0.0
1256,24/06/2026,city scrape,Studio 924,Mintcho,"Ottawa, Canada",t,t,River,Entire rental unit,Entire home/apt,28/06/2026,29/06/2026,t,24/06/2026,28/04/2024,14/06/2026,7.0,6.0,3.0,6.0,2.0,45.0,-75.0,2.0,1.0,2.0,1.0,103.0,1626.0,103.0,30.0,365.0,12.0,29.0,53.0,235.5,22.0,1.0,1.0,4.0,4.0,4.0,4.0,4.0,4.0,1.0,2.0,1.0
1257,24/06/2026,city scrape,Beautiful Home in Manotick 5BR 4BATH,Andy,"Ottawa, Canada",f,t,Gloucester-South Nepean,Entire home,Entire home/apt,01/07/2026,31/07/2026,t,24/06/2026,17/09/2023,01/01/2026,7.0,6.0,3.0,6.0,2.0,45.0,-75.0,2.0,1.0,2.0,1.0,103.0,1626.0,103.0,30.0,365.0,12.0,29.0,53.0,235.5,22.0,1.0,1.0,4.0,4.0,4.0,4.0,4.0,4.0,1.0,2.0,1.0
1258,24/06/2026,city scrape,Quiet & cozy bedroom (#1) near downtown w parking,Simran,"Ottawa, Canada",t,t,Rideau-Rockcliffe,Private room in home,Private room,27/06/2026,28/06/2026,t,24/06/2026,12/06/2024,21/06/2026,7.0,6.0,3.0,6.0,2.0,45.0,-75.0,2.0,1.0,2.0,1.0,103.0,1626.0,103.0,30.0,365.0,12.0,29.0,53.0,235.5,22.0,1.0,1.0,4.0,4.0,4.0,4.0,4.0,4.0,1.0,2.0,1.0
1259,24/06/2026,city scrape,Room in A Home Away From Home,Lena,"Ottawa, Canada",f,t,Knoxdale-Merivale,Private room in home,Private room,01/07/2026,31/07/2026,t,24/06/2026,10,10,7.0,6.0,3.0,6.0,2.0,45.0,-75.0,2.0,1.0,2.0,1.0,103.0,1626.0,103.0,30.0,365.0,12.0,29.0,53.0,235.5,22.0,1.0,1.0,4.0,4.0,4.0,4.0,4.0,4.0,1.0,2.0,1.0
1260,24/06/2026,city scrape,Cozy Bedroom in Urban Townhouse w/ Parking,Jenny,Canada,f,t,Rideau-Rockcliffe,Private room in townhouse,Private room,29/06/2026,30/06/2026,t,24/06/2026,05/08/2023,25/05/2026,8.0,0.0,3.0,11.0,2.0,45.0,-75.0,2.0,1.0,2.0,1.0,112.0,112.0,112.0,1.0,365.0,9.0,29.0,32.0,211.0,54.0,18.0,19.0,4.0,4.0,4.0,4.0,4.0,4.0,1.0,2.0,0.0
1261,24/06/2026,city scrape,4 Bedroom Luxury Barrhaven House,Daulton,"Toronto, Canada",f,t,Barrhaven,Entire home,Entire home/apt,24/06/2026,24/07/2026,t,24/06/2026,16/09/2023,23/10/2023,7.0,6.0,3.0,6.0,2.0,45.0,-75.0,2.0,1.0,2.0,1.0,103.0,1626.0,103.0,30.0,365.0,12.0,29.0,53.0,235.5,22.0,1.0,1.0,4.0,4.0,4.0,4.0,4.0,4.0,1.0,2.0,1.0
1262,24/06/2026,city scrape,Rooms in Stittsville,Ritesh,"Ottawa, Canada",f,t,Rideau-Goulbourn,Private room in home,Private room,25/06/2026,26/06/2026,t,24/06/2026,10,10,7.0,6.0,3.0,6.0,2.0,45.0,-75.0,2.0,1.0,2.0,1.0,103.0,1626.0,103.0,30.0,365.0,12.0,29.0,53.0,235.5,22.0,1.0,1.0,4.0,4.0,4.0,4.0,4.0,4.0,1.0,2.0,1.0
1263,24/06/2026,city scrape,New 4 Bedroom Luxury Smart Home and Gym,John,"Ottawa, Canada",t,t,Barrhaven,Entire home,Entire home/apt,02/07/2026,03/07/2026,t,24/06/2026,09/10/2023,21/06/2026,7.0,6.0,3.0,6.0,2.0,45.0,-75.0,2.0,1.0,2.0,1.0,103.0,1626.0,103.0,30.0,365.0,12.0,29.0,53.0,235.5,22.0,1.0,1.0,4.0,4.0,4.0,4.0,4.0,4.0,1.0,2.0,1.0
1264,02/07/2026,previous scrape,Lovely 4-Bedroom Ottawa,Nancy,"Ottawa, Canada",f,t,Rideau-Vanier,Entire rental unit,Entire home/apt,0000-00-00,"""0000-00-00""",t,02/07/2026,07/08/2023,29/12/2023,7.0,6.0,3.0,6.0,2.0,45.0,-75.0,2.0,1.0,2.0,1.0,103.0,1626.0,103.0,30.0,365.0,12.0,29.0,53.0,235.5,22.0,1.0,1.0,4.0,4.0,4.0,4.0,4.0,4.0,1.0,2.0,1.0
1265,24/06/2026,city scrape,Homey 2 bedroom cottage!,Vick,"Ottawa, Canada",f,t,West Carleton-March,Entire cabin,Entire home/apt,25/06/2026,28/06/2026,t,24/06/2026,10,10,7.0,6.0,3.0,6.0,2.0,45.0,-75.0,2.0,1.0,2.0,1.0,103.0,1626.0,103.0,30.0,365.0,12.0,29.0,53.0,235.5,22.0,1.0,1.0,4.0,4.0,4.0,4.0,4.0,4.0,1.0,2.0,1.0
1266,24/06/2026,city scrape,Two bedroom ensuite,Preet,"Ottawa, Canada",f,t,Osgoode,Private room in home,Private room,24/06/2026,25/06/2026,t,24/06/2026,20/08/2023,13/06/2026,7.0,6.0,3.0,6.0,2.0,45.0,-75.0,2.0,1.0,2.0,1.0,103.0,1626.0,103.0,30.0,365.0,12.0,29.0,53.0,235.5,22.0,1.0,1.0,4.0,4.0,4.0,4.0,4.0,4.0,1.0,2.0,1.0
1267,02/07/2026,previous scrape,"Movie Haven: 3 rooms, 4 beds",Eddy,"Ottawa, Canada",t,t,Barrhaven,Entire townhouse,Entire home/apt,0000-00-00,"""0000-00-00""",t,02/07/2026,22/09/2023,06/11/2025,7.0,6.0,3.0,6.0,2.0,45.0,-75.0,2.0,1.0,2.0,1.0,103.0,1626.0,103.0,30.0,365.0,12.0,29.0,53.0,235.5,22.0,1.0,1.0,4.0,4.0,4.0,4.0,4.0,4.0,1.0,2.0,1.0
1268,24/06/2026,city scrape,NRC 2B: Quiet room near Blair,Paul,"Ottawa, Canada",f,t,Rideau-Rockcliffe,Private room in home,Private room,29/08/2026,29/09/2026,t,24/06/2026,28/08/2025,29/04/2026,7.0,6.0,3.0,6.0,2.0,45.0,-75.0,2.0,1.0,2.0,1.0,103.0,1626.0,103.0,30.0,365.0,12.0,29.0,53.0,235.5,22.0,1.0,1.0,4.0,4.0,4.0,4.0,4.0,4.0,1.0,2.0,1.0
1269,24/06/2026,city scrape,Modern apartment on Rideau River near Ottawa,Jim,"Ottawa, Canada",f,t,Osgoode,Entire rental unit,Entire home/apt,26/06/2026,26/07/2026,t,24/06/2026,21/07/2024,21/07/2024,7.0,6.0,3.0,6.0,2.0,45.0,-75.0,2.0,1.0,2.0,1.0,103.0,1626.0,103.0,30.0,365.0,12.0,29.0,53.0,235.5,22.0,1.0,1.0,4.0,4.0,4.0,4.0,4.0,4.0,1.0,2.0,1.0
1270,24/06/2026,city scrape,Tranquil Nest By The Airport,Etin,"Ottawa, Canada",t,t,Gloucester-Southgate,Entire home,Entire home/apt,08/08/2026,09/08/2026,t,24/06/2026,07/08/2023,02/09/2025,7.0,6.0,3.0,6.0,2.0,45.0,-75.0,2.0,1.0,2.0,1.0,103.0,1626.0,103.0,30.0,365.0,12.0,29.0,53.0,235.5,22.0,1.0,1.0,4.0,4.0,4.0,4.0,4.0,4.0,1.0,2.0,1.0
1271,24/06/2026,city scrape,Private 3 Bedrooms Downtown w Balcony,Shu-Yu,"Ottawa, Canada",t,t,Somerset,Entire home,Entire home/apt,18/08/2026,17/09/2026,t,24/06/2026,01/07/2025,09/06/2026,7.0,6.0,3.0,6.0,2.0,45.0,-75.0,2.0,1.0,2.0,1.0,103.0,1626.0,103.0,30.0,365.0,12.0,29.0,53.0,235.5,22.0,1.0,1.0,4.0,4.0,4.0,4.0,4.0,4.0,1.0,2.0,1.0
1272,24/06/2026,city scrape,Luxury Private Room,Wagdy,"Ottawa, Canada",f,t,Gloucester-South Nepean,Private room in rental unit,Private room,25/06/2026,25/07/2026,t,24/06/2026,10,10,9.0,7.0,2.0,10.0,1.0,45.0,-75.0,2.0,1.0,2.0,1.0,88.0,2665.0,88.0,30.0,60.0,29.0,59.0,89.0,89.0,0.0,0.0,0.0,4.0,4.0,4.0,4.0,4.0,4.0,1.0,1.0,0.0
1273,24/06/2026,city scrape,Cozy yet spacious home! 15 mins from DT Ottawa,Alexandra,"Ottawa, Canada",f,t,Innes,Entire home,Entire home/apt,10/01/2027,09/02/2027,t,24/06/2026,10,10,7.0,6.0,3.0,6.0,2.0,45.0,-75.0,2.0,1.0,2.0,1.0,103.0,1626.0,103.0,30.0,365.0,12.0,29.0,53.0,235.5,22.0,1.0,1.0,4.0,4.0,4.0,4.0,4.0,4.0,1.0,2.0,1.0
1274,24/06/2026,city scrape,1BR Apt w Sleeper Sofa | Downtown | Parking incl,Modern,"Ottawa, Canada",f,t,Rideau-Vanier,Entire rental unit,Entire home/apt,24/06/2026,25/06/2026,t,24/06/2026,08/05/2024,08/06/2026,7.0,6.0,3.0,6.0,2.0,45.0,-75.0,2.0,1.0,2.0,1.0,103.0,1626.0,103.0,30.0,365.0,12.0,29.0,53.0,235.5,22.0,1.0,1.0,4.0,4.0,4.0,4.0,4.0,4.0,1.0,2.0,1.0
1275,24/06/2026,city scrape,Beautiful Airbnb 5 Minutes from Ottawa Airport,Joshua,"Ottawa, Canada",f,t,River,Entire home,Entire home/apt,30/06/2026,02/07/2026,t,24/06/2026,17/09/2023,22/06/2026,7.0,6.0,3.0,6.0,2.0,45.0,-75.0,2.0,1.0,2.0,1.0,103.0,1626.0,103.0,30.0,365.0,12.0,29.0,53.0,235.5,22.0,1.0,1.0,4.0,4.0,4.0,4.0,4.0,4.0,1.0,2.0,1.0
1276,24/06/2026,city scrape,LakeHouse8MinFrom Airport  4Bed4BathHtubSaunaGym,Todd,"Ottawa, Canada",f,t,Osgoode,Entire home,Entire home/apt,25/06/2026,25/07/2026,t,24/06/2026,19/10/2024,19/08/2025,7.0,6.0,3.0,6.0,2.0,45.0,-75.0,2.0,1.0,2.0,1.0,103.0,1626.0,103.0,30.0,365.0,12.0,29.0,53.0,235.5,22.0,1.0,1.0,4.0,4.0,4.0,4.0,4.0,4.0,1.0,2.0,1.0
1277,24/06/2026,city scrape,TN Homes,Nathaniel,"Ottawa, Canada",t,t,Rideau-Goulbourn,Entire home,Entire home/apt,24/06/2026,25/06/2026,t,24/06/2026,13/09/2023,08/06/2026,7.0,6.0,3.0,6.0,2.0,45.0,-75.0,2.0,1.0,2.0,1.0,103.0,1626.0,103.0,30.0,365.0,12.0,29.0,53.0,235.5,22.0,1.0,1.0,4.0,4.0,4.0,4.0,4.0,4.0,1.0,2.0,1.0
1278,24/06/2026,city scrape,River Eco-Retreat,Dana,"Ottawa, Canada",t,t,Gloucester-South Nepean,Entire guest suite,Entire home/apt,18/07/2026,20/07/2026,t,24/06/2026,21/04/2024,31/05/2026,7.0,6.0,3.0,6.0,2.0,45.0,-75.0,2.0,1.0,2.0,1.0,103.0,1626.0,103.0,30.0,365.0,12.0,29.0,53.0,235.5,22.0,1.0,1.0,4.0,4.0,4.0,4.0,4.0,4.0,1.0,2.0,1.0
1279,24/06/2026,city scrape,Spacious 3BR Home w/ Great Amenities,Evelyn,"Ottawa, Canada",f,t,Kanata North,Entire home,Entire home/apt,01/01/2027,03/01/2027,t,24/06/2026,20/08/2023,22/10/2023,7.0,6.0,3.0,6.0,2.0,45.0,-75.0,2.0,1.0,2.0,1.0,103.0,1626.0,103.0,30.0,365.0,12.0,29.0,53.0,235.5,22.0,1.0,1.0,4.0,4.0,4.0,4.0,4.0,4.0,1.0,2.0,1.0
1280,24/06/2026,city scrape,Home Away From Home,Lena,"Ottawa, Canada",f,t,Knoxdale-Merivale,Entire home,Entire home/apt,27/06/2026,27/07/2026,t,24/06/2026,10,10,7.0,6.0,3.0,6.0,2.0,45.0,-75.0,2.0,1.0,2.0,1.0,103.0,1626.0,103.0,30.0,365.0,12.0,29.0,53.0,235.5,22.0,1.0,1.0,4.0,4.0,4.0,4.0,4.0,4.0,1.0,2.0,1.0
1281,02/07/2026,previous scrape,"255 Bay St., Unit #1405, Ottawa",Ferzin,"Ottawa, Canada",f,t,Somerset,Entire rental unit,Entire home/apt,0000-00-00,"""0000-00-00""",t,02/07/2026,10,10,9.0,0.0,2.0,5.0,1.0,45.0,-75.0,2.0,1.0,1.0,2.0,173.0,2246.0,173.0,30.0,365.0,0.0,0.0,0.0,0.0,0.0,0.0,0.0,4.0,4.0,4.0,4.0,4.0,4.0,1.0,1.0,1.0
1282,24/06/2026,city scrape,"Luxury Palace W/Hot-tub, Arcade, & 11 beds-Airport",Maytham,"Ottawa, Canada",t,t,Gloucester-South Nepean,Entire home,Entire home/apt,08/07/2026,09/07/2026,t,24/06/2026,04/09/2023,09/06/2026,7.0,6.0,3.0,6.0,2.0,45.0,-75.0,2.0,1.0,2.0,1.0,103.0,1626.0,103.0,30.0,365.0,12.0,29.0,53.0,235.5,22.0,1.0,1.0,4.0,4.0,4.0,4.0,4.0,4.0,1.0,2.0,1.0
1283,24/06/2026,city scrape,Cozy home in Elmvale Acres near General Hospital,Ali,"Ottawa, Canada",t,t,Alta Vista,Entire guest suite,Entire home/apt,26/06/2026,26/07/2026,t,24/06/2026,27/11/2023,12/11/2025,7.0,2.0,2.0,7.0,1.0,45.0,-75.0,4.0,1.0,3.0,3.0,207.0,6236.0,207.0,30.0,365.0,28.0,57.0,86.0,266.0,65.0,17.0,32.0,4.0,4.0,4.0,4.0,4.0,4.0,2.0,1.0,1.0
1284,24/06/2026,city scrape,Spacious Master bedroom ensuite,Robert And Miriam,"Ottawa, Canada",t,t,Kanata South,Private room in cave,Private room,01/01/2027,31/01/2027,t,24/06/2026,14/10/2023,31/08/2025,7.0,6.0,3.0,6.0,2.0,45.0,-75.0,2.0,1.0,2.0,1.0,103.0,1626.0,103.0,30.0,365.0,12.0,29.0,53.0,235.5,22.0,1.0,1.0,4.0,4.0,4.0,4.0,4.0,4.0,1.0,2.0,1.0
1285,24/06/2026,city scrape,Spacious Guest house (walkout Basement)- 4 guests!,Soha,"Ottawa, Canada",f,t,Bay,Entire home,Entire home/apt,24/06/2026,24/07/2026,t,24/06/2026,09/10/2023,29/10/2023,7.0,8.0,2.0,8.0,1.0,45.0,-75.0,4.0,1.0,1.0,3.0,166.0,5006.0,166.0,30.0,365.0,30.0,60.0,90.0,360.0,4.0,0.0,0.0,4.0,4.0,4.0,5.0,4.0,4.0,0.0,1.0,1.0
1286,24/06/2026,city scrape,Charming Upper Unit - close to amenities / airport,Rabih,"Ottawa, Canada",f,t,Osgoode,Entire home,Entire home/apt,31/12/2026,30/01/2027,t,24/06/2026,23/03/2024,01/03/2026,2.0,10.0,2.0,4.0,2.0,45.0,-75.0,1.0,1.0,1.0,2.0,56.0,1687.0,56.0,30.0,365.0,0.0,1.0,1.0,176.0,7.0,3.0,2.0,4.0,4.0,4.0,4.0,4.0,4.0,0.0,2.0,2.0
1287,24/06/2026,city scrape,Hidden Gem,Cjay,"Ottawa, Canada",f,t,River,Entire rental unit,Entire home/apt,25/06/2026,25/07/2026,t,24/06/2026,10,10,8.0,8.0,8.0,2.0,3.0,45.0,-75.0,4.0,1.0,2.0,2.0,165.0,4978.0,165.0,30.0,365.0,29.0,59.0,89.0,179.0,0.0,0.0,0.0,4.0,4.0,4.0,4.0,4.0,4.0,1.0,3.0,1.0
1288,24/06/2026,city scrape,cozy friendly trustworthy Host.,Tarek,"Ottawa, Canada",f,t,Knoxdale-Merivale,Private room in rental unit,Private room,25/06/2026,26/06/2026,t,24/06/2026,10,10,8.0,1.0,2.0,10.0,1.0,45.0,-75.0,2.0,1.0,2.0,1.0,54.0,54.0,54.0,1.0,365.0,25.0,53.0,83.0,263.0,0.0,0.0,0.0,4.0,4.0,4.0,4.0,4.0,4.0,1.0,1.0,0.0
1289,24/06/2026,city scrape,Private and nice basement suit,Feng,"Ottawa, Canada",t,t,Rideau-Goulbourn,Private room in home,Private room,12/07/2026,13/07/2026,t,24/06/2026,03/09/2023,18/04/2026,8.0,4.0,8.0,4.0,2.0,45.0,-75.0,4.0,1.0,1.0,2.0,86.0,86.0,86.0,1.0,1125.0,12.0,42.0,72.0,162.0,44.0,16.0,22.0,4.0,4.0,5.0,4.0,4.0,4.0,1.0,2.0,0.0
1290,24/06/2026,city scrape,Master bedroom with private bathroom in Ottawa,Ajibola,"Ottawa, Canada",f,t,Rideau-Goulbourn,Private room in home,Private room,20/10/2026,21/10/2026,t,24/06/2026,25/08/2023,01/06/2026,7.0,5.0,6.0,6.0,6.0,45.0,-75.0,2.0,1.0,2.0,2.0,116.0,116.0,116.0,1.0,1125.0,0.0,0.0,0.0,242.0,59.0,29.0,22.0,4.0,4.0,4.0,4.0,4.0,4.0,1.0,6.0,1.0
1291,24/06/2026,city scrape,Modern house with Smart T.V,Ajibola,"Ottawa, Canada",f,t,Rideau-Goulbourn,Private room in home,Private room,20/10/2026,21/10/2026,t,24/06/2026,26/08/2023,12/06/2026,7.0,6.0,3.0,6.0,2.0,45.0,-75.0,2.0,1.0,2.0,1.0,103.0,1626.0,103.0,30.0,365.0,12.0,29.0,53.0,235.5,22.0,1.0,1.0,4.0,4.0,4.0,4.0,4.0,4.0,1.0,2.0,1.0
1292,02/07/2026,previous scrape,A Long term dans la Capitale,Pierre,"Ottawa, Canada",t,t,Rideau-Rockcliffe,Private room in townhouse,Private room,15/07/2026,29/07/2026,t,02/07/2026,30/04/2024,23/10/2025,7.0,6.0,3.0,6.0,2.0,45.0,-75.0,2.0,1.0,2.0,1.0,103.0,1626.0,103.0,30.0,365.0,12.0,29.0,53.0,235.5,22.0,1.0,1.0,4.0,4.0,4.0,4.0,4.0,4.0,1.0,2.0,1.0
1293,24/06/2026,city scrape,Modern house with Smart T.V,Ajibola,"Ottawa, Canada",f,t,Rideau-Goulbourn,Private room in home,Private room,20/10/2026,21/10/2026,t,24/06/2026,22/08/2023,10/06/2026,7.0,6.0,3.0,6.0,2.0,45.0,-75.0,2.0,1.0,2.0,1.0,103.0,1626.0,103.0,30.0,365.0,12.0,29.0,53.0,235.5,22.0,1.0,1.0,4.0,4.0,4.0,4.0,4.0,4.0,1.0,2.0,1.0
1294,24/06/2026,city scrape,Modern house with Smart T.V,Ajibola,"Ottawa, Canada",f,t,Rideau-Goulbourn,Private room in home,Private room,20/10/2026,21/10/2026,t,24/06/2026,30/08/2023,05/06/2026,7.0,6.0,3.0,6.0,2.0,45.0,-75.0,2.0,1.0,2.0,1.0,103.0,1626.0,103.0,30.0,365.0,12.0,29.0,53.0,235.5,22.0,1.0,1.0,4.0,4.0,4.0,4.0,4.0,4.0,1.0,2.0,1.0
1295,02/07/2026,previous scrape,New Star Wi-Fi Air Conditioning Free Parking,Yu Huang,"Ottawa, Canada",f,t,Rideau-Goulbourn,Private room in home,Private room,02/07/2026,29/10/2026,f,02/07/2026,10,10,7.0,6.0,3.0,6.0,2.0,45.0,-75.0,2.0,1.0,2.0,1.0,103.0,1626.0,103.0,30.0,365.0,12.0,29.0,53.0,235.5,22.0,1.0,1.0,4.0,4.0,4.0,4.0,4.0,4.0,1.0,2.0,1.0
1296,24/06/2026,city scrape,Room Rome – Bright Room with Shared Bath,Will,"Ottawa, Canada",t,t,Rideau-Goulbourn,Private room in home,Private room,02/07/2026,03/07/2026,t,24/06/2026,14/12/2024,21/06/2026,2.0,10.0,1.0,6.0,2.0,45.0,-75.0,2.0,1.0,2.0,1.0,86.0,86.0,86.0,1.0,1125.0,22.0,52.0,82.0,254.0,47.0,31.0,34.0,4.0,4.0,4.0,4.0,4.0,4.0,2.0,2.0,0.0
1297,24/06/2026,city scrape,Spacious Garden Retreat with Gourmet Kitchen,Cassandra,"Ottawa, Canada",t,t,Rideau-Rockcliffe,Entire serviced apartment,Entire home/apt,21/10/2026,20/11/2026,t,24/06/2026,02/10/2023,16/02/2026,12.0,6.0,2.0,9.0,2.0,45.0,-75.0,6.0,1.0,3.0,3.0,132.0,3971.0,132.0,30.0,1125.0,18.0,21.0,32.0,183.0,54.0,18.0,27.0,4.0,4.0,4.0,4.0,4.0,4.0,1.0,2.0,1.0
1298,02/07/2026,previous scrape,The Blue Minty: 4beds 3.5baths luxury house,Eddy,"Ottawa, Canada",t,t,Barrhaven,Entire villa,Entire home/apt,0000-00-00,"""0000-00-00""",t,02/07/2026,18/09/2023,15/11/2024,7.0,6.0,3.0,6.0,2.0,45.0,-75.0,2.0,1.0,2.0,1.0,103.0,1626.0,103.0,30.0,365.0,12.0,29.0,53.0,235.5,22.0,1.0,1.0,4.0,4.0,4.0,4.0,4.0,4.0,1.0,2.0,1.0
1299,24/06/2026,city scrape,Red Door Haven,Oye,"Ottawa, Canada",f,t,Kanata South,Private room in condo,Private room,31/08/2026,30/09/2026,t,24/06/2026,30/06/2024,18/02/2025,7.0,6.0,3.0,6.0,2.0,45.0,-75.0,2.0,1.0,2.0,1.0,103.0,1626.0,103.0,30.0,365.0,12.0,29.0,53.0,235.5,22.0,1.0,1.0,4.0,4.0,4.0,4.0,4.0,4.0,1.0,2.0,1.0
1300,24/06/2026,city scrape,"Century Charmer, Entire Home!",Jennifer L,"Ottawa, Canada",t,t,Stittsville-Kanata West,Entire home,Entire home/apt,02/02/2027,04/03/2027,t,24/06/2026,14/12/2023,06/04/2026,8.0,9.0,3.0,6.0,2.0,45.0,-75.0,4.0,1.0,2.0,2.0,122.0,3660.0,122.0,30.0,180.0,0.0,0.0,0.0,47.0,9.0,2.0,2.0,4.0,4.0,4.0,4.0,4.0,4.0,0.0,1.0,1.0
1301,24/06/2026,city scrape,Swanky & Spacious Space,Suhani,"Ottawa, Canada",t,t,Cumberland,Private room in home,Private room,06/07/2026,08/07/2026,t,24/06/2026,31/08/2023,12/06/2026,2.0,11.0,2.0,9.0,7.0,45.0,-75.0,4.0,1.0,2.0,1.0,144.0,289.0,144.0,2.0,1125.0,12.0,28.0,58.0,238.0,49.0,15.0,10.0,4.0,4.0,5.0,4.0,4.0,4.0,1.0,3.0,0.0
1302,24/06/2026,city scrape,Bright 2-Queen Suite | 8 Mins to DT | NEW!,Mark,"Ottawa, Canada",f,t,College,Entire home,Entire home/apt,01/09/2026,01/10/2026,t,24/06/2026,10/10/2023,13/03/2026,4.0,7.0,3.0,7.0,2.0,45.0,-75.0,4.0,1.0,1.0,2.0,89.0,2677.0,89.0,30.0,730.0,0.0,0.0,21.0,296.0,15.0,5.0,4.0,4.0,4.0,4.0,4.0,4.0,4.0,0.0,1.0,1.0
1303,02/07/2026,previous scrape,Room Steps To OttawaU/parliament,Carlos,"Ottawa, Canada",f,t,Rideau-Vanier,Private room in rental unit,Private room,03/07/2026,01/10/2026,t,02/07/2026,12/06/2024,12/06/2024,7.0,6.0,3.0,6.0,2.0,45.0,-75.0,2.0,1.0,2.0,1.0,103.0,1626.0,103.0,30.0,365.0,12.0,29.0,53.0,235.5,22.0,1.0,1.0,4.0,4.0,4.0,4.0,4.0,4.0,1.0,2.0,1.0
1304,24/06/2026,city scrape,"Modern Apartment: Steps to Downtown, Airport,Shops",Marco,"Ottawa, Canada",t,t,Knoxdale-Merivale,Entire condo,Entire home/apt,26/06/2026,27/06/2026,t,24/06/2026,02/09/2023,13/06/2026,7.0,6.0,3.0,6.0,2.0,45.0,-75.0,2.0,1.0,2.0,1.0,103.0,1626.0,103.0,30.0,365.0,12.0,29.0,53.0,235.5,22.0,1.0,1.0,4.0,4.0,4.0,4.0,4.0,4.0,1.0,2.0,1.0
1305,24/06/2026,city scrape,Room2,Lara,"Ottawa, Canada",t,f,Knoxdale-Merivale,Private room in bungalow,Private room,25/06/2026,25/07/2026,t,24/06/2026,05/02/2024,21/11/2025,2.0,11.0,2.0,9.0,4.0,45.0,-75.0,2.0,1.0,2.0,1.0,43.0,1293.0,43.0,30.0,90.0,29.0,59.0,89.0,179.0,31.0,11.0,18.0,4.0,4.0,4.0,4.0,4.0,4.0,1.0,4.0,0.0
1306,24/06/2026,city scrape,Nepean Retreat,Adekola,"Ottawa, Canada",f,t,Barrhaven,Entire home,Entire home/apt,27/08/2026,26/09/2026,t,24/06/2026,05/11/2023,16/10/2025,7.0,6.0,3.0,6.0,2.0,45.0,-75.0,2.0,1.0,2.0,1.0,103.0,1626.0,103.0,30.0,365.0,12.0,29.0,53.0,235.5,22.0,1.0,1.0,4.0,4.0,4.0,4.0,4.0,4.0,1.0,2.0,1.0
1307,24/06/2026,city scrape,Spacious 8 Bed Home in Barrhaven • Shops 8 Min,Mike,"Ottawa, Canada",t,t,Rideau-Goulbourn,Entire townhouse,Entire home/apt,16/07/2026,15/08/2026,t,24/06/2026,16/09/2023,03/05/2026,7.0,6.0,3.0,6.0,2.0,45.0,-75.0,2.0,1.0,2.0,1.0,103.0,1626.0,103.0,30.0,365.0,12.0,29.0,53.0,235.5,22.0,1.0,1.0,4.0,4.0,4.0,4.0,4.0,4.0,1.0,2.0,1.0
1308,24/06/2026,city scrape,Cozy Basement Studio in Ottawa,Yann-Alexandre,"Ottawa, Canada",f,t,Somerset,Entire rental unit,Entire home/apt,01/07/2026,03/07/2026,t,24/06/2026,31/03/2025,07/06/2026,9.0,10.0,9.0,9.0,1.0,45.0,-75.0,2.0,1.0,2.0,1.0,134.0,269.0,134.0,1.0,365.0,5.0,27.0,29.0,29.0,36.0,28.0,23.0,4.0,4.0,4.0,4.0,4.0,4.0,2.0,1.0,1.0
1309,24/06/2026,city scrape,Home Away From Home While in Ottawa,Darlene,"Ottawa, Canada",f,t,River,Private room in home,Private room,18/07/2026,17/08/2026,t,24/06/2026,27/10/2025,27/10/2025,7.0,6.0,3.0,6.0,2.0,45.0,-75.0,2.0,1.0,2.0,1.0,103.0,1626.0,103.0,30.0,365.0,12.0,29.0,53.0,235.5,22.0,1.0,1.0,4.0,4.0,4.0,4.0,4.0,4.0,1.0,2.0,1.0
1310,24/06/2026,city scrape,Room4- Master- bedroom,Lara,"Ottawa, Canada",t,f,Knoxdale-Merivale,Private room in bungalow,Private room,25/06/2026,25/07/2026,t,24/06/2026,21/02/2024,01/12/2025,2.0,11.0,2.0,9.0,4.0,45.0,-75.0,2.0,1.0,2.0,1.0,46.0,1397.0,46.0,30.0,90.0,29.0,59.0,89.0,269.0,31.0,9.0,18.0,4.0,4.0,4.0,4.0,4.0,4.0,1.0,4.0,0.0
1311,24/06/2026,city scrape,Entire new apartment in Ottawa,Sylvestre,"Ottawa, Canada",t,t,Beacon Hill-Cyrville,Entire guesthouse,Entire home/apt,12/08/2026,11/09/2026,t,24/06/2026,10,10,4.0,11.0,3.0,6.0,2.0,45.0,-75.0,2.0,1.0,2.0,2.0,114.0,3430.0,114.0,30.0,180.0,2.0,17.0,47.0,47.0,0.0,0.0,0.0,4.0,4.0,4.0,4.0,4.0,4.0,1.0,2.0,1.0
1312,24/06/2026,city scrape,Elegant 2 Bedroom Home.,Brianna,"Ottawa, Canada",f,t,Kanata South,Entire home,Entire home/apt,03/08/2026,02/09/2026,t,24/06/2026,10/09/2023,08/09/2025,5.0,1.0,2.0,9.0,1.0,45.0,-75.0,4.0,1.0,2.0,3.0,121.0,3644.0,121.0,30.0,1125.0,0.0,20.0,50.0,325.0,105.0,13.0,39.0,4.0,4.0,4.0,4.0,4.0,4.0,3.0,1.0,1.0
1313,02/07/2026,previous scrape,Casa Andalüs: Central 4BR house,Haseeb,"Montreal, Canada",f,t,Alta Vista,Entire home,Entire home/apt,0000-00-00,"""0000-00-00""",t,02/07/2026,10,10,7.0,6.0,3.0,6.0,2.0,45.0,-75.0,2.0,1.0,2.0,1.0,103.0,1626.0,103.0,30.0,365.0,12.0,29.0,53.0,235.5,22.0,1.0,1.0,4.0,4.0,4.0,4.0,4.0,4.0,1.0,2.0,1.0
1314,24/06/2026,city scrape,Spacious private room in a home!,Horla,"Ottawa, Canada",f,t,Rideau-Goulbourn,Private room in home,Private room,01/10/2026,01/11/2026,t,24/06/2026,22/12/2023,14/07/2024,7.0,6.0,3.0,6.0,2.0,45.0,-75.0,2.0,1.0,2.0,1.0,103.0,1626.0,103.0,30.0,365.0,12.0,29.0,53.0,235.5,22.0,1.0,1.0,4.0,4.0,4.0,4.0,4.0,4.0,1.0,2.0,1.0
1315,24/06/2026,city scrape,Tiny room Across OttawaU,Carlos,"Ottawa, Canada",f,t,Rideau-Vanier,Private room in rental unit,Private room,24/06/2026,24/07/2026,t,24/06/2026,05/08/2024,15/05/2026,7.0,6.0,3.0,6.0,2.0,45.0,-75.0,2.0,1.0,2.0,1.0,103.0,1626.0,103.0,30.0,365.0,12.0,29.0,53.0,235.5,22.0,1.0,1.0,4.0,4.0,4.0,4.0,4.0,4.0,1.0,2.0,1.0
1316,24/06/2026,city scrape,Modern & Stylish 2BR Condo,Guy,"Ottawa, Canada",f,t,Cumberland,Entire home,Entire home/apt,13/09/2026,13/10/2026,t,24/06/2026,24/04/2026,31/05/2026,7.0,6.0,3.0,6.0,2.0,45.0,-75.0,2.0,1.0,2.0,1.0,103.0,1626.0,103.0,30.0,365.0,12.0,29.0,53.0,235.5,22.0,1.0,1.0,4.0,4.0,4.0,4.0,4.0,4.0,1.0,2.0,1.0
1317,24/06/2026,city scrape,3+2Br 3 Bath Full Kitchen 2 Parking Downtown,Steven,"Ottawa, Canada",t,t,Rideau-Vanier,Entire condo,Entire home/apt,05/07/2026,06/07/2026,t,24/06/2026,01/01/2024,14/06/2026,7.0,6.0,3.0,6.0,2.0,45.0,-75.0,2.0,1.0,2.0,1.0,103.0,1626.0,103.0,30.0,365.0,12.0,29.0,53.0,235.5,22.0,1.0,1.0,4.0,4.0,4.0,4.0,4.0,4.0,1.0,2.0,1.0
1318,24/06/2026,city scrape,Cozy Room in a New Beautiful Home,Funmi,"Ottawa, Canada",t,t,Stittsville-Kanata West,Private room in home,Private room,01/07/2026,04/07/2026,t,24/06/2026,02/11/2023,23/12/2025,5.0,2.0,2.0,7.0,6.0,45.0,-75.0,1.0,1.0,2.0,1.0,78.0,236.0,78.0,3.0,180.0,23.0,53.0,83.0,358.0,34.0,3.0,5.0,4.0,4.0,4.0,4.0,4.0,4.0,1.0,6.0,0.0
1319,24/06/2026,city scrape,Luxurious Queen Bedroom,Amr,"Ottawa, Canada",f,t,Gloucester-South Nepean,Private room in home,Private room,25/06/2026,25/07/2026,t,24/06/2026,10,10,9.0,6.0,2.0,10.0,3.0,45.0,-75.0,1.0,1.0,2.0,1.0,47.0,1430.0,47.0,30.0,365.0,29.0,59.0,89.0,269.0,0.0,0.0,0.0,4.0,4.0,4.0,4.0,4.0,4.0,1.0,3.0,0.0
1320,24/06/2026,city scrape,Large ensuite master bedroom with a walk-in closet,Nnaemeka,"Ottawa, Canada",f,t,Gloucester-Southgate,Private room in townhouse,Private room,25/06/2026,25/07/2026,t,24/06/2026,10,10,8.0,3.0,2.0,9.0,1.0,45.0,-75.0,2.0,1.0,2.0,1.0,75.0,2255.0,75.0,30.0,1125.0,29.0,59.0,89.0,269.0,0.0,0.0,0.0,4.0,4.0,4.0,4.0,4.0,4.0,1.0,1.0,0.0
1321,24/06/2026,city scrape,Bridlewood Inn 3 kanata,Mary,"Ottawa, Canada",t,t,Kanata South,Private room in home,Private room,17/10/2026,16/11/2026,t,24/06/2026,28/09/2023,19/12/2025,3.0,1.0,2.0,9.0,3.0,45.0,-75.0,2.0,1.0,2.0,1.0,46.0,1402.0,46.0,30.0,365.0,0.0,0.0,1.0,251.0,38.0,6.0,17.0,4.0,4.0,4.0,4.0,4.0,4.0,1.0,3.0,0.0
1322,24/06/2026,city scrape,Beautiful one bedroom apartment,Denis,"Ottawa, Canada",f,t,Cumberland,Entire rental unit,Entire home/apt,25/06/2026,25/07/2026,t,24/06/2026,10,10,6.0,3.0,2.0,9.0,1.0,45.0,-75.0,4.0,1.0,1.0,1.0,118.0,3547.0,118.0,30.0,30.0,29.0,59.0,89.0,269.0,0.0,0.0,0.0,4.0,4.0,4.0,4.0,4.0,4.0,1.0,1.0,1.0
1323,24/06/2026,city scrape,Sleep and Relax in a well Decorated Room,Robert And Miriam,"Ottawa, Canada",t,t,Kanata South,Private room in home,Private room,02/10/2026,02/11/2026,t,24/06/2026,28/09/2023,01/05/2026,2.0,10.0,2.0,10.0,3.0,45.0,-75.0,1.0,1.0,1.0,2.0,38.0,1200.0,38.0,31.0,365.0,3.0,21.0,21.0,191.0,10.0,4.0,4.0,4.0,4.0,5.0,5.0,4.0,4.0,0.0,3.0,0.0
1324,24/06/2026,city scrape,Nice and Cozy 1bedroom in Barrhaven ottawa,Nathaniel,"Ottawa, Canada",t,t,Rideau-Goulbourn,Private room in home,Private room,08/11/2026,09/11/2026,t,24/06/2026,22/10/2024,22/10/2024,7.0,6.0,3.0,6.0,2.0,45.0,-75.0,2.0,1.0,2.0,1.0,103.0,1626.0,103.0,30.0,365.0,12.0,29.0,53.0,235.5,22.0,1.0,1.0,4.0,4.0,4.0,4.0,4.0,4.0,1.0,2.0,1.0
1325,24/06/2026,city scrape,Modern room minutes away from everything you need,Robert And Miriam,"Ottawa, Canada",t,t,Kanata South,Private room in home,Private room,01/08/2026,31/08/2026,t,24/06/2026,26/09/2023,21/11/2025,2.0,10.0,2.0,10.0,3.0,45.0,-75.0,1.0,1.0,2.0,1.0,44.0,1327.0,44.0,30.0,365.0,0.0,22.0,52.0,232.0,15.0,1.0,2.0,4.0,4.0,5.0,5.0,4.0,4.0,0.0,3.0,0.0
1326,24/06/2026,city scrape,BNL’s King Suite,Bnl,"Ottawa, Canada",f,t,Orleans,Entire townhouse,Entire home/apt,01/09/2026,01/10/2026,t,24/06/2026,15/09/2023,17/05/2026,7.0,6.0,3.0,6.0,2.0,45.0,-75.0,2.0,1.0,2.0,1.0,103.0,1626.0,103.0,30.0,365.0,12.0,29.0,53.0,235.5,22.0,1.0,1.0,4.0,4.0,4.0,4.0,4.0,4.0,1.0,2.0,1.0
1327,24/06/2026,city scrape,Beautiful home in Barrhaven.,Nathaniel,"Ottawa, Canada",t,t,Rideau-Goulbourn,Private room in home,Private room,09/11/2026,10/11/2026,t,24/06/2026,19/09/2023,19/09/2023,7.0,6.0,3.0,6.0,2.0,45.0,-75.0,2.0,1.0,2.0,1.0,103.0,1626.0,103.0,30.0,365.0,12.0,29.0,53.0,235.5,22.0,1.0,1.0,4.0,4.0,4.0,4.0,4.0,4.0,1.0,2.0,1.0
1328,24/06/2026,city scrape,lovely home in Orleans Ottawa with private entranc,Paulgreat,"Ottawa, Canada",f,t,Innes,Entire home,Entire home/apt,31/08/2026,30/09/2026,t,24/06/2026,17/10/2023,16/09/2025,7.0,6.0,3.0,6.0,2.0,45.0,-75.0,2.0,1.0,2.0,1.0,103.0,1626.0,103.0,30.0,365.0,12.0,29.0,53.0,235.5,22.0,1.0,1.0,4.0,4.0,4.0,4.0,4.0,4.0,1.0,2.0,1.0
1329,24/06/2026,city scrape,2Br 1Bth Full Kitchen Free Parking Ottawa Downtown,Steven,"Ottawa, Canada",t,t,Rideau-Vanier,Entire condo,Entire home/apt,26/06/2026,27/06/2026,t,24/06/2026,06/10/2023,18/06/2026,7.0,6.0,3.0,6.0,2.0,45.0,-75.0,2.0,1.0,2.0,1.0,103.0,1626.0,103.0,30.0,365.0,12.0,29.0,53.0,235.5,22.0,1.0,1.0,4.0,4.0,4.0,4.0,4.0,4.0,1.0,2.0,1.0
1330,24/06/2026,city scrape,3Br 2Bth Full Kitchen Free Parking Ottawa Downtown,Steven,"Ottawa, Canada",t,t,Rideau-Vanier,Entire condo,Entire home/apt,28/06/2026,29/06/2026,t,24/06/2026,24/10/2023,10/06/2026,7.0,6.0,3.0,6.0,2.0,45.0,-75.0,2.0,1.0,2.0,1.0,103.0,1626.0,103.0,30.0,365.0,12.0,29.0,53.0,235.5,22.0,1.0,1.0,4.0,4.0,4.0,4.0,4.0,4.0,1.0,2.0,1.0
1331,02/07/2026,previous scrape,A place where to Rest your mind.,Jimesleck,"Ottawa, Canada",f,t,Beacon Hill-Cyrville,Private room in rental unit,Private room,0000-00-00,"""0000-00-00""",t,02/07/2026,10,10,4.0,7.0,2.0,9.0,1.0,45.0,-75.0,1.0,1.0,2.0,2.0,173.0,2246.0,173.0,1.0,14.0,0.0,0.0,0.0,0.0,0.0,0.0,0.0,4.0,4.0,4.0,4.0,4.0,4.0,1.0,1.0,0.0
1332,02/07/2026,previous scrape,Large master bedroom with private bathroom,Oladele,"Ottawa, Canada",f,t,Rideau-Goulbourn,Private room in home,Private room,02/07/2026,03/07/2026,t,02/07/2026,17/09/2023,09/11/2025,7.0,6.0,3.0,6.0,2.0,45.0,-75.0,2.0,1.0,2.0,1.0,103.0,1626.0,103.0,30.0,365.0,12.0,29.0,53.0,235.5,22.0,1.0,1.0,4.0,4.0,4.0,4.0,4.0,4.0,1.0,2.0,1.0
1333,02/07/2026,previous scrape,Room in Ottawa,Oladele,"Ottawa, Canada",f,t,Rideau-Goulbourn,Private room in home,Private room,02/07/2026,03/07/2026,t,02/07/2026,28/09/2023,14/06/2026,7.0,6.0,3.0,6.0,2.0,45.0,-75.0,2.0,1.0,2.0,1.0,103.0,1626.0,103.0,30.0,365.0,12.0,29.0,53.0,235.5,22.0,1.0,1.0,4.0,4.0,4.0,4.0,4.0,4.0,1.0,2.0,1.0
1334,02/07/2026,previous scrape,Room in Ottawa,Oladele,"Ottawa, Canada",f,t,Rideau-Goulbourn,Private room in home,Private room,02/07/2026,03/07/2026,t,02/07/2026,21/09/2023,02/11/2025,7.0,0.0,2.0,9.0,3.0,45.0,-75.0,2.0,1.0,1.0,2.0,81.0,81.0,81.0,1.0,1125.0,1.0,1.0,1.0,1.0,2.0,1.0,1.0,4.0,4.0,4.0,4.0,4.0,4.0,0.0,3.0,0.0
1335,24/06/2026,city scrape,Bridlewood Inn 1 kanata,Mary,"Ottawa, Canada",t,t,Kanata South,Private room in home,Private room,31/12/2026,05/01/2027,t,24/06/2026,21/09/2023,06/03/2026,7.0,6.0,3.0,6.0,2.0,45.0,-75.0,2.0,1.0,2.0,1.0,103.0,1626.0,103.0,30.0,365.0,12.0,29.0,53.0,235.5,22.0,1.0,1.0,4.0,4.0,4.0,4.0,4.0,4.0,1.0,2.0,1.0
1336,24/06/2026,city scrape,"2-Level Executive Condo, 2-bdrms",Luc,"Ottawa, Canada",t,t,Beacon Hill-Cyrville,Entire home,Entire home/apt,13/09/2026,13/10/2026,t,24/06/2026,03/05/2024,20/06/2026,8.0,11.0,3.0,0.0,1.0,45.0,-75.0,4.0,1.0,2.0,2.0,109.0,3285.0,109.0,7.0,730.0,10.0,10.0,19.0,294.0,9.0,5.0,5.0,4.0,4.0,5.0,5.0,4.0,4.0,0.0,1.0,1.0
1337,24/06/2026,city scrape,Entire Charming Town House,Michelle,"Ottawa, Canada",f,t,Barrhaven,Entire cabin,Entire home/apt,01/01/2027,31/01/2027,t,24/06/2026,10,10,7.0,6.0,3.0,6.0,2.0,45.0,-75.0,2.0,1.0,2.0,1.0,103.0,1626.0,103.0,30.0,365.0,12.0,29.0,53.0,235.5,22.0,1.0,1.0,4.0,4.0,4.0,4.0,4.0,4.0,1.0,2.0,1.0
1338,24/06/2026,city scrape,CastleRooms,Taranvir,"Ottawa, Canada",t,t,Kanata South,Private room in home,Private room,01/07/2026,02/07/2026,t,24/06/2026,29/09/2023,17/06/2026,7.0,6.0,3.0,6.0,2.0,45.0,-75.0,2.0,1.0,2.0,1.0,103.0,1626.0,103.0,30.0,365.0,12.0,29.0,53.0,235.5,22.0,1.0,1.0,4.0,4.0,4.0,4.0,4.0,4.0,1.0,2.0,1.0
1339,24/06/2026,city scrape,The Loft Downtown Private Bath Parking,Pamela And Judith,"Ottawa, Canada",t,t,Somerset,Entire loft,Entire home/apt,24/07/2026,25/07/2026,t,24/06/2026,27/09/2023,07/06/2026,7.0,6.0,3.0,6.0,2.0,45.0,-75.0,2.0,1.0,2.0,1.0,103.0,1626.0,103.0,30.0,365.0,12.0,29.0,53.0,235.5,22.0,1.0,1.0,4.0,4.0,4.0,4.0,4.0,4.0,1.0,2.0,1.0
1340,24/06/2026,city scrape,New Home In Central Ottawa,Ameer,"Ottawa, Canada",f,t,Kitchissippi,Entire home,Entire home/apt,31/08/2026,30/09/2026,t,24/06/2026,23/01/2024,16/12/2025,7.0,6.0,3.0,6.0,2.0,45.0,-75.0,2.0,1.0,2.0,1.0,103.0,1626.0,103.0,30.0,365.0,12.0,29.0,53.0,235.5,22.0,1.0,1.0,4.0,4.0,4.0,4.0,4.0,4.0,1.0,2.0,1.0
1341,24/06/2026,city scrape,Clean and beautiful room,Jennifer,"Ottawa, Canada",f,t,Gloucester-Southgate,Private room in home,Private room,25/06/2026,25/07/2026,t,24/06/2026,10,10,3.0,2.0,2.0,9.0,1.0,45.0,-75.0,1.0,1.0,2.0,1.0,64.0,1920.0,64.0,30.0,1125.0,29.0,59.0,89.0,269.0,0.0,0.0,0.0,4.0,4.0,4.0,4.0,4.0,4.0,1.0,1.0,0.0
1342,24/06/2026,city scrape,Tiny room DowntownAcross OttawaU,Carlos,"Ottawa, Canada",f,t,Rideau-Vanier,Private room in rental unit,Private room,25/06/2026,25/07/2026,t,24/06/2026,30/09/2023,04/01/2025,7.0,6.0,3.0,6.0,2.0,45.0,-75.0,2.0,1.0,2.0,1.0,103.0,1626.0,103.0,30.0,365.0,12.0,29.0,53.0,235.5,22.0,1.0,1.0,4.0,4.0,4.0,4.0,4.0,4.0,1.0,2.0,1.0
1343,24/06/2026,city scrape,Cozy Retreat in the Heart of Altavista 1,Emma,"Ottawa, Canada",f,t,Alta Vista,Private room in home,Private room,01/09/2026,01/10/2026,t,24/06/2026,01/11/2023,03/06/2026,7.0,6.0,3.0,6.0,2.0,45.0,-75.0,2.0,1.0,2.0,1.0,103.0,1626.0,103.0,30.0,365.0,12.0,29.0,53.0,235.5,22.0,1.0,1.0,4.0,4.0,4.0,4.0,4.0,4.0,1.0,2.0,1.0
1344,24/06/2026,city scrape,Peaceful & charming room (R2),Esohe,"Ottawa, Canada",f,t,Barrhaven,Private room in home,Private room,01/09/2026,01/10/2026,t,24/06/2026,28/09/2023,01/06/2026,4.0,8.0,2.0,9.0,4.0,45.0,-75.0,2.0,1.0,2.0,1.0,43.0,1296.0,43.0,30.0,365.0,0.0,0.0,21.0,296.0,35.0,5.0,12.0,4.0,4.0,4.0,4.0,4.0,4.0,1.0,4.0,1.0
1345,24/06/2026,city scrape,Peaceful cozy haven (R4),Esohe,"Ottawa, Canada",f,t,Barrhaven,Private room in home,Private room,03/08/2026,02/09/2026,t,24/06/2026,22/09/2023,09/11/2025,4.0,8.0,2.0,9.0,4.0,45.0,-75.0,2.0,1.0,2.0,1.0,55.0,1676.0,55.0,30.0,365.0,0.0,20.0,50.0,325.0,25.0,7.0,10.0,4.0,4.0,4.0,4.0,4.0,4.0,0.0,4.0,1.0
1346,24/06/2026,city scrape,Peaceful home away from home (R3),Esohe,"Ottawa, Canada",f,t,Barrhaven,Private room in home,Private room,10/07/2026,09/08/2026,t,24/06/2026,24/09/2023,02/04/2026,4.0,8.0,2.0,9.0,4.0,45.0,-75.0,2.0,1.0,2.0,1.0,51.0,1556.0,51.0,30.0,365.0,17.0,47.0,77.0,352.0,32.0,13.0,16.0,4.0,4.0,4.0,4.0,4.0,4.0,0.0,4.0,1.0
1347,24/06/2026,city scrape,Peaceful haven - Entire house!,Esohe,"Ottawa, Canada",f,t,Barrhaven,Entire home,Entire home/apt,01/01/2027,31/01/2027,t,24/06/2026,31/12/2023,24/08/2025,7.0,6.0,3.0,6.0,2.0,45.0,-75.0,2.0,1.0,2.0,1.0,103.0,1626.0,103.0,30.0,365.0,12.0,29.0,53.0,235.5,22.0,1.0,1.0,4.0,4.0,4.0,4.0,4.0,4.0,1.0,2.0,1.0
1348,24/06/2026,city scrape,*New Built* Beautiful 3BR 3.5BATH Home in Westboro,Jaybird,"Ottawa, Canada",f,t,Kitchissippi,Entire home,Entire home/apt,04/07/2026,06/07/2026,t,24/06/2026,02/10/2023,02/06/2026,7.0,6.0,3.0,6.0,2.0,45.0,-75.0,2.0,1.0,2.0,1.0,103.0,1626.0,103.0,30.0,365.0,12.0,29.0,53.0,235.5,22.0,1.0,1.0,4.0,4.0,4.0,4.0,4.0,4.0,1.0,2.0,1.0
1349,24/06/2026,city scrape,Stunning Apart' | Full Kitchen | Netflix+Parking,Tony,"Ottawa, Canada",t,t,Kanata North,Entire rental unit,Entire home/apt,12/07/2026,14/07/2026,t,24/06/2026,14/10/2023,13/06/2026,2.0,9.0,2.0,9.0,1.0,45.0,-75.0,4.0,1.0,2.0,3.0,291.0,582.0,291.0,2.0,30.0,6.0,22.0,52.0,52.0,57.0,21.0,20.0,4.0,4.0,4.0,4.0,4.0,4.0,1.0,1.0,1.0
1350,24/06/2026,city scrape,"NEW Luxury home (3800sqft), shops, HWY",Ali,"Ottawa, Canada",f,t,Stittsville-Kanata West,Entire home,Entire home/apt,27/12/2026,26/01/2027,t,24/06/2026,29/02/2024,29/02/2024,7.0,6.0,3.0,6.0,2.0,45.0,-75.0,2.0,1.0,2.0,1.0,103.0,1626.0,103.0,30.0,365.0,12.0,29.0,53.0,235.5,22.0,1.0,1.0,4.0,4.0,4.0,4.0,4.0,4.0,1.0,2.0,1.0
1351,24/06/2026,city scrape,Tiny room 3minutes Walk uOttawa,Frits,"Mexicali, Mexico",f,t,Rideau-Vanier,Private room in rental unit,Private room,25/06/2026,25/07/2026,t,24/06/2026,10,10,7.0,6.0,3.0,6.0,2.0,45.0,-75.0,2.0,1.0,2.0,1.0,103.0,1626.0,103.0,30.0,365.0,12.0,29.0,53.0,235.5,22.0,1.0,1.0,4.0,4.0,4.0,4.0,4.0,4.0,1.0,2.0,1.0
1352,24/06/2026,city scrape,Studio in Quiet Neighbourhood,Courtney,"Ottawa, Canada",t,t,Knoxdale-Merivale,Entire rental unit,Entire home/apt,28/06/2026,28/07/2026,t,24/06/2026,01/03/2024,22/05/2026,7.0,6.0,3.0,6.0,2.0,45.0,-75.0,2.0,1.0,2.0,1.0,103.0,1626.0,103.0,30.0,365.0,12.0,29.0,53.0,235.5,22.0,1.0,1.0,4.0,4.0,4.0,4.0,4.0,4.0,1.0,2.0,1.0
1353,24/06/2026,city scrape,Central and Stylish Studio,Ameer,"Ottawa, Canada",f,t,Kitchissippi,Entire rental unit,Entire home/apt,25/06/2026,25/07/2026,t,24/06/2026,02/10/2024,16/06/2026,7.0,6.0,3.0,6.0,2.0,45.0,-75.0,2.0,1.0,2.0,1.0,103.0,1626.0,103.0,30.0,365.0,12.0,29.0,53.0,235.5,22.0,1.0,1.0,4.0,4.0,4.0,4.0,4.0,4.0,1.0,2.0,1.0
1354,24/06/2026,city scrape,The Elmvale Bungalow - also for Rent!,Kennis,"Ottawa, Canada",t,t,Alta Vista,Entire bungalow,Entire home/apt,01/11/2026,20/11/2026,t,24/06/2026,10,10,7.0,6.0,3.0,6.0,2.0,45.0,-75.0,2.0,1.0,2.0,1.0,103.0,1626.0,103.0,30.0,365.0,12.0,29.0,53.0,235.5,22.0,1.0,1.0,4.0,4.0,4.0,4.0,4.0,4.0,1.0,2.0,1.0
1355,24/06/2026,city scrape,1 BDRM Westboro Apartment,Brendan,"Ottawa, Canada",f,t,Kitchissippi,Entire rental unit,Entire home/apt,30/11/2026,30/12/2026,t,24/06/2026,01/12/2023,06/09/2025,7.0,6.0,3.0,6.0,2.0,45.0,-75.0,2.0,1.0,2.0,1.0,103.0,1626.0,103.0,30.0,365.0,12.0,29.0,53.0,235.5,22.0,1.0,1.0,4.0,4.0,4.0,4.0,4.0,4.0,1.0,2.0,1.0
1356,24/06/2026,city scrape,Spacious suite in historic house,Vincent,"Ottawa, Canada",t,t,Rideau-Vanier,Entire rental unit,Entire home/apt,01/09/2026,03/09/2026,t,24/06/2026,30/09/2023,11/06/2026,7.0,6.0,3.0,6.0,2.0,45.0,-75.0,2.0,1.0,2.0,1.0,103.0,1626.0,103.0,30.0,365.0,12.0,29.0,53.0,235.5,22.0,1.0,1.0,4.0,4.0,4.0,4.0,4.0,4.0,1.0,2.0,1.0
1357,24/06/2026,city scrape,Cozy Room & Queen Bed with a Balcony & Pvt Bath,Bruno,"Ottawa, Canada",f,t,Orleans,Private room in home,Private room,24/06/2026,24/07/2026,t,24/06/2026,10/10/2023,27/12/2025,7.0,6.0,3.0,6.0,2.0,45.0,-75.0,2.0,1.0,2.0,1.0,103.0,1626.0,103.0,30.0,365.0,12.0,29.0,53.0,235.5,22.0,1.0,1.0,4.0,4.0,4.0,4.0,4.0,4.0,1.0,2.0,1.0
1358,24/06/2026,city scrape,Charming bedroom at Westboro,Jem,"Ottawa, Canada",f,t,Kitchissippi,Private room in home,Private room,25/06/2026,25/07/2026,t,24/06/2026,14/11/2023,31/05/2025,7.0,6.0,3.0,6.0,2.0,45.0,-75.0,2.0,1.0,2.0,1.0,103.0,1626.0,103.0,30.0,365.0,12.0,29.0,53.0,235.5,22.0,1.0,1.0,4.0,4.0,4.0,4.0,4.0,4.0,1.0,2.0,1.0
1359,24/06/2026,city scrape,Siguignogo,Mariame,"Ottawa, Canada",f,t,Innes,Private room in home,Private room,25/06/2026,26/06/2026,t,24/06/2026,10,10,7.0,7.0,6.0,8.0,1.0,45.0,-75.0,1.0,1.0,2.0,1.0,183.0,183.0,183.0,1.0,365.0,29.0,59.0,89.0,269.0,0.0,0.0,0.0,4.0,4.0,4.0,4.0,4.0,4.0,1.0,1.0,0.0
1360,24/06/2026,city scrape,"The Velvet Suite: Lux Studio, Free Secured Parking",Audric,"Ottawa, Canada",f,t,Innes,Entire home,Entire home/apt,05/07/2026,08/07/2026,t,24/06/2026,12/01/2024,07/06/2026,7.0,0.0,2.0,5.0,1.0,45.0,-75.0,3.0,1.0,1.0,1.0,101.0,303.0,101.0,3.0,1125.0,17.0,36.0,46.0,131.0,82.0,21.0,23.0,4.0,4.0,4.0,4.0,4.0,4.0,2.0,1.0,1.0
1361,02/07/2026,previous scrape,Big 1BR Condo/Parking/Subway/Grocery/Laundry,Wei,"Ottawa, Canada",t,t,Somerset,Entire condo,Entire home/apt,01/09/2026,30/11/2026,t,02/07/2026,01/11/2024,24/08/2025,7.0,6.0,3.0,6.0,2.0,45.0,-75.0,2.0,1.0,2.0,1.0,103.0,1626.0,103.0,30.0,365.0,12.0,29.0,53.0,235.5,22.0,1.0,1.0,4.0,4.0,4.0,4.0,4.0,4.0,1.0,2.0,1.0
1362,24/06/2026,city scrape,Chic Ottawa Studio - Mins to Downtown,Ameer,"Ottawa, Canada",f,t,Kitchissippi,Entire rental unit,Entire home/apt,25/06/2026,25/07/2026,t,24/06/2026,02/12/2023,02/05/2024,7.0,6.0,3.0,6.0,2.0,45.0,-75.0,2.0,1.0,2.0,1.0,103.0,1626.0,103.0,30.0,365.0,12.0,29.0,53.0,235.5,22.0,1.0,1.0,4.0,4.0,4.0,4.0,4.0,4.0,1.0,2.0,1.0
1363,24/06/2026,city scrape,New Hintonburg Modern 3BR Home,Ameer,"Ottawa, Canada",f,t,Kitchissippi,Entire home,Entire home/apt,02/07/2026,01/08/2026,t,24/06/2026,10/01/2024,20/08/2025,7.0,6.0,3.0,6.0,2.0,45.0,-75.0,2.0,1.0,2.0,1.0,103.0,1626.0,103.0,30.0,365.0,12.0,29.0,53.0,235.5,22.0,1.0,1.0,4.0,4.0,4.0,4.0,4.0,4.0,1.0,2.0,1.0
1364,24/06/2026,city scrape,1 - Ottawa General Hospital & CHEO just walk,Abrar Habib,"Ottawa, Canada",f,t,Alta Vista,Private room in bungalow,Private room,24/06/2026,25/06/2026,t,24/06/2026,10/10/2023,06/06/2026,7.0,6.0,3.0,6.0,2.0,45.0,-75.0,2.0,1.0,2.0,1.0,103.0,1626.0,103.0,30.0,365.0,12.0,29.0,53.0,235.5,22.0,1.0,1.0,4.0,4.0,4.0,4.0,4.0,4.0,1.0,2.0,1.0
1365,24/06/2026,city scrape,Tiny Room Across University Of Ottawa/Downtown,Frits,"Mexicali, Mexico",f,t,Rideau-Vanier,Private room in rental unit,Private room,25/06/2026,25/07/2026,t,24/06/2026,10,10,7.0,6.0,3.0,6.0,2.0,45.0,-75.0,2.0,1.0,2.0,1.0,103.0,1626.0,103.0,30.0,365.0,12.0,29.0,53.0,235.5,22.0,1.0,1.0,4.0,4.0,4.0,4.0,4.0,4.0,1.0,2.0,1.0
1366,02/07/2026,previous scrape,"Glebe gem: Stylish 3BR, walk everywhere + parking",Michelle,"Ottawa, Canada",t,t,Capital,Entire home,Entire home/apt,05/07/2026,08/07/2026,t,02/07/2026,26/11/2023,25/06/2026,7.0,6.0,3.0,6.0,2.0,45.0,-75.0,2.0,1.0,2.0,1.0,103.0,1626.0,103.0,30.0,365.0,12.0,29.0,53.0,235.5,22.0,1.0,1.0,4.0,4.0,4.0,4.0,4.0,4.0,1.0,2.0,1.0
1367,24/06/2026,city scrape,Luxury Retreat in Constance Bay with Private Beach,Claudia,"Ottawa, Canada",f,t,West Carleton-March,Entire home,Entire home/apt,27/08/2026,28/08/2026,t,24/06/2026,06/01/2025,29/05/2026,7.0,6.0,3.0,6.0,2.0,45.0,-75.0,2.0,1.0,2.0,1.0,103.0,1626.0,103.0,30.0,365.0,12.0,29.0,53.0,235.5,22.0,1.0,1.0,4.0,4.0,4.0,4.0,4.0,4.0,1.0,2.0,1.0
1368,24/06/2026,city scrape,Kichi Sibi,Natty,"Ottawa, Canada",t,t,Kitchissippi,Entire rental unit,Entire home/apt,08/07/2026,07/08/2026,t,24/06/2026,04/05/2025,14/06/2026,7.0,6.0,3.0,6.0,2.0,45.0,-75.0,2.0,1.0,2.0,1.0,103.0,1626.0,103.0,30.0,365.0,12.0,29.0,53.0,235.5,22.0,1.0,1.0,4.0,4.0,4.0,4.0,4.0,4.0,1.0,2.0,1.0
1369,24/06/2026,city scrape,A Tranquil Retreat in Orleans,Rezwana,"Ottawa, Canada",t,t,Cumberland,Private room in home,Private room,06/07/2026,07/07/2026,t,24/06/2026,14/10/2023,24/05/2026,2.0,8.0,2.0,8.0,1.0,45.0,-75.0,1.0,1.0,2.0,1.0,71.0,71.0,71.0,1.0,15.0,18.0,48.0,78.0,168.0,103.0,20.0,26.0,4.0,4.0,4.0,4.0,4.0,4.0,3.0,1.0,0.0
1370,24/06/2026,city scrape,Huge 5 Bedroom House in Findley Creek | Big Office,Natalie,"Ottawa, Canada",f,t,Osgoode,Entire home,Entire home/apt,12/07/2026,11/08/2026,t,24/06/2026,14/10/2023,08/02/2026,7.0,6.0,3.0,6.0,2.0,45.0,-75.0,2.0,1.0,2.0,1.0,103.0,1626.0,103.0,30.0,365.0,12.0,29.0,53.0,235.5,22.0,1.0,1.0,4.0,4.0,4.0,4.0,4.0,4.0,1.0,2.0,1.0
1371,24/06/2026,city scrape,Basement apartment on Main - one month minimum,Christopher,"Ottawa, Canada",f,t,Capital,Entire rental unit,Entire home/apt,25/06/2026,25/07/2026,t,24/06/2026,02/12/2023,01/01/2026,7.0,6.0,3.0,6.0,2.0,45.0,-75.0,2.0,1.0,2.0,1.0,103.0,1626.0,103.0,30.0,365.0,12.0,29.0,53.0,235.5,22.0,1.0,1.0,4.0,4.0,4.0,4.0,4.0,4.0,1.0,2.0,1.0
1372,24/06/2026,city scrape,2 - Ottawa General Hospital & CHEO just walk,Abrar Habib,"Ottawa, Canada",f,t,Alta Vista,Private room in home,Private room,25/06/2026,26/06/2026,t,24/06/2026,15/11/2023,21/06/2026,9.0,8.0,6.0,6.0,4.0,45.0,-75.0,2.0,1.0,2.0,1.0,125.0,125.0,125.0,1.0,150.0,7.0,22.0,45.0,135.0,73.0,27.0,33.0,4.0,4.0,4.0,4.0,4.0,4.0,2.0,3.0,1.0
1373,02/07/2026,previous scrape,la casa verde,Pricila,"Ottawa, Canada",f,t,Rideau-Vanier,Entire home,Entire home/apt,0000-00-00,"""0000-00-00""",t,02/07/2026,10,10,3.0,2.0,2.0,8.0,1.0,45.0,-75.0,7.0,1.0,3.0,2.0,173.0,2246.0,173.0,30.0,90.0,0.0,0.0,0.0,0.0,0.0,0.0,0.0,4.0,4.0,4.0,4.0,4.0,4.0,1.0,1.0,1.0
1374,24/06/2026,city scrape,"Kanata, Ottawa Prime Location",Olufemi,"Ottawa, Canada",f,t,Kanata South,Private room in bed and breakfast,Private room,25/06/2026,25/07/2026,t,24/06/2026,10,10,2.0,8.0,2.0,8.0,1.0,45.0,-75.0,1.0,1.0,2.0,1.0,89.0,2688.0,89.0,30.0,365.0,29.0,59.0,89.0,269.0,0.0,0.0,0.0,4.0,4.0,4.0,4.0,4.0,4.0,1.0,1.0,0.0
1375,24/06/2026,city scrape,"The Green Bohemian: 3beds, 3mins to CanTire Centre",Eddy,"Ottawa, Canada",t,t,Stittsville-Kanata West,Entire townhouse,Entire home/apt,01/07/2026,03/07/2026,t,24/06/2026,12/11/2023,09/06/2026,7.0,6.0,3.0,6.0,2.0,45.0,-75.0,2.0,1.0,2.0,1.0,103.0,1626.0,103.0,30.0,365.0,12.0,29.0,53.0,235.5,22.0,1.0,1.0,4.0,4.0,4.0,4.0,4.0,4.0,1.0,2.0,1.0
1376,24/06/2026,city scrape,Royal King in a Luxury home FibreWiFi Free parking,Vivek,"Ottawa, Canada",t,t,Gloucester-South Nepean,Private room in home,Private room,24/06/2026,25/06/2026,t,24/06/2026,10/06/2024,13/06/2026,9.0,7.0,2.0,0.0,3.0,45.0,-75.0,2.0,1.0,2.0,1.0,126.0,126.0,126.0,1.0,7.0,25.0,55.0,82.0,294.0,39.0,19.0,20.0,4.0,4.0,4.0,4.0,4.0,4.0,1.0,3.0,0.0
1377,24/06/2026,city scrape,Beautiful Bright Basement,Mohsen,"Ottawa, Canada",t,t,Kanata South,Private room in home,Private room,25/06/2026,26/06/2026,t,24/06/2026,15/11/2023,12/06/2026,3.0,7.0,2.0,7.0,1.0,45.0,-75.0,2.0,1.0,2.0,1.0,102.0,102.0,102.0,1.0,365.0,15.0,45.0,75.0,255.0,56.0,18.0,14.0,4.0,4.0,4.0,5.0,4.0,4.0,1.0,1.0,0.0
1378,24/06/2026,city scrape,En-suite Oasis,Sandra,"Ottawa, Canada",t,t,College,Entire home,Entire home/apt,01/10/2026,31/10/2026,t,24/06/2026,13/10/2024,31/03/2026,7.0,6.0,3.0,6.0,2.0,45.0,-75.0,2.0,1.0,2.0,1.0,103.0,1626.0,103.0,30.0,365.0,12.0,29.0,53.0,235.5,22.0,1.0,1.0,4.0,4.0,4.0,4.0,4.0,4.0,1.0,2.0,1.0
1379,24/06/2026,city scrape,Cozy Home in Ottawa,Maurita,"Ottawa, Canada",t,t,Barrhaven,Entire home,Entire home/apt,09/08/2026,08/09/2026,t,24/06/2026,14/11/2023,19/04/2026,7.0,6.0,3.0,6.0,2.0,45.0,-75.0,2.0,1.0,2.0,1.0,103.0,1626.0,103.0,30.0,365.0,12.0,29.0,53.0,235.5,22.0,1.0,1.0,4.0,4.0,4.0,4.0,4.0,4.0,1.0,2.0,1.0
1380,24/06/2026,city scrape,Mini Studio Apt near Downtown Ottawa + Parking,Dunia,"Ottawa, Canada",f,t,Rideau-Vanier,Entire condo,Entire home/apt,08/07/2026,09/07/2026,t,24/06/2026,05/11/2023,14/06/2026,7.0,6.0,3.0,6.0,2.0,45.0,-75.0,2.0,1.0,2.0,1.0,103.0,1626.0,103.0,30.0,365.0,12.0,29.0,53.0,235.5,22.0,1.0,1.0,4.0,4.0,4.0,4.0,4.0,4.0,1.0,2.0,1.0
1381,24/06/2026,city scrape,Heritage House - II Downtown II Luxury II Parking,Hustlers,"Mussoorie, India",t,t,Rideau-Vanier,Entire home,Entire home/apt,04/07/2026,05/07/2026,t,24/06/2026,12/11/2023,21/06/2026,7.0,6.0,3.0,6.0,2.0,45.0,-75.0,2.0,1.0,2.0,1.0,103.0,1626.0,103.0,30.0,365.0,12.0,29.0,53.0,235.5,22.0,1.0,1.0,4.0,4.0,4.0,4.0,4.0,4.0,1.0,2.0,1.0
1382,24/06/2026,city scrape,bungalow with a cozy room,Ivan,"Ottawa, Canada",t,t,River,Private room in home,Private room,01/07/2026,02/07/2026,t,24/06/2026,05/11/2023,20/06/2026,7.0,6.0,3.0,6.0,2.0,45.0,-75.0,2.0,1.0,2.0,1.0,103.0,1626.0,103.0,30.0,365.0,12.0,29.0,53.0,235.5,22.0,1.0,1.0,4.0,4.0,4.0,4.0,4.0,4.0,1.0,2.0,1.0
1383,24/06/2026,city scrape,Large quiet room steps from the canal,Allan,"Ottawa, Canada",t,t,Capital,Private room in home,Private room,25/06/2026,27/06/2026,t,24/06/2026,20/11/2023,16/06/2026,7.0,6.0,3.0,6.0,2.0,45.0,-75.0,2.0,1.0,2.0,1.0,103.0,1626.0,103.0,30.0,365.0,12.0,29.0,53.0,235.5,22.0,1.0,1.0,4.0,4.0,4.0,4.0,4.0,4.0,1.0,2.0,1.0
1384,24/06/2026,city scrape,Heritage Loft In The Heart of Downtown Ottawa,Jenny,"Ottawa, Canada",t,t,Rideau-Vanier,Entire home,Entire home/apt,24/06/2026,25/06/2026,t,24/06/2026,31/03/2024,09/06/2026,7.0,6.0,3.0,6.0,2.0,45.0,-75.0,2.0,1.0,2.0,1.0,103.0,1626.0,103.0,30.0,365.0,12.0,29.0,53.0,235.5,22.0,1.0,1.0,4.0,4.0,4.0,4.0,4.0,4.0,1.0,2.0,1.0
1385,24/06/2026,city scrape,Small quiet room steps from the canal,Allan,"Ottawa, Canada",t,t,Capital,Private room in home,Private room,25/06/2026,26/06/2026,t,24/06/2026,26/10/2023,20/06/2026,7.0,6.0,3.0,6.0,2.0,45.0,-75.0,2.0,1.0,2.0,1.0,103.0,1626.0,103.0,30.0,365.0,12.0,29.0,53.0,235.5,22.0,1.0,1.0,4.0,4.0,4.0,4.0,4.0,4.0,1.0,2.0,1.0
1386,24/06/2026,city scrape,Large Comfy Bed + Workstation in Serene New Home,Funmi,"Ottawa, Canada",t,t,Stittsville-Kanata West,Private room in home,Private room,25/06/2026,28/06/2026,t,24/06/2026,04/11/2023,22/03/2025,7.0,6.0,3.0,6.0,2.0,45.0,-75.0,2.0,1.0,2.0,1.0,103.0,1626.0,103.0,30.0,365.0,12.0,29.0,53.0,235.5,22.0,1.0,1.0,4.0,4.0,4.0,4.0,4.0,4.0,1.0,2.0,1.0
1387,24/06/2026,city scrape,Comfy and relaxing Private room,Gbenga,"Ontario, Canada",f,t,Stittsville-Kanata West,Private room in home,Private room,26/06/2026,27/07/2026,t,24/06/2026,06/01/2024,06/01/2024,7.0,6.0,3.0,6.0,2.0,45.0,-75.0,2.0,1.0,2.0,1.0,103.0,1626.0,103.0,30.0,365.0,12.0,29.0,53.0,235.5,22.0,1.0,1.0,4.0,4.0,4.0,4.0,4.0,4.0,1.0,2.0,1.0
1388,24/06/2026,city scrape,Barhaven end unit town home,Ryan,"Ottawa, Canada",f,t,Rideau-Goulbourn,Entire home,Entire home/apt,18/07/2026,17/08/2026,t,24/06/2026,10,10,2.0,7.0,2.0,7.0,1.0,45.0,-75.0,4.0,1.0,2.0,2.0,106.0,3185.0,106.0,30.0,365.0,6.0,36.0,66.0,341.0,0.0,0.0,0.0,4.0,4.0,4.0,4.0,4.0,4.0,1.0,1.0,1.0
1389,24/06/2026,city scrape,"Room in Ottawa, ON",Pragyan,"Ottawa, Canada",t,t,Gloucester-South Nepean,Private room in home,Private room,06/07/2026,07/07/2026,t,24/06/2026,04/01/2024,16/06/2026,7.0,6.0,3.0,6.0,2.0,45.0,-75.0,2.0,1.0,2.0,1.0,103.0,1626.0,103.0,30.0,365.0,12.0,29.0,53.0,235.5,22.0,1.0,1.0,4.0,4.0,4.0,4.0,4.0,4.0,1.0,2.0,1.0
1390,24/06/2026,city scrape,"Modern, clean & close",Gilda,"Ottawa, Canada",t,t,Kitchissippi,Private room in home,Private room,09/08/2026,08/09/2026,t,24/06/2026,01/07/2024,18/10/2025,7.0,6.0,3.0,6.0,2.0,45.0,-75.0,2.0,1.0,2.0,1.0,103.0,1626.0,103.0,30.0,365.0,12.0,29.0,53.0,235.5,22.0,1.0,1.0,4.0,4.0,4.0,4.0,4.0,4.0,1.0,2.0,1.0
1391,24/06/2026,city scrape,"Dog Friendly, Free Parking, Play Pen, Backyard",Sean,"Ottawa, Canada",t,t,Bay,Entire home,Entire home/apt,01/07/2026,31/07/2026,t,24/06/2026,14/12/2023,31/03/2026,7.0,6.0,3.0,6.0,2.0,45.0,-75.0,2.0,1.0,2.0,1.0,103.0,1626.0,103.0,30.0,365.0,12.0,29.0,53.0,235.5,22.0,1.0,1.0,4.0,4.0,4.0,4.0,4.0,4.0,1.0,2.0,1.0
1392,24/06/2026,city scrape,Budget Room with Queen Bed.,Taranvir,"Ottawa, Canada",t,t,Kanata South,Private room in home,Private room,25/06/2026,26/06/2026,t,24/06/2026,19/11/2023,18/06/2026,7.0,6.0,3.0,6.0,2.0,45.0,-75.0,2.0,1.0,2.0,1.0,103.0,1626.0,103.0,30.0,365.0,12.0,29.0,53.0,235.5,22.0,1.0,1.0,4.0,4.0,4.0,4.0,4.0,4.0,1.0,2.0,1.0
1393,24/06/2026,city scrape,cozy bdroom home away from home,Margaret,"Toronto, Canada",f,t,Barrhaven,Private room in home,Private room,27/06/2026,27/07/2026,t,24/06/2026,27/12/2023,31/03/2026,8.0,1.0,6.0,6.0,4.0,45.0,-75.0,1.0,1.0,2.0,1.0,33.0,1000.0,33.0,30.0,1125.0,28.0,58.0,88.0,268.0,7.0,3.0,2.0,4.0,4.0,4.0,4.0,4.0,4.0,0.0,3.0,0.0
1394,24/06/2026,city scrape,Stylish Queen Studio Apt with Fast Wi-Fi & Parking,Eldin,"Ottawa, Canada",f,t,Kitchissippi,Entire rental unit,Entire home/apt,01/07/2026,31/07/2026,t,24/06/2026,30/01/2024,31/01/2026,7.0,6.0,3.0,6.0,2.0,45.0,-75.0,2.0,1.0,2.0,1.0,103.0,1626.0,103.0,30.0,365.0,12.0,29.0,53.0,235.5,22.0,1.0,1.0,4.0,4.0,4.0,4.0,4.0,4.0,1.0,2.0,1.0
1395,24/06/2026,city scrape,Executive 3BR | Monthly Stays | Quiet East Ottawa,Oliver,"Ottawa, Canada",f,t,Rideau-Rockcliffe,Entire rental unit,Entire home/apt,07/07/2026,06/08/2026,t,24/06/2026,29/11/2023,03/06/2026,7.0,6.0,3.0,6.0,2.0,45.0,-75.0,2.0,1.0,2.0,1.0,103.0,1626.0,103.0,30.0,365.0,12.0,29.0,53.0,235.5,22.0,1.0,1.0,4.0,4.0,4.0,4.0,4.0,4.0,1.0,2.0,1.0
1396,24/06/2026,city scrape,"Cozy 1 BDRM w Parking, Patio & Private Entrance",Lisa,"Ontario, Canada",t,t,Rideau-Rockcliffe,Entire rental unit,Entire home/apt,05/07/2026,04/08/2026,t,24/06/2026,22/01/2024,11/09/2025,7.0,6.0,3.0,6.0,2.0,45.0,-75.0,2.0,1.0,2.0,1.0,103.0,1626.0,103.0,30.0,365.0,12.0,29.0,53.0,235.5,22.0,1.0,1.0,4.0,4.0,4.0,4.0,4.0,4.0,1.0,2.0,1.0
1397,24/06/2026,city scrape,"Luxury Living, Little Italy",Babak,"Ottawa, Canada",t,t,Somerset,Entire condo,Entire home/apt,01/01/2027,31/01/2027,t,24/06/2026,07/01/2024,01/05/2026,7.0,6.0,3.0,6.0,2.0,45.0,-75.0,2.0,1.0,2.0,1.0,103.0,1626.0,103.0,30.0,365.0,12.0,29.0,53.0,235.5,22.0,1.0,1.0,4.0,4.0,4.0,4.0,4.0,4.0,1.0,2.0,1.0
1398,24/06/2026,city scrape,"Private Bedroom , King bed,  separate  Bathroom",Olusola,"Ottawa, Canada",t,t,Cumberland,Private room in bungalow,Private room,01/07/2026,02/07/2026,t,24/06/2026,11/12/2023,01/06/2026,7.0,10.0,7.0,1.0,1.0,45.0,-75.0,2.0,1.0,2.0,1.0,115.0,115.0,115.0,1.0,365.0,23.0,30.0,51.0,326.0,17.0,5.0,6.0,4.0,4.0,4.0,4.0,4.0,4.0,0.0,1.0,0.0
1399,24/06/2026,city scrape,Serenity Stays on Half Moon Bay,Saheedat,"Ottawa, Canada",t,t,Barrhaven,Private room in home,Private room,25/06/2026,26/06/2026,t,24/06/2026,26/10/2024,26/05/2026,2.0,7.0,1.0,8.0,1.0,45.0,-75.0,2.0,1.0,2.0,1.0,115.0,115.0,115.0,1.0,1125.0,2.0,23.0,53.0,312.0,36.0,20.0,20.0,4.0,4.0,4.0,4.0,4.0,4.0,1.0,1.0,0.0
1400,24/06/2026,city scrape,Retro Mid Century Bachelor,Jenny,"Ottawa, Canada",t,t,Rideau-Vanier,Entire rental unit,Entire home/apt,01/08/2026,31/08/2026,t,24/06/2026,26/08/2024,20/11/2025,7.0,6.0,3.0,6.0,2.0,45.0,-75.0,2.0,1.0,2.0,1.0,103.0,1626.0,103.0,30.0,365.0,12.0,29.0,53.0,235.5,22.0,1.0,1.0,4.0,4.0,4.0,4.0,4.0,4.0,1.0,2.0,1.0
1401,24/06/2026,city scrape,1974 Airstream Ambassador,Allison,"Ottawa, Canada",f,t,Rideau-Goulbourn,Camper/RV,Entire home/apt,25/06/2026,25/07/2026,t,24/06/2026,10,10,7.0,6.0,3.0,6.0,2.0,45.0,-75.0,2.0,1.0,2.0,1.0,103.0,1626.0,103.0,30.0,365.0,12.0,29.0,53.0,235.5,22.0,1.0,1.0,4.0,4.0,4.0,4.0,4.0,4.0,1.0,2.0,1.0
1402,24/06/2026,city scrape,casa Eve,Evelyne,"Ottawa, Canada",f,t,Capital,Entire rental unit,Entire home/apt,01/11/2026,01/12/2026,t,24/06/2026,23/11/2023,03/06/2026,7.0,6.0,3.0,6.0,2.0,45.0,-75.0,2.0,1.0,2.0,1.0,103.0,1626.0,103.0,30.0,365.0,12.0,29.0,53.0,235.5,22.0,1.0,1.0,4.0,4.0,4.0,4.0,4.0,4.0,1.0,2.0,1.0
1403,24/06/2026,city scrape,Private Bachelor Pad Basement,Luxury,"Ottawa, Canada",f,t,River,Private room in home,Private room,25/06/2026,25/07/2026,t,24/06/2026,10,10,7.0,6.0,3.0,6.0,2.0,45.0,-75.0,2.0,1.0,2.0,1.0,103.0,1626.0,103.0,30.0,365.0,12.0,29.0,53.0,235.5,22.0,1.0,1.0,4.0,4.0,4.0,4.0,4.0,4.0,1.0,2.0,1.0
1404,24/06/2026,city scrape,BRAND NEW Luxury Oasis With KING SIZE BED,Maame,"Ottawa, Canada",f,t,Kanata South,Private room in townhouse,Private room,26/06/2026,28/06/2026,t,24/06/2026,01/02/2024,31/05/2026,7.0,6.0,3.0,6.0,2.0,45.0,-75.0,2.0,1.0,2.0,1.0,103.0,1626.0,103.0,30.0,365.0,12.0,29.0,53.0,235.5,22.0,1.0,1.0,4.0,4.0,4.0,4.0,4.0,4.0,1.0,2.0,1.0
1405,24/06/2026,city scrape,Room 3 comes with its own private bathroom,Lara,"Ottawa, Canada",t,f,Knoxdale-Merivale,Private room in bungalow,Private room,25/06/2026,25/07/2026,t,24/06/2026,26/11/2023,05/12/2025,7.0,6.0,3.0,6.0,2.0,45.0,-75.0,2.0,1.0,2.0,1.0,103.0,1626.0,103.0,30.0,365.0,12.0,29.0,53.0,235.5,22.0,1.0,1.0,4.0,4.0,4.0,4.0,4.0,4.0,1.0,2.0,1.0
1406,24/06/2026,city scrape,Adorable Condo in Ottawa West w/ Parking + Laundry,Chantelle,"Ottawa, Canada",f,t,Kanata South,Entire condo,Entire home/apt,31/10/2026,30/11/2026,t,24/06/2026,30/06/2024,01/11/2025,7.0,6.0,3.0,6.0,2.0,45.0,-75.0,2.0,1.0,2.0,1.0,103.0,1626.0,103.0,30.0,365.0,12.0,29.0,53.0,235.5,22.0,1.0,1.0,4.0,4.0,4.0,4.0,4.0,4.0,1.0,2.0,1.0
1407,24/06/2026,city scrape,CHAW’s Corner,Chaw Su,"Ottawa, Canada",t,t,Kitchissippi,Entire serviced apartment,Entire home/apt,02/07/2026,03/07/2026,t,24/06/2026,05/12/2023,14/06/2026,7.0,6.0,3.0,6.0,2.0,45.0,-75.0,2.0,1.0,2.0,1.0,103.0,1626.0,103.0,30.0,365.0,12.0,29.0,53.0,235.5,22.0,1.0,1.0,4.0,4.0,4.0,4.0,4.0,4.0,1.0,2.0,1.0
1408,24/06/2026,city scrape,Beautiful Mediterranean 4 bed home in the Glebe,Adam,"Ottawa, Canada",f,t,Capital,Entire rental unit,Entire home/apt,27/06/2026,30/06/2026,t,24/06/2026,27/05/2024,15/06/2026,7.0,6.0,3.0,6.0,2.0,45.0,-75.0,2.0,1.0,2.0,1.0,103.0,1626.0,103.0,30.0,365.0,12.0,29.0,53.0,235.5,22.0,1.0,1.0,4.0,4.0,4.0,4.0,4.0,4.0,1.0,2.0,1.0
1409,24/06/2026,city scrape,Monthly Queen Room | Desk | uOttawa & St. Laurent,Ali,"Ottawa, Canada",f,t,Rideau-Rockcliffe,Private room in home,Private room,12/07/2026,11/08/2026,t,24/06/2026,26/11/2023,01/10/2025,7.0,6.0,3.0,6.0,2.0,45.0,-75.0,2.0,1.0,2.0,1.0,103.0,1626.0,103.0,30.0,365.0,12.0,29.0,53.0,235.5,22.0,1.0,1.0,4.0,4.0,4.0,4.0,4.0,4.0,1.0,2.0,1.0
1410,24/06/2026,city scrape,Furnished 4-Bedroom in Ottawa,Lisa,"Gatineau, Canada",f,t,Rideau-Vanier,Entire rental unit,Entire home/apt,01/01/2027,31/01/2027,t,24/06/2026,10,10,7.0,6.0,3.0,6.0,2.0,45.0,-75.0,2.0,1.0,2.0,1.0,103.0,1626.0,103.0,30.0,365.0,12.0,29.0,53.0,235.5,22.0,1.0,1.0,4.0,4.0,4.0,4.0,4.0,4.0,1.0,2.0,1.0
1411,24/06/2026,city scrape,Basement Apart. - Business traveler's Quick Stop,Renuka,"Ottawa, Canada",f,t,Rideau-Goulbourn,Private room in home,Private room,12/07/2026,13/07/2026,t,24/06/2026,05/06/2025,29/05/2026,2.0,6.0,1.0,0.0,1.0,45.0,-75.0,1.0,1.0,2.0,1.0,115.0,115.0,115.0,1.0,1125.0,12.0,42.0,72.0,252.0,15.0,11.0,12.0,4.0,4.0,4.0,5.0,4.0,4.0,1.0,1.0,0.0
1412,24/06/2026,city scrape,"Top logement – Propre, moderne et bien situé",Sergio,"Ottawa, Canada",f,t,Rideau-Rockcliffe,Entire rental unit,Entire home/apt,03/08/2026,02/09/2026,t,24/06/2026,29/03/2026,24/05/2026,7.0,6.0,3.0,6.0,2.0,45.0,-75.0,2.0,1.0,2.0,1.0,103.0,1626.0,103.0,30.0,365.0,12.0,29.0,53.0,235.5,22.0,1.0,1.0,4.0,4.0,4.0,4.0,4.0,4.0,1.0,2.0,1.0
1413,24/06/2026,city scrape,Bedroom/bathroom with river view,Chas,Canada,f,t,Bay,Private room in home,Private room,25/06/2026,25/07/2026,t,24/06/2026,31/07/2025,30/09/2025,7.0,6.0,3.0,6.0,2.0,45.0,-75.0,2.0,1.0,2.0,1.0,103.0,1626.0,103.0,30.0,365.0,12.0,29.0,53.0,235.5,22.0,1.0,1.0,4.0,4.0,4.0,4.0,4.0,4.0,1.0,2.0,1.0
1414,24/06/2026,city scrape,Urban Retreat In Kanata Tech Hub,Prince,"Ottawa, Canada",t,t,Kanata North,Entire home,Entire home/apt,05/07/2026,06/07/2026,t,24/06/2026,21/01/2024,21/06/2026,7.0,6.0,3.0,6.0,2.0,45.0,-75.0,2.0,1.0,2.0,1.0,103.0,1626.0,103.0,30.0,365.0,12.0,29.0,53.0,235.5,22.0,1.0,1.0,4.0,4.0,4.0,4.0,4.0,4.0,1.0,2.0,1.0
1415,24/06/2026,city scrape,Stay with Cassandra,Cassandra,"Ottawa, Canada",t,t,Rideau-Rockcliffe,Private room in rental unit,Private room,06/07/2026,08/07/2026,t,24/06/2026,04/12/2023,06/06/2026,12.0,6.0,2.0,9.0,2.0,45.0,-75.0,1.0,1.0,2.0,1.0,98.0,197.0,98.0,2.0,150.0,15.0,34.0,47.0,322.0,58.0,18.0,19.0,4.0,4.0,4.0,5.0,4.0,4.0,1.0,2.0,1.0
1416,24/06/2026,city scrape,Stylish & Modern Townhome –Perfect Ottawa Getaway!,Chris,"Ottawa, Canada",t,t,Stittsville-Kanata West,Entire townhouse,Entire home/apt,25/06/2026,26/06/2026,t,24/06/2026,21/06/2024,21/06/2026,7.0,6.0,3.0,6.0,2.0,45.0,-75.0,2.0,1.0,2.0,1.0,103.0,1626.0,103.0,30.0,365.0,12.0,29.0,53.0,235.5,22.0,1.0,1.0,4.0,4.0,4.0,4.0,4.0,4.0,1.0,2.0,1.0
1417,02/07/2026,previous scrape,Emerald Bungalow. 8 mins to CND Tire Ctr.,Harry,"Ottawa, Canada",t,t,Stittsville-Kanata West,Entire guesthouse,Entire home/apt,04/07/2026,06/07/2026,t,02/07/2026,31/01/2024,20/06/2026,7.0,6.0,3.0,6.0,2.0,45.0,-75.0,2.0,1.0,2.0,1.0,103.0,1626.0,103.0,30.0,365.0,12.0,29.0,53.0,235.5,22.0,1.0,1.0,4.0,4.0,4.0,4.0,4.0,4.0,1.0,2.0,1.0
1418,24/06/2026,city scrape,Spacious and Bright Hidden Gem in Trendy Westboro,Michael,"Ottawa, Canada",t,t,Kitchissippi,Entire home,Entire home/apt,11/09/2026,11/10/2026,t,24/06/2026,30/03/2024,05/07/2025,7.0,6.0,3.0,6.0,2.0,45.0,-75.0,2.0,1.0,2.0,1.0,103.0,1626.0,103.0,30.0,365.0,12.0,29.0,53.0,235.5,22.0,1.0,1.0,4.0,4.0,4.0,4.0,4.0,4.0,1.0,2.0,1.0
1419,24/06/2026,city scrape,Beechwood 3 Bdrm Upper Level of House w/ Backyard,Sarah And Sy,"Ottawa, Canada",t,t,Rideau-Vanier,Entire rental unit,Entire home/apt,24/10/2026,23/11/2026,t,24/06/2026,03/05/2025,01/05/2026,7.0,6.0,3.0,6.0,2.0,45.0,-75.0,2.0,1.0,2.0,1.0,103.0,1626.0,103.0,30.0,365.0,12.0,29.0,53.0,235.5,22.0,1.0,1.0,4.0,4.0,4.0,4.0,4.0,4.0,1.0,2.0,1.0
1420,24/06/2026,city scrape,"The Victorian Central - 15mins DT, 3 beds",Eddy,"Ottawa, Canada",t,t,River,Entire townhouse,Entire home/apt,26/06/2026,27/07/2026,t,24/06/2026,28/12/2023,30/01/2026,7.0,6.0,3.0,6.0,2.0,45.0,-75.0,2.0,1.0,2.0,1.0,103.0,1626.0,103.0,30.0,365.0,12.0,29.0,53.0,235.5,22.0,1.0,1.0,4.0,4.0,4.0,4.0,4.0,4.0,1.0,2.0,1.0
1421,24/06/2026,city scrape,"Spacious 3,000 sqft 4BR Gym• Parking• Private Yard",Cynthia,"Ottawa, Canada",t,t,Stittsville-Kanata West,Entire home,Entire home/apt,04/09/2026,11/09/2026,t,24/06/2026,08/04/2024,13/06/2026,7.0,6.0,3.0,6.0,2.0,45.0,-75.0,2.0,1.0,2.0,1.0,103.0,1626.0,103.0,30.0,365.0,12.0,29.0,53.0,235.5,22.0,1.0,1.0,4.0,4.0,4.0,4.0,4.0,4.0,1.0,2.0,1.0
1422,24/06/2026,city scrape,Master Bedroom with Ensuite Bathroom | Smart TV,Leo,"Ottawa, Canada",f,t,Rideau-Goulbourn,Private room in townhouse,Private room,01/07/2026,31/07/2026,t,24/06/2026,14/04/2024,01/09/2025,7.0,6.0,3.0,6.0,2.0,45.0,-75.0,2.0,1.0,2.0,1.0,103.0,1626.0,103.0,30.0,365.0,12.0,29.0,53.0,235.5,22.0,1.0,1.0,4.0,4.0,4.0,4.0,4.0,4.0,1.0,2.0,1.0
1423,24/06/2026,city scrape,Spacious basement in Barrahevn,Mary,Canada,f,t,Barrhaven,Private room in home,Private room,29/06/2026,30/06/2026,t,24/06/2026,10,10,7.0,3.0,7.0,3.0,2.0,45.0,-75.0,1.0,1.0,2.0,1.0,92.0,92.0,92.0,1.0,365.0,24.0,54.0,84.0,264.0,0.0,0.0,0.0,4.0,4.0,4.0,4.0,4.0,4.0,1.0,2.0,0.0
1424,24/06/2026,city scrape,Modern Queen Studio Apt with Fast Wi-Fi & Parking,Eldin,"Ottawa, Canada",f,t,Kitchissippi,Entire rental unit,Entire home/apt,12/07/2026,11/08/2026,t,24/06/2026,29/02/2024,23/04/2026,10.0,4.0,3.0,4.0,4.0,45.0,-75.0,2.0,1.0,1.0,1.0,103.0,3093.0,103.0,30.0,1125.0,12.0,35.0,39.0,314.0,10.0,4.0,5.0,4.0,4.0,4.0,4.0,4.0,4.0,0.0,4.0,4.0
1425,24/06/2026,city scrape,Private 2B 10 MIN To Downtown Ottawa,Sean,"Ottawa, Canada",f,t,Kitchissippi,Entire rental unit,Entire home/apt,29/06/2026,30/06/2026,t,24/06/2026,26/01/2024,07/06/2026,7.0,6.0,3.0,6.0,2.0,45.0,-75.0,2.0,1.0,2.0,1.0,103.0,1626.0,103.0,30.0,365.0,12.0,29.0,53.0,235.5,22.0,1.0,1.0,4.0,4.0,4.0,4.0,4.0,4.0,1.0,2.0,1.0
1426,02/07/2026,previous scrape,Vacation stay 3,Mamadou,"Ottawa, Canada",f,t,Bay,Entire home,Entire home/apt,0000-00-00,"""0000-00-00""",t,02/07/2026,29/01/2024,17/02/2024,3.0,5.0,2.0,5.0,1.0,45.0,-75.0,2.0,1.0,1.0,2.0,173.0,2246.0,173.0,30.0,1125.0,0.0,0.0,0.0,0.0,2.0,0.0,0.0,4.0,4.0,4.0,5.0,4.0,4.0,0.0,1.0,1.0
1427,24/06/2026,city scrape,A  central & roomy unit + office,Tobi,"Ottawa, Canada",f,t,Gloucester-Southgate,Private room in rental unit,Private room,25/06/2026,25/07/2026,t,24/06/2026,10,10,3.0,9.0,2.0,5.0,1.0,45.0,-75.0,1.0,1.0,2.0,1.0,47.0,1438.0,47.0,30.0,365.0,29.0,59.0,89.0,89.0,0.0,0.0,0.0,4.0,4.0,4.0,4.0,4.0,4.0,1.0,1.0,0.0
1428,24/06/2026,city scrape,"Luxurious and Beautiful, Ottawa",Esther,"Ottawa, Canada",t,t,Rideau-Goulbourn,Entire home,Entire home/apt,12/08/2026,14/08/2026,t,24/06/2026,31/03/2024,21/06/2026,7.0,6.0,3.0,6.0,2.0,45.0,-75.0,2.0,1.0,2.0,1.0,103.0,1626.0,103.0,30.0,365.0,12.0,29.0,53.0,235.5,22.0,1.0,1.0,4.0,4.0,4.0,4.0,4.0,4.0,1.0,2.0,1.0
1429,24/06/2026,city scrape,The East Room,Suhani,"Ottawa, Canada",t,t,Cumberland,Private room in home,Private room,06/07/2026,09/07/2026,t,24/06/2026,19/02/2024,30/05/2026,7.0,6.0,3.0,6.0,2.0,45.0,-75.0,2.0,1.0,2.0,1.0,103.0,1626.0,103.0,30.0,365.0,12.0,29.0,53.0,235.5,22.0,1.0,1.0,4.0,4.0,4.0,4.0,4.0,4.0,1.0,2.0,1.0
1430,24/06/2026,city scrape,Two cozy bedrooms in a Three bedroom townhouse.,Mizpah,"Ottawa, Canada",t,t,Osgoode,Private room in townhouse,Private room,04/08/2026,03/09/2026,t,24/06/2026,25/01/2024,19/08/2025,8.0,2.0,2.0,5.0,5.0,45.0,-75.0,4.0,1.0,2.0,2.0,117.0,3530.0,117.0,30.0,365.0,13.0,32.0,62.0,337.0,40.0,9.0,15.0,4.0,4.0,4.0,4.0,4.0,4.0,1.0,5.0,0.0
1431,24/06/2026,city scrape,Superb 2BD|Orleans-5min to Beach|Laundry & Parking,Thierno,"Ottawa, Canada",f,t,Cumberland,Entire rental unit,Entire home/apt,05/07/2026,07/07/2026,t,24/06/2026,22/01/2024,21/06/2026,7.0,6.0,3.0,6.0,2.0,45.0,-75.0,2.0,1.0,2.0,1.0,103.0,1626.0,103.0,30.0,365.0,12.0,29.0,53.0,235.5,22.0,1.0,1.0,4.0,4.0,4.0,4.0,4.0,4.0,1.0,2.0,1.0
1432,24/06/2026,city scrape,Elegant basement with private Bathroom (BS),Tobby,"Ottawa, Canada",f,t,Rideau-Goulbourn,Private room in home,Private room,01/01/2027,31/01/2027,t,24/06/2026,31/03/2024,02/01/2026,2.0,5.0,2.0,4.0,5.0,45.0,-75.0,2.0,1.0,2.0,1.0,75.0,2276.0,75.0,30.0,365.0,0.0,0.0,0.0,79.0,23.0,12.0,11.0,4.0,4.0,4.0,4.0,4.0,4.0,0.0,5.0,0.0
1433,24/06/2026,city scrape,Elegant room with private bathroom. (RM2),Tobby,"Ottawa, Canada",f,t,Rideau-Goulbourn,Private room in home,Private room,25/06/2026,26/06/2026,t,24/06/2026,05/02/2024,21/06/2026,7.0,6.0,3.0,6.0,2.0,45.0,-75.0,2.0,1.0,2.0,1.0,103.0,1626.0,103.0,30.0,365.0,12.0,29.0,53.0,235.5,22.0,1.0,1.0,4.0,4.0,4.0,4.0,4.0,4.0,1.0,2.0,1.0
1434,24/06/2026,city scrape,Elegant room in cozy home.,Tobby,"Ottawa, Canada",f,t,Rideau-Goulbourn,Private room in home,Private room,30/08/2026,31/08/2026,t,24/06/2026,17/12/2024,14/06/2026,2.0,5.0,2.0,4.0,5.0,45.0,-75.0,2.0,1.0,2.0,1.0,75.0,75.0,75.0,1.0,365.0,0.0,0.0,15.0,195.0,37.0,34.0,30.0,4.0,4.0,4.0,4.0,4.0,4.0,2.0,5.0,0.0
1435,24/06/2026,city scrape,Elegant Executive Home Sleeps 6!,Abimbola Oluwaseyi,"Ottawa, Canada",t,t,Gloucester-South Nepean,Entire townhouse,Entire home/apt,12/07/2026,15/07/2026,t,24/06/2026,24/03/2024,09/06/2026,7.0,6.0,3.0,6.0,2.0,45.0,-75.0,2.0,1.0,2.0,1.0,103.0,1626.0,103.0,30.0,365.0,12.0,29.0,53.0,235.5,22.0,1.0,1.0,4.0,4.0,4.0,4.0,4.0,4.0,1.0,2.0,1.0
1436,24/06/2026,city scrape,A home away from home,Dahabo,"Ottawa, Canada",f,t,Somerset,Entire home,Entire home/apt,14/07/2026,13/08/2026,t,24/06/2026,10,10,7.0,6.0,3.0,6.0,2.0,45.0,-75.0,2.0,1.0,2.0,1.0,103.0,1626.0,103.0,30.0,365.0,12.0,29.0,53.0,235.5,22.0,1.0,1.0,4.0,4.0,4.0,4.0,4.0,4.0,1.0,2.0,1.0
1437,24/06/2026,city scrape,Country living close to city,Richard,"Ottawa, Canada",t,t,West Carleton-March,Entire rental unit,Entire home/apt,16/10/2026,15/11/2026,t,24/06/2026,31/05/2024,12/05/2026,7.0,6.0,3.0,6.0,2.0,45.0,-75.0,2.0,1.0,2.0,1.0,103.0,1626.0,103.0,30.0,365.0,12.0,29.0,53.0,235.5,22.0,1.0,1.0,4.0,4.0,4.0,4.0,4.0,4.0,1.0,2.0,1.0
1438,24/06/2026,city scrape,A Furnished Room in a Friendly Setting,Janice And Garry,"Ontario, Canada",t,t,College,Private room in home,Private room,12/07/2026,11/08/2026,t,24/06/2026,01/03/2024,07/01/2026,7.0,6.0,3.0,6.0,2.0,45.0,-75.0,2.0,1.0,2.0,1.0,103.0,1626.0,103.0,30.0,365.0,12.0,29.0,53.0,235.5,22.0,1.0,1.0,4.0,4.0,4.0,4.0,4.0,4.0,1.0,2.0,1.0
1439,24/06/2026,city scrape,Private bedroom&bath at westboro,Nadine,"Ottawa, Canada",t,t,Kitchissippi,Private room in home,Private room,25/06/2026,25/07/2026,t,24/06/2026,10,10,3.0,0.0,3.0,0.0,3.0,45.0,-75.0,1.0,1.0,2.0,1.0,63.0,1890.0,63.0,30.0,1125.0,29.0,59.0,89.0,179.0,0.0,0.0,0.0,4.0,4.0,4.0,4.0,4.0,4.0,1.0,1.0,0.0
1440,24/06/2026,city scrape,Cozy house in Orleans,Maria,"Ottawa, Canada",f,t,Cumberland,Entire home,Entire home/apt,31/03/2027,30/04/2027,t,24/06/2026,31/05/2024,30/04/2026,7.0,6.0,3.0,6.0,2.0,45.0,-75.0,2.0,1.0,2.0,1.0,103.0,1626.0,103.0,30.0,365.0,12.0,29.0,53.0,235.5,22.0,1.0,1.0,4.0,4.0,4.0,4.0,4.0,4.0,1.0,2.0,1.0
1441,24/06/2026,city scrape,3-Bedroom Retreat Close to Downtown Ottawa,Ruzanna,"Ottawa, Canada",t,t,Innes,Entire home,Entire home/apt,29/06/2026,30/06/2026,t,24/06/2026,01/03/2024,10/06/2026,7.0,6.0,3.0,6.0,2.0,45.0,-75.0,2.0,1.0,2.0,1.0,103.0,1626.0,103.0,30.0,365.0,12.0,29.0,53.0,235.5,22.0,1.0,1.0,4.0,4.0,4.0,4.0,4.0,4.0,1.0,2.0,1.0
1442,24/06/2026,city scrape,2 bedrooms + den near downtown,Chika,"Ottawa, Canada",f,t,Rideau-Rockcliffe,Entire rental unit,Entire home/apt,01/07/2026,31/07/2026,t,24/06/2026,01/09/2025,12/10/2025,7.0,6.0,3.0,6.0,2.0,45.0,-75.0,2.0,1.0,2.0,1.0,103.0,1626.0,103.0,30.0,365.0,12.0,29.0,53.0,235.5,22.0,1.0,1.0,4.0,4.0,4.0,4.0,4.0,4.0,1.0,2.0,1.0
1443,24/06/2026,city scrape,Lovely Place Downtown Ottawa 21D,Sam,"Ottawa, Canada",f,t,Rideau-Vanier,Entire rental unit,Entire home/apt,30/06/2026,01/07/2026,t,24/06/2026,03/02/2024,24/05/2026,7.0,6.0,3.0,6.0,2.0,45.0,-75.0,2.0,1.0,2.0,1.0,103.0,1626.0,103.0,30.0,365.0,12.0,29.0,53.0,235.5,22.0,1.0,1.0,4.0,4.0,4.0,4.0,4.0,4.0,1.0,2.0,1.0
1444,02/07/2026,previous scrape,Cozy Home in Ottawa - 2 bed 1 bath - free parking,Angela,"Ottawa, Canada",t,t,River,Entire home,Entire home/apt,0000-00-00,"""0000-00-00""",t,02/07/2026,20/01/2024,10/04/2026,10.0,6.0,7.0,7.0,3.0,45.0,-75.0,4.0,1.0,2.0,2.0,173.0,2246.0,173.0,1.0,1125.0,0.0,0.0,0.0,0.0,23.0,9.0,0.0,4.0,4.0,4.0,4.0,4.0,4.0,0.0,1.0,1.0
1445,24/06/2026,city scrape,Bright and Cozy 2-Bedroom Home,Amer,"Ottawa, Canada",t,t,Barrhaven,Entire home,Entire home/apt,27/09/2026,27/10/2026,t,24/06/2026,19/09/2025,14/06/2026,6.0,11.0,0.0,9.0,1.0,45.0,-75.0,4.0,1.0,2.0,2.0,114.0,3426.0,114.0,30.0,365.0,8.0,20.0,32.0,304.0,29.0,29.0,13.0,4.0,4.0,4.0,4.0,4.0,4.0,3.0,1.0,1.0
1446,24/06/2026,city scrape,Zaw’s Hidden Gems,Zaw,"Ottawa, Canada",f,t,Rideau-Goulbourn,Entire home,Entire home/apt,12/07/2026,14/07/2026,t,24/06/2026,11/02/2024,24/05/2026,3.0,7.0,2.0,7.0,1.0,45.0,-75.0,6.0,1.0,3.0,2.0,320.0,640.0,320.0,1.0,365.0,6.0,7.0,12.0,13.0,34.0,1.0,1.0,4.0,4.0,5.0,5.0,4.0,4.0,1.0,1.0,1.0
1447,24/06/2026,city scrape,Amazing 2 Level Home Ideal Location Free Parking,Tatyana,"Ottawa, Canada",t,t,Rideau-Vanier,Entire home,Entire home/apt,07/07/2026,10/07/2026,t,24/06/2026,08/02/2024,13/06/2026,7.0,6.0,3.0,6.0,2.0,45.0,-75.0,2.0,1.0,2.0,1.0,103.0,1626.0,103.0,30.0,365.0,12.0,29.0,53.0,235.5,22.0,1.0,1.0,4.0,4.0,4.0,4.0,4.0,4.0,1.0,2.0,1.0
1448,24/06/2026,city scrape,Superb room for students/workers,Seynabou,"Ottawa, Canada",f,t,Beacon Hill-Cyrville,Private room in rental unit,Private room,25/06/2026,25/07/2026,t,24/06/2026,10,10,7.0,6.0,3.0,6.0,2.0,45.0,-75.0,2.0,1.0,2.0,1.0,103.0,1626.0,103.0,30.0,365.0,12.0,29.0,53.0,235.5,22.0,1.0,1.0,4.0,4.0,4.0,4.0,4.0,4.0,1.0,2.0,1.0
1449,24/06/2026,city scrape,Single Home- Dwtn 17 min-Airport 7- Monthly Rental,Mohammad,"Ottawa, Canada",t,t,Gloucester-South Nepean,Entire home,Entire home/apt,06/09/2026,06/10/2026,t,24/06/2026,04/02/2024,25/01/2026,7.0,6.0,3.0,6.0,2.0,45.0,-75.0,2.0,1.0,2.0,1.0,103.0,1626.0,103.0,30.0,365.0,12.0,29.0,53.0,235.5,22.0,1.0,1.0,4.0,4.0,4.0,4.0,4.0,4.0,1.0,2.0,1.0
1450,24/06/2026,city scrape,Lt,Michael,"Ottawa, Canada",f,t,Rideau-Vanier,Entire rental unit,Entire home/apt,25/06/2026,25/07/2026,t,24/06/2026,10,10,6.0,1.0,2.0,5.0,1.0,45.0,-75.0,4.0,1.0,1.0,1.0,201.0,6033.0,201.0,30.0,365.0,29.0,59.0,89.0,269.0,0.0,0.0,0.0,4.0,4.0,4.0,4.0,4.0,4.0,1.0,1.0,1.0
1451,24/06/2026,city scrape,Private quite Bedroom near airport free parking,Mizpah,"Ottawa, Canada",t,t,Osgoode,Private room in townhouse,Private room,04/08/2026,03/09/2026,t,24/06/2026,03/02/2024,31/01/2026,7.0,6.0,3.0,6.0,2.0,45.0,-75.0,2.0,1.0,2.0,1.0,103.0,1626.0,103.0,30.0,365.0,12.0,29.0,53.0,235.5,22.0,1.0,1.0,4.0,4.0,4.0,4.0,4.0,4.0,1.0,2.0,1.0
1452,24/06/2026,city scrape,New private studio guest home,Roxanne,"Ottawa, Canada",t,t,Rideau-Vanier,Entire condo,Entire home/apt,07/11/2026,07/12/2026,t,24/06/2026,03/05/2024,31/12/2025,7.0,6.0,3.0,6.0,2.0,45.0,-75.0,2.0,1.0,2.0,1.0,103.0,1626.0,103.0,30.0,365.0,12.0,29.0,53.0,235.5,22.0,1.0,1.0,4.0,4.0,4.0,4.0,4.0,4.0,1.0,2.0,1.0
1453,02/07/2026,previous scrape,Studio with rustic vibe and own patio,Ivan,"Ottawa, Canada",f,t,Gloucester-Southgate,Entire rental unit,Entire home/apt,0000-00-00,"""0000-00-00""",t,02/07/2026,20/03/2024,19/02/2026,7.0,6.0,3.0,6.0,2.0,45.0,-75.0,2.0,1.0,2.0,1.0,103.0,1626.0,103.0,30.0,365.0,12.0,29.0,53.0,235.5,22.0,1.0,1.0,4.0,4.0,4.0,4.0,4.0,4.0,1.0,2.0,1.0
1454,24/06/2026,city scrape,Modern Walkout Basement Apartment - 2Bed/2Bath+Den,Syed,"Ottawa, Canada",t,t,Kanata North,Entire rental unit,Entire home/apt,12/07/2026,14/07/2026,t,24/06/2026,05/02/2024,08/06/2026,7.0,6.0,3.0,6.0,2.0,45.0,-75.0,2.0,1.0,2.0,1.0,103.0,1626.0,103.0,30.0,365.0,12.0,29.0,53.0,235.5,22.0,1.0,1.0,4.0,4.0,4.0,4.0,4.0,4.0,1.0,2.0,1.0
1455,24/06/2026,city scrape,2bed2bath in Kanata Stittsville,Happy Stay Property Management,"Ottawa, Canada",f,t,Kanata South,Entire home,Entire home/apt,20/08/2026,19/09/2026,t,24/06/2026,23/03/2024,17/01/2025,7.0,6.0,3.0,6.0,2.0,45.0,-75.0,2.0,1.0,2.0,1.0,103.0,1626.0,103.0,30.0,365.0,12.0,29.0,53.0,235.5,22.0,1.0,1.0,4.0,4.0,4.0,4.0,4.0,4.0,1.0,2.0,1.0
1456,02/07/2026,previous scrape,Private room “white” with separate entrance,Salman,"Ottawa, Canada",f,t,Knoxdale-Merivale,Private room in home,Private room,0000-00-00,"""0000-00-00""",t,02/07/2026,24/02/2024,14/09/2024,11.0,7.0,3.0,8.0,9.0,45.0,-75.0,2.0,1.0,2.0,2.0,173.0,2246.0,173.0,1.0,365.0,0.0,0.0,0.0,0.0,17.0,0.0,0.0,4.0,4.0,4.0,4.0,4.0,4.0,0.0,7.0,0.0
1457,24/06/2026,city scrape,Private Comfortable Guest Room Near Airport Ottawa,Khan,"Ottawa, Canada",f,t,Osgoode,Private room in townhouse,Private room,29/06/2026,29/07/2026,t,24/06/2026,16/02/2024,26/05/2026,2.0,5.0,2.0,4.0,4.0,45.0,-75.0,2.0,1.0,2.0,1.0,54.0,1649.0,54.0,30.0,365.0,26.0,54.0,84.0,359.0,93.0,29.0,27.0,4.0,4.0,4.0,4.0,4.0,4.0,3.0,4.0,1.0
1458,24/06/2026,city scrape,Modern 3-Bedroom Townhouse,Khan,"Ottawa, Canada",f,t,Osgoode,Entire home,Entire home/apt,16/08/2026,15/09/2026,t,24/06/2026,24/06/2024,11/07/2025,7.0,6.0,3.0,6.0,2.0,45.0,-75.0,2.0,1.0,2.0,1.0,103.0,1626.0,103.0,30.0,365.0,12.0,29.0,53.0,235.5,22.0,1.0,1.0,4.0,4.0,4.0,4.0,4.0,4.0,1.0,2.0,1.0
1459,24/06/2026,city scrape,Hephzibah & Beulah (Master Bed),Damola,"Ottawa, Canada",f,t,Barrhaven,Private room in home,Private room,01/08/2026,31/08/2026,t,24/06/2026,23/04/2024,25/08/2025,7.0,6.0,3.0,6.0,2.0,45.0,-75.0,2.0,1.0,2.0,1.0,103.0,1626.0,103.0,30.0,365.0,12.0,29.0,53.0,235.5,22.0,1.0,1.0,4.0,4.0,4.0,4.0,4.0,4.0,1.0,2.0,1.0
1460,24/06/2026,city scrape,Furnished 4 Bedrooms 3.5 Bath House in Ottawa,Ademola,"Ottawa, Canada",f,t,Stittsville-Kanata West,Entire home,Entire home/apt,02/08/2026,01/09/2026,t,24/06/2026,05/04/2024,05/10/2025,7.0,6.0,3.0,6.0,2.0,45.0,-75.0,2.0,1.0,2.0,1.0,103.0,1626.0,103.0,30.0,365.0,12.0,29.0,53.0,235.5,22.0,1.0,1.0,4.0,4.0,4.0,4.0,4.0,4.0,1.0,2.0,1.0
1461,24/06/2026,city scrape,Quiet Ensuite With Private Bathroom and Workspace,Khan,"Ottawa, Canada",f,t,Osgoode,Private room in home,Private room,16/08/2026,15/09/2026,t,24/06/2026,23/02/2024,26/05/2026,7.0,6.0,3.0,6.0,2.0,45.0,-75.0,2.0,1.0,2.0,1.0,103.0,1626.0,103.0,30.0,365.0,12.0,29.0,53.0,235.5,22.0,1.0,1.0,4.0,4.0,4.0,4.0,4.0,4.0,1.0,2.0,1.0
1462,24/06/2026,city scrape,Private Quiet Guest Room in Ottawa,Khan,"Ottawa, Canada",f,t,Osgoode,Private room in home,Private room,29/06/2026,29/07/2026,t,24/06/2026,25/02/2024,05/06/2026,7.0,6.0,3.0,6.0,2.0,45.0,-75.0,2.0,1.0,2.0,1.0,103.0,1626.0,103.0,30.0,365.0,12.0,29.0,53.0,235.5,22.0,1.0,1.0,4.0,4.0,4.0,4.0,4.0,4.0,1.0,2.0,1.0
1463,24/06/2026,city scrape,Britannia by the Beach,Taha,"Ottawa, Canada",f,t,Bay,Entire home,Entire home/apt,05/07/2026,08/07/2026,t,24/06/2026,19/07/2024,14/06/2026,7.0,6.0,3.0,6.0,2.0,45.0,-75.0,2.0,1.0,2.0,1.0,103.0,1626.0,103.0,30.0,365.0,12.0,29.0,53.0,235.5,22.0,1.0,1.0,4.0,4.0,4.0,4.0,4.0,4.0,1.0,2.0,1.0
1464,24/06/2026,city scrape,Cozy & Quite Room near Ottawa airport free parking,Mizpah,"Ottawa, Canada",t,t,Osgoode,Private room in townhouse,Private room,04/08/2026,03/09/2026,t,24/06/2026,02/03/2024,18/02/2026,7.0,6.0,3.0,6.0,2.0,45.0,-75.0,2.0,1.0,2.0,1.0,103.0,1626.0,103.0,30.0,365.0,12.0,29.0,53.0,235.5,22.0,1.0,1.0,4.0,4.0,4.0,4.0,4.0,4.0,1.0,2.0,1.0
1465,24/06/2026,city scrape,Beechwood 3 Bdr Apartment in House w/ Backyard,Sarah And Sy,"Ottawa, Canada",t,t,Rideau-Vanier,Entire rental unit,Entire home/apt,16/09/2026,16/10/2026,t,24/06/2026,19/05/2024,01/02/2026,7.0,6.0,3.0,6.0,2.0,45.0,-75.0,2.0,1.0,2.0,1.0,103.0,1626.0,103.0,30.0,365.0,12.0,29.0,53.0,235.5,22.0,1.0,1.0,4.0,4.0,4.0,4.0,4.0,4.0,1.0,2.0,1.0
1466,24/06/2026,city scrape,Elegant room with queen bed.,Tobby,"Ottawa, Canada",f,t,Rideau-Goulbourn,Private room in home,Private room,28/06/2026,29/06/2026,t,24/06/2026,21/02/2024,14/06/2026,7.0,6.0,3.0,6.0,2.0,45.0,-75.0,2.0,1.0,2.0,1.0,103.0,1626.0,103.0,30.0,365.0,12.0,29.0,53.0,235.5,22.0,1.0,1.0,4.0,4.0,4.0,4.0,4.0,4.0,1.0,2.0,1.0
1467,24/06/2026,city scrape,"Private, Clean & Cozy suite nearby Ottawa Airport.",Chudamani,"Ottawa, Canada",t,t,Gloucester-South Nepean,Private room in townhouse,Private room,24/06/2026,25/06/2026,t,24/06/2026,27/04/2024,01/06/2026,7.0,6.0,3.0,6.0,2.0,45.0,-75.0,2.0,1.0,2.0,1.0,103.0,1626.0,103.0,30.0,365.0,12.0,29.0,53.0,235.5,22.0,1.0,1.0,4.0,4.0,4.0,4.0,4.0,4.0,1.0,2.0,1.0
1468,24/06/2026,city scrape,Byward Market Ottawa Downtown,Diego,"Santiago de Querétaro, Mexico",f,t,Rideau-Vanier,Entire loft,Entire home/apt,25/06/2026,25/07/2026,t,24/06/2026,10,10,9.0,2.0,2.0,5.0,1.0,45.0,-75.0,4.0,1.0,2.0,2.0,114.0,3438.0,114.0,30.0,365.0,29.0,59.0,89.0,179.0,0.0,0.0,0.0,4.0,4.0,4.0,4.0,4.0,4.0,1.0,1.0,1.0
1469,24/06/2026,city scrape,Comfy and serene,Faith,"Ottawa, Canada",f,t,Barrhaven,Private room in home,Private room,25/06/2026,27/06/2026,t,24/06/2026,04/08/2025,31/10/2025,10.0,5.0,1.0,11.0,2.0,45.0,-75.0,1.0,1.0,2.0,1.0,88.0,177.0,88.0,2.0,361.0,29.0,59.0,89.0,269.0,5.0,5.0,5.0,4.0,4.0,4.0,4.0,4.0,4.0,0.0,2.0,0.0
1470,24/06/2026,city scrape,Large Room  With a Park View,Caroline,"Ottawa, Canada",f,t,Cumberland,Private room in home,Private room,02/07/2026,04/07/2026,t,24/06/2026,14/04/2024,17/05/2026,10.0,1.0,9.0,0.0,3.0,45.0,-75.0,2.0,1.0,2.0,1.0,72.0,144.0,72.0,2.0,28.0,22.0,52.0,82.0,262.0,26.0,10.0,10.0,4.0,4.0,4.0,4.0,4.0,4.0,0.0,3.0,0.0
1471,02/07/2026,previous scrape,Beautiful Home Family & Friends,Adam,"Ottawa, Canada",f,t,Stittsville-Kanata West,Entire home,Entire home/apt,0000-00-00,"""0000-00-00""",t,02/07/2026,03/08/2024,03/08/2024,7.0,6.0,3.0,6.0,2.0,45.0,-75.0,2.0,1.0,2.0,1.0,103.0,1626.0,103.0,30.0,365.0,12.0,29.0,53.0,235.5,22.0,1.0,1.0,4.0,4.0,4.0,4.0,4.0,4.0,1.0,2.0,1.0
1472,24/06/2026,city scrape,Ottawa’s Getaway & Family Space. Near Calypso Park,Yazeed,"Ottawa, Canada",f,t,Cumberland,Farm stay,Entire home/apt,29/06/2026,30/06/2026,t,24/06/2026,21/07/2024,13/06/2026,7.0,6.0,3.0,6.0,2.0,45.0,-75.0,2.0,1.0,2.0,1.0,103.0,1626.0,103.0,30.0,365.0,12.0,29.0,53.0,235.5,22.0,1.0,1.0,4.0,4.0,4.0,4.0,4.0,4.0,1.0,2.0,1.0
1473,24/06/2026,city scrape,Elegant room with Queen bed.,Tobby,"Ottawa, Canada",f,t,Rideau-Goulbourn,Private room in home,Private room,28/06/2026,29/06/2026,t,24/06/2026,10/03/2024,09/06/2026,2.0,5.0,2.0,4.0,5.0,45.0,-75.0,2.0,1.0,2.0,1.0,85.0,85.0,85.0,1.0,365.0,25.0,55.0,85.0,265.0,50.0,22.0,21.0,4.0,4.0,4.0,4.0,4.0,4.0,1.0,5.0,0.0
1474,24/06/2026,city scrape,Nice room for long term rentals,Seynabou,"Ottawa, Canada",f,t,Beacon Hill-Cyrville,Private room in rental unit,Private room,25/06/2026,25/07/2026,t,24/06/2026,10,10,7.0,6.0,3.0,6.0,2.0,45.0,-75.0,2.0,1.0,2.0,1.0,103.0,1626.0,103.0,30.0,365.0,12.0,29.0,53.0,235.5,22.0,1.0,1.0,4.0,4.0,4.0,4.0,4.0,4.0,1.0,2.0,1.0
1475,24/06/2026,city scrape,"""OM Niwas"" - home away from home",Riti,"Ottawa, Canada",f,t,Gloucester-South Nepean,Private room in home,Private room,01/07/2026,02/07/2026,t,24/06/2026,10/04/2024,31/05/2026,7.0,6.0,3.0,6.0,2.0,45.0,-75.0,2.0,1.0,2.0,1.0,103.0,1626.0,103.0,30.0,365.0,12.0,29.0,53.0,235.5,22.0,1.0,1.0,4.0,4.0,4.0,4.0,4.0,4.0,1.0,2.0,1.0
1476,24/06/2026,city scrape,Private Studio+Parking in Ottawa,Alireza,"Ottawa, Canada",f,t,Gloucester-South Nepean,Entire home,Entire home/apt,24/06/2026,25/06/2026,t,24/06/2026,21/09/2024,10/06/2026,7.0,6.0,3.0,6.0,2.0,45.0,-75.0,2.0,1.0,2.0,1.0,103.0,1626.0,103.0,30.0,365.0,12.0,29.0,53.0,235.5,22.0,1.0,1.0,4.0,4.0,4.0,4.0,4.0,4.0,1.0,2.0,1.0
1477,24/06/2026,city scrape,Modern Room-free parking & Wi-Fi,Caroline,"Ottawa, Canada",f,t,Cumberland,Private room in home,Private room,06/09/2026,08/09/2026,t,24/06/2026,17/07/2024,17/08/2025,10.0,1.0,9.0,0.0,3.0,45.0,-75.0,2.0,1.0,2.0,1.0,79.0,159.0,79.0,2.0,28.0,0.0,0.0,16.0,16.0,6.0,4.0,4.0,4.0,4.0,4.0,4.0,4.0,4.0,0.0,3.0,0.0
1478,24/06/2026,city scrape,Your Private BD/BR/Workspace.,Caroline,"Ottawa, Canada",f,t,Cumberland,Private room in home,Private room,29/06/2026,01/07/2026,t,24/06/2026,01/03/2024,16/06/2026,10.0,1.0,9.0,0.0,3.0,45.0,-75.0,2.0,1.0,2.0,1.0,82.0,165.0,82.0,2.0,30.0,25.0,55.0,85.0,265.0,53.0,21.0,27.0,4.0,4.0,4.0,4.0,4.0,4.0,1.0,3.0,0.0
1479,24/06/2026,city scrape,"Bungalow, Sofabed,free parking,BBQ, Netflix",Yusuf,"Ottawa, Canada",t,t,River,Entire home,Entire home/apt,03/08/2026,02/09/2026,t,24/06/2026,02/03/2024,24/05/2026,7.0,6.0,3.0,6.0,2.0,45.0,-75.0,2.0,1.0,2.0,1.0,103.0,1626.0,103.0,30.0,365.0,12.0,29.0,53.0,235.5,22.0,1.0,1.0,4.0,4.0,4.0,4.0,4.0,4.0,1.0,2.0,1.0
1480,24/06/2026,city scrape,Spacious basement suite with attached bathroom,Shajedul,"Ottawa, Canada",f,t,Stittsville-Kanata West,Private room in home,Private room,13/09/2026,15/09/2026,t,24/06/2026,06/03/2024,10/06/2026,6.0,9.0,2.0,10.0,1.0,45.0,-75.0,2.0,1.0,2.0,1.0,86.0,172.0,86.0,2.0,29.0,1.0,1.0,10.0,10.0,51.0,27.0,28.0,4.0,4.0,4.0,4.0,4.0,4.0,1.0,1.0,0.0
1481,24/06/2026,city scrape,1Bedroom Studio near Airport,Alvine,"Ottawa, Canada",f,t,Rideau-Goulbourn,Entire home,Entire home/apt,25/06/2026,25/07/2026,t,24/06/2026,29/02/2024,29/02/2024,7.0,6.0,3.0,6.0,2.0,45.0,-75.0,2.0,1.0,2.0,1.0,103.0,1626.0,103.0,30.0,365.0,12.0,29.0,53.0,235.5,22.0,1.0,1.0,4.0,4.0,4.0,4.0,4.0,4.0,1.0,2.0,1.0
1482,24/06/2026,city scrape,*NEW Modern 3BDR Townhome in Kanata/Sitittsville*,Lorraine Williams,"Ottawa, Canada",t,t,Stittsville-Kanata West,Entire townhouse,Entire home/apt,12/07/2026,13/07/2026,t,24/06/2026,18/10/2024,12/06/2026,7.0,6.0,3.0,6.0,2.0,45.0,-75.0,2.0,1.0,2.0,1.0,103.0,1626.0,103.0,30.0,365.0,12.0,29.0,53.0,235.5,22.0,1.0,1.0,4.0,4.0,4.0,4.0,4.0,4.0,1.0,2.0,1.0
1483,24/06/2026,city scrape,"Elegant 3BR Home W/ Free Wi-Fi,Parking & Amenities",Kianu,"Ottawa, Canada",t,t,Osgoode,Entire townhouse,Entire home/apt,29/06/2026,01/07/2026,t,24/06/2026,05/03/2024,05/06/2026,6.0,5.0,2.0,3.0,1.0,45.0,-75.0,6.0,1.0,3.0,3.0,341.0,682.0,341.0,2.0,365.0,5.0,8.0,23.0,101.0,92.0,36.0,37.0,4.0,4.0,4.0,4.0,4.0,4.0,3.0,1.0,1.0
1484,02/07/2026,previous scrape,Natures finest home environment Room,Nwanneka,"Ottawa, Canada",f,t,Stittsville-Kanata West,Private room in townhouse,Private room,0000-00-00,"""0000-00-00""",t,02/07/2026,21/07/2024,14/01/2026,7.0,6.0,3.0,6.0,2.0,45.0,-75.0,2.0,1.0,2.0,1.0,103.0,1626.0,103.0,30.0,365.0,12.0,29.0,53.0,235.5,22.0,1.0,1.0,4.0,4.0,4.0,4.0,4.0,4.0,1.0,2.0,1.0
1485,24/06/2026,city scrape,Room for Students/Professionals,Seynabou,"Ottawa, Canada",f,t,Beacon Hill-Cyrville,Private room in rental unit,Private room,25/06/2026,25/07/2026,t,24/06/2026,10,10,7.0,6.0,3.0,6.0,2.0,45.0,-75.0,2.0,1.0,2.0,1.0,103.0,1626.0,103.0,30.0,365.0,12.0,29.0,53.0,235.5,22.0,1.0,1.0,4.0,4.0,4.0,4.0,4.0,4.0,1.0,2.0,1.0
1486,24/06/2026,city scrape,"Modern, Private Basement Space",Halyna,"Ottawa, Canada",t,t,Gloucester-South Nepean,Private room in home,Private room,28/06/2026,29/06/2026,t,24/06/2026,14/04/2024,13/06/2026,6.0,10.0,6.0,10.0,1.0,45.0,-75.0,2.0,1.0,2.0,1.0,166.0,166.0,166.0,1.0,365.0,7.0,21.0,34.0,213.0,62.0,40.0,33.0,4.0,4.0,4.0,4.0,4.0,4.0,2.0,1.0,0.0
1487,24/06/2026,city scrape,Quiet Ottawa 1BR Suite | 30+ Day Stay | Parking,Emil,"Ottawa, Canada",f,t,Beacon Hill-Cyrville,Entire guest suite,Entire home/apt,31/08/2026,30/09/2026,t,24/06/2026,31/05/2024,31/05/2026,7.0,6.0,3.0,6.0,2.0,45.0,-75.0,2.0,1.0,2.0,1.0,103.0,1626.0,103.0,30.0,365.0,12.0,29.0,53.0,235.5,22.0,1.0,1.0,4.0,4.0,4.0,4.0,4.0,4.0,1.0,2.0,1.0
1488,24/06/2026,city scrape,Pool side stay in Ottawa,Anna,"Ottawa, Canada",f,t,Knoxdale-Merivale,Entire home,Entire home/apt,04/07/2026,05/07/2026,t,24/06/2026,18/05/2026,21/06/2026,7.0,6.0,3.0,6.0,2.0,45.0,-75.0,2.0,1.0,2.0,1.0,103.0,1626.0,103.0,30.0,365.0,12.0,29.0,53.0,235.5,22.0,1.0,1.0,4.0,4.0,4.0,4.0,4.0,4.0,1.0,2.0,1.0
1489,02/07/2026,previous scrape,Lansdowne Terrace Home,Kevin,"Ottawa, Canada",f,t,Capital,Entire home,Entire home/apt,01/02/2027,13/03/2027,t,02/07/2026,07/09/2024,13/06/2026,7.0,6.0,3.0,6.0,2.0,45.0,-75.0,2.0,1.0,2.0,1.0,103.0,1626.0,103.0,30.0,365.0,12.0,29.0,53.0,235.5,22.0,1.0,1.0,4.0,4.0,4.0,4.0,4.0,4.0,1.0,2.0,1.0
1490,24/06/2026,city scrape,Brand New Luxury 1 Bedroom Corner Suite,Charnelyn,"Ottawa, Canada",t,t,Somerset,Entire condo,Entire home/apt,03/08/2026,17/09/2026,t,24/06/2026,10,10,7.0,6.0,3.0,6.0,2.0,45.0,-75.0,2.0,1.0,2.0,1.0,103.0,1626.0,103.0,30.0,365.0,12.0,29.0,53.0,235.5,22.0,1.0,1.0,4.0,4.0,4.0,4.0,4.0,4.0,1.0,2.0,1.0
1491,24/06/2026,city scrape,Private room near Bayshore Mall.,Alan,"Ottawa, Canada",t,t,Bay,Private room in townhouse,Private room,24/06/2026,24/07/2026,t,24/06/2026,09/03/2024,02/09/2025,7.0,6.0,3.0,6.0,2.0,45.0,-75.0,2.0,1.0,2.0,1.0,103.0,1626.0,103.0,30.0,365.0,12.0,29.0,53.0,235.5,22.0,1.0,1.0,4.0,4.0,4.0,4.0,4.0,4.0,1.0,2.0,1.0
1492,24/06/2026,city scrape,Newly Renovated Apartment in Trendy Westboro,Michelle,"Ottawa, Canada",t,t,Kitchissippi,Entire rental unit,Entire home/apt,24/06/2026,25/06/2026,t,24/06/2026,28/04/2024,31/05/2026,7.0,6.0,3.0,6.0,2.0,45.0,-75.0,2.0,1.0,2.0,1.0,103.0,1626.0,103.0,30.0,365.0,12.0,29.0,53.0,235.5,22.0,1.0,1.0,4.0,4.0,4.0,4.0,4.0,4.0,1.0,2.0,1.0
1493,24/06/2026,city scrape,Beautiful Rideau Canal Unit With Parking,Dimitri,"Ottawa, Canada",f,t,Capital,Entire home,Entire home/apt,26/07/2026,28/07/2026,t,24/06/2026,22/04/2024,09/06/2026,7.0,6.0,3.0,6.0,2.0,45.0,-75.0,2.0,1.0,2.0,1.0,103.0,1626.0,103.0,30.0,365.0,12.0,29.0,53.0,235.5,22.0,1.0,1.0,4.0,4.0,4.0,4.0,4.0,4.0,1.0,2.0,1.0
1494,24/06/2026,city scrape,Spacious 4BR – 10 Min to HardRock & Downtown,Michel,"Ottawa, Canada",f,t,River,Entire home,Entire home/apt,04/07/2026,05/07/2026,t,24/06/2026,06/05/2024,15/06/2026,7.0,6.0,3.0,6.0,2.0,45.0,-75.0,2.0,1.0,2.0,1.0,103.0,1626.0,103.0,30.0,365.0,12.0,29.0,53.0,235.5,22.0,1.0,1.0,4.0,4.0,4.0,4.0,4.0,4.0,1.0,2.0,1.0
1495,24/06/2026,city scrape,Large Bedroom Close to Downtown,Roger,"Ottawa, Canada",t,t,Rideau-Vanier,Private room in home,Private room,09/11/2026,10/11/2026,t,24/06/2026,31/03/2024,24/12/2025,7.0,6.0,3.0,6.0,2.0,45.0,-75.0,2.0,1.0,2.0,1.0,103.0,1626.0,103.0,30.0,365.0,12.0,29.0,53.0,235.5,22.0,1.0,1.0,4.0,4.0,4.0,4.0,4.0,4.0,1.0,2.0,1.0
1496,24/06/2026,city scrape,Luxury 1 BR Downtown Ottawa,Joy,"Ottawa, Canada",t,t,Rideau-Vanier,Entire condo,Entire home/apt,24/06/2026,24/07/2026,t,24/06/2026,01/06/2024,01/06/2025,7.0,6.0,3.0,6.0,2.0,45.0,-75.0,2.0,1.0,2.0,1.0,103.0,1626.0,103.0,30.0,365.0,12.0,29.0,53.0,235.5,22.0,1.0,1.0,4.0,4.0,4.0,4.0,4.0,4.0,1.0,2.0,1.0
1497,24/06/2026,city scrape,"Cozy, smoke free furnished room",Sijo,"Ottawa, Canada",f,t,River,Private room in home,Private room,25/06/2026,25/07/2026,f,24/06/2026,10,10,7.0,6.0,3.0,6.0,2.0,45.0,-75.0,2.0,1.0,2.0,1.0,103.0,1626.0,103.0,30.0,365.0,12.0,29.0,53.0,235.5,22.0,1.0,1.0,4.0,4.0,4.0,4.0,4.0,4.0,1.0,2.0,1.0
1498,24/06/2026,city scrape,Your Home Away From Home,Ahmed,"Ottawa, Canada",t,t,River,Entire home,Entire home/apt,23/09/2026,23/10/2026,t,24/06/2026,01/11/2024,01/11/2024,7.0,6.0,3.0,6.0,2.0,45.0,-75.0,2.0,1.0,2.0,1.0,103.0,1626.0,103.0,30.0,365.0,12.0,29.0,53.0,235.5,22.0,1.0,1.0,4.0,4.0,4.0,4.0,4.0,4.0,1.0,2.0,1.0
1499,02/07/2026,previous scrape,Manotick Waterfront Cottage,Andrew,"Ottawa, Canada",t,t,Osgoode,Entire home,Entire home/apt,0000-00-00,"""0000-00-00""",t,02/07/2026,23/06/2024,26/10/2025,7.0,6.0,3.0,6.0,2.0,45.0,-75.0,2.0,1.0,2.0,1.0,103.0,1626.0,103.0,30.0,365.0,12.0,29.0,53.0,235.5,22.0,1.0,1.0,4.0,4.0,4.0,4.0,4.0,4.0,1.0,2.0,1.0
1500,24/06/2026,city scrape,Independent Studio Suite,Jas,"Ottawa, Canada",t,t,Stittsville-Kanata West,Entire rental unit,Entire home/apt,24/06/2026,26/06/2026,t,24/06/2026,21/03/2024,18/06/2026,7.0,6.0,3.0,6.0,2.0,45.0,-75.0,2.0,1.0,2.0,1.0,103.0,1626.0,103.0,30.0,365.0,12.0,29.0,53.0,235.5,22.0,1.0,1.0,4.0,4.0,4.0,4.0,4.0,4.0,1.0,2.0,1.0
1501,24/06/2026,city scrape,Little Italy Hideaway,Rayyan,"Ottawa, Canada",f,t,Somerset,Entire rental unit,Entire home/apt,19/07/2026,23/07/2026,t,24/06/2026,01/05/2024,19/05/2026,3.0,7.0,2.0,2.0,1.0,45.0,-75.0,2.0,1.0,1.0,1.0,175.0,702.0,175.0,4.0,365.0,9.0,18.0,44.0,310.0,17.0,5.0,1.0,4.0,4.0,4.0,4.0,4.0,4.0,0.0,2.0,2.0
1502,24/06/2026,city scrape,"Modern, spacious single family home+free parking",Cong,"Ottawa, Canada",f,t,Barrhaven,Entire home,Entire home/apt,05/09/2026,07/09/2026,t,24/06/2026,23/06/2024,09/06/2026,7.0,6.0,3.0,6.0,2.0,45.0,-75.0,2.0,1.0,2.0,1.0,103.0,1626.0,103.0,30.0,365.0,12.0,29.0,53.0,235.5,22.0,1.0,1.0,4.0,4.0,4.0,4.0,4.0,4.0,1.0,2.0,1.0
1503,24/06/2026,city scrape,Clean and cozy ensuite in a guest house,Atlanta,"Ottawa, Canada",f,t,Orleans,Private room in townhouse,Private room,25/06/2026,25/07/2026,t,24/06/2026,10,10,7.0,6.0,3.0,6.0,2.0,45.0,-75.0,2.0,1.0,2.0,1.0,103.0,1626.0,103.0,30.0,365.0,12.0,29.0,53.0,235.5,22.0,1.0,1.0,4.0,4.0,4.0,4.0,4.0,4.0,1.0,2.0,1.0
1504,24/06/2026,city scrape,Room in Ottawa - Master bedroom - private washroom,Divya,"Ottawa, Canada",f,t,Kanata South,Private room in home,Private room,25/06/2026,26/06/2026,t,24/06/2026,28/04/2024,17/06/2025,8.0,6.0,3.0,5.0,2.0,45.0,-75.0,2.0,1.0,1.0,1.0,111.0,111.0,111.0,1.0,365.0,14.0,14.0,14.0,93.0,41.0,0.0,9.0,4.0,4.0,4.0,4.0,4.0,4.0,1.0,2.0,0.0
1505,24/06/2026,city scrape,Ottawa Airy and Bright Home for NonSmoker,Runzhi,"Ottawa, Canada",f,t,Somerset,Private room in home,Private room,24/06/2026,24/07/2026,t,24/06/2026,29/03/2024,28/07/2024,7.0,6.0,3.0,6.0,2.0,45.0,-75.0,2.0,1.0,2.0,1.0,103.0,1626.0,103.0,30.0,365.0,12.0,29.0,53.0,235.5,22.0,1.0,1.0,4.0,4.0,4.0,4.0,4.0,4.0,1.0,2.0,1.0
1506,24/06/2026,city scrape,"Private floor with room, kitchenette, washroom",Divya,"Ottawa, Canada",f,t,Kanata South,Private room in home,Private room,28/06/2026,29/06/2026,t,24/06/2026,17/04/2024,28/05/2026,8.0,6.0,3.0,5.0,2.0,45.0,-75.0,2.0,1.0,1.0,1.0,111.0,111.0,111.0,1.0,365.0,26.0,56.0,86.0,361.0,82.0,26.0,31.0,4.0,4.0,4.0,4.0,4.0,4.0,3.0,2.0,0.0
1507,24/06/2026,city scrape,"Room in great location, with great atmosphere",Lui,"Ottawa, Canada",f,t,Bay,Private room in home,Private room,24/06/2026,24/07/2026,t,24/06/2026,10,10,7.0,6.0,3.0,6.0,2.0,45.0,-75.0,2.0,1.0,2.0,1.0,103.0,1626.0,103.0,30.0,365.0,12.0,29.0,53.0,235.5,22.0,1.0,1.0,4.0,4.0,4.0,4.0,4.0,4.0,1.0,2.0,1.0
1508,02/07/2026,previous scrape,"Entire Dwnt Home! The Don Club w/ Pking, Breakfast",Elodie,"Ottawa, Canada",f,t,Somerset,Entire home,Entire home/apt,0000-00-00,"""0000-00-00""",t,02/07/2026,30/05/2024,04/08/2025,7.0,6.0,3.0,6.0,2.0,45.0,-75.0,2.0,1.0,2.0,1.0,103.0,1626.0,103.0,30.0,365.0,12.0,29.0,53.0,235.5,22.0,1.0,1.0,4.0,4.0,4.0,4.0,4.0,4.0,1.0,2.0,1.0
1509,24/06/2026,city scrape,Basement studio with private entrance and parking,Mike,"Ottawa, Canada",t,t,Knoxdale-Merivale,Entire rental unit,Entire home/apt,19/12/2026,18/01/2027,t,24/06/2026,01/10/2024,01/05/2026,9.0,9.0,2.0,0.0,1.0,45.0,-75.0,2.0,1.0,2.0,1.0,66.0,2007.0,66.0,30.0,365.0,0.0,0.0,0.0,187.0,7.0,5.0,4.0,4.0,4.0,5.0,4.0,4.0,4.0,0.0,1.0,1.0
1510,02/07/2026,previous scrape,Magazine-Featured EX Model Home,Dawit,"Ottawa, Canada",f,t,Barrhaven,Entire home,Entire home/apt,28/08/2026,27/09/2026,t,02/07/2026,13/05/2024,24/03/2026,7.0,6.0,6.0,10.0,1.0,45.0,-75.0,5.0,1.0,3.0,2.0,202.0,6071.0,202.0,30.0,365.0,2.0,5.0,35.0,35.0,23.0,13.0,12.0,4.0,4.0,4.0,4.0,4.0,4.0,0.0,1.0,1.0
1511,02/07/2026,previous scrape,Private room in Ottawa,Adam,"Ottawa, Canada",t,t,College,Private room in bungalow,Private room,0000-00-00,"""0000-00-00""",t,02/07/2026,08/06/2024,22/02/2025,2.0,3.0,2.0,1.0,2.0,45.0,-75.0,1.0,1.0,1.0,2.0,173.0,2246.0,173.0,1.0,1125.0,0.0,0.0,0.0,0.0,45.0,0.0,2.0,4.0,4.0,4.0,4.0,4.0,4.0,1.0,2.0,0.0
1512,24/06/2026,city scrape,Modern Downtown Retreat,Maggie,"Ottawa, Canada",t,t,Rideau-Rockcliffe,Entire home,Entire home/apt,27/06/2026,27/07/2026,t,24/06/2026,17/08/2024,08/09/2025,7.0,6.0,3.0,6.0,2.0,45.0,-75.0,2.0,1.0,2.0,1.0,103.0,1626.0,103.0,30.0,365.0,12.0,29.0,53.0,235.5,22.0,1.0,1.0,4.0,4.0,4.0,4.0,4.0,4.0,1.0,2.0,1.0
1513,24/06/2026,city scrape,Private Cozy Room | Shared Bathroom | Smart TV,Leo,"Ottawa, Canada",f,t,Rideau-Goulbourn,Private room in home,Private room,02/08/2026,01/09/2026,t,24/06/2026,12/04/2024,27/09/2025,2.0,8.0,2.0,3.0,6.0,45.0,-75.0,2.0,1.0,2.0,1.0,36.0,1095.0,36.0,30.0,365.0,1.0,22.0,52.0,52.0,31.0,9.0,27.0,4.0,4.0,5.0,4.0,4.0,4.0,1.0,3.0,0.0
1514,24/06/2026,city scrape,Nice room for students/workers,Seynabou,"Ottawa, Canada",f,t,Beacon Hill-Cyrville,Private room in rental unit,Private room,25/06/2026,25/07/2026,t,24/06/2026,10,10,7.0,6.0,3.0,6.0,2.0,45.0,-75.0,2.0,1.0,2.0,1.0,103.0,1626.0,103.0,30.0,365.0,12.0,29.0,53.0,235.5,22.0,1.0,1.0,4.0,4.0,4.0,4.0,4.0,4.0,1.0,2.0,1.0
1515,24/06/2026,city scrape,Cozy two bedroom getaway!,Laurie,"Ottawa, Canada",f,t,Alta Vista,Entire guest suite,Entire home/apt,01/10/2026,31/10/2026,t,24/06/2026,14/06/2024,19/04/2026,7.0,6.0,3.0,6.0,2.0,45.0,-75.0,2.0,1.0,2.0,1.0,103.0,1626.0,103.0,30.0,365.0,12.0,29.0,53.0,235.5,22.0,1.0,1.0,4.0,4.0,4.0,4.0,4.0,4.0,1.0,2.0,1.0
1516,24/06/2026,city scrape,"3 Bedroom, 1.5 bath Luxury Suite",Kelechi,"Ottawa, Canada",t,t,Gloucester-Southgate,Entire home,Entire home/apt,04/07/2026,06/07/2026,t,24/06/2026,12/04/2024,19/06/2026,7.0,6.0,3.0,6.0,2.0,45.0,-75.0,2.0,1.0,2.0,1.0,103.0,1626.0,103.0,30.0,365.0,12.0,29.0,53.0,235.5,22.0,1.0,1.0,4.0,4.0,4.0,4.0,4.0,4.0,1.0,2.0,1.0
1517,24/06/2026,city scrape,Modern house near Rideau canal,Allan,"Ottawa, Canada",t,t,Capital,Entire home,Entire home/apt,16/08/2026,21/08/2026,t,24/06/2026,26/05/2024,18/05/2026,7.0,6.0,3.0,6.0,2.0,45.0,-75.0,2.0,1.0,2.0,1.0,103.0,1626.0,103.0,30.0,365.0,12.0,29.0,53.0,235.5,22.0,1.0,1.0,4.0,4.0,4.0,4.0,4.0,4.0,1.0,2.0,1.0
1518,02/07/2026,previous scrape,Historic fun New Edinburgh Loft beside Rideau Hall,Sue,"Ottawa, Canada",t,t,Rideau-Rockcliffe,Entire loft,Entire home/apt,0000-00-00,"""0000-00-00""",t,02/07/2026,04/04/2024,03/05/2026,7.0,6.0,3.0,6.0,2.0,45.0,-75.0,2.0,1.0,2.0,1.0,103.0,1626.0,103.0,30.0,365.0,12.0,29.0,53.0,235.5,22.0,1.0,1.0,4.0,4.0,4.0,4.0,4.0,4.0,1.0,2.0,1.0
1519,24/06/2026,city scrape,Carlington New 2 Bedroom in West End,Short And Suite BnB,"Ottawa, Canada",t,t,River,Entire rental unit,Entire home/apt,30/06/2026,02/07/2026,t,24/06/2026,19/04/2024,19/06/2026,7.0,6.0,3.0,6.0,2.0,45.0,-75.0,2.0,1.0,2.0,1.0,103.0,1626.0,103.0,30.0,365.0,12.0,29.0,53.0,235.5,22.0,1.0,1.0,4.0,4.0,4.0,4.0,4.0,4.0,1.0,2.0,1.0
1520,24/06/2026,city scrape,One room In a shared apartment,Kelly,"Ottawa, Canada",f,t,Rideau-Vanier,Private room in rental unit,Private room,25/06/2026,25/07/2026,t,24/06/2026,10,10,4.0,4.0,2.0,2.0,1.0,45.0,-75.0,1.0,1.0,2.0,1.0,48.0,1460.0,48.0,30.0,45.0,29.0,59.0,89.0,269.0,0.0,0.0,0.0,4.0,4.0,4.0,4.0,4.0,4.0,1.0,1.0,0.0
1521,24/06/2026,city scrape,Private. Non-smoking.  No pets.,Dory,"Ottawa, Canada",t,t,Beacon Hill-Cyrville,Entire rental unit,Entire home/apt,28/06/2026,28/07/2026,t,24/06/2026,06/04/2024,25/05/2026,7.0,1.0,7.0,1.0,2.0,45.0,-75.0,2.0,1.0,1.0,1.0,70.0,2102.0,70.0,30.0,1125.0,26.0,30.0,55.0,295.0,89.0,23.0,34.0,4.0,4.0,4.0,4.0,4.0,4.0,3.0,2.0,2.0
1522,24/06/2026,city scrape,"Luxe Home | 2 King Beds, Theatre Room, Near Beach",Sean,"Ottawa, Canada",t,t,Kitchissippi,Entire home,Entire home/apt,04/07/2026,06/07/2026,t,24/06/2026,29/04/2024,10/06/2026,7.0,6.0,3.0,6.0,2.0,45.0,-75.0,2.0,1.0,2.0,1.0,103.0,1626.0,103.0,30.0,365.0,12.0,29.0,53.0,235.5,22.0,1.0,1.0,4.0,4.0,4.0,4.0,4.0,4.0,1.0,2.0,1.0
1523,24/06/2026,city scrape,The Log Home at The Richmond Estate Winery,Michael,"Ottawa, Canada",f,t,Rideau-Goulbourn,Entire home,Entire home/apt,04/07/2026,06/07/2026,t,24/06/2026,05/09/2024,18/05/2026,7.0,6.0,3.0,6.0,2.0,45.0,-75.0,2.0,1.0,2.0,1.0,103.0,1626.0,103.0,30.0,365.0,12.0,29.0,53.0,235.5,22.0,1.0,1.0,4.0,4.0,4.0,4.0,4.0,4.0,1.0,2.0,1.0
1524,24/06/2026,city scrape,Entire House with 5 bedrooms and 8 beds,Ajibola,"Ottawa, Canada",f,t,Rideau-Goulbourn,Entire home,Entire home/apt,24/06/2026,25/06/2026,t,24/06/2026,27/04/2024,26/10/2025,7.0,6.0,3.0,6.0,2.0,45.0,-75.0,2.0,1.0,2.0,1.0,103.0,1626.0,103.0,30.0,365.0,12.0,29.0,53.0,235.5,22.0,1.0,1.0,4.0,4.0,4.0,4.0,4.0,4.0,1.0,2.0,1.0
1525,24/06/2026,city scrape,Tribute House of Banksy,Jide,"Ottawa, Canada",f,t,Capital,Entire home,Entire home/apt,01/11/2026,01/12/2026,t,24/06/2026,05/05/2024,05/06/2026,11.0,9.0,9.0,1.0,1.0,45.0,-75.0,2.0,1.0,1.0,2.0,72.0,2186.0,72.0,30.0,365.0,2.0,14.0,23.0,258.0,80.0,21.0,27.0,4.0,4.0,4.0,4.0,4.0,4.0,3.0,1.0,1.0
1526,24/06/2026,city scrape,"Spacious & Comfortable 1BR Unit, Peaceful Setting",Fatemeh,"Ottawa, Canada",f,t,Barrhaven,Entire home,Entire home/apt,02/12/2026,06/12/2026,t,24/06/2026,20/05/2024,30/09/2025,7.0,6.0,3.0,6.0,2.0,45.0,-75.0,2.0,1.0,2.0,1.0,103.0,1626.0,103.0,30.0,365.0,12.0,29.0,53.0,235.5,22.0,1.0,1.0,4.0,4.0,4.0,4.0,4.0,4.0,1.0,2.0,1.0
1527,02/07/2026,previous scrape,Nice bedroom,Adam,"Ottawa, Canada",t,t,College,Private room in home,Private room,0000-00-00,"""0000-00-00""",t,02/07/2026,16/06/2024,25/02/2025,2.0,3.0,2.0,1.0,2.0,45.0,-75.0,1.0,1.0,1.0,2.0,173.0,2246.0,173.0,1.0,1125.0,0.0,0.0,0.0,0.0,35.0,0.0,5.0,4.0,4.0,4.0,4.0,4.0,4.0,1.0,2.0,0.0
1528,24/06/2026,city scrape,Modern & Cozy Hideaway,Patrick Landry,"Ottawa, Canada",t,t,Innes,Entire home,Entire home/apt,27/07/2026,29/07/2026,t,24/06/2026,30/08/2024,21/06/2026,3.0,1.0,1.0,10.0,1.0,45.0,-75.0,4.0,1.0,2.0,2.0,185.0,371.0,185.0,2.0,1125.0,0.0,15.0,15.0,15.0,46.0,24.0,26.0,4.0,4.0,4.0,4.0,4.0,4.0,2.0,1.0,1.0
1529,24/06/2026,city scrape,Luxury New Home in Findlay Creek,Valerie,"Ottawa, Canada",t,t,Osgoode,Entire home,Entire home/apt,01/07/2026,02/07/2026,t,24/06/2026,12/05/2024,21/06/2026,7.0,0.0,2.0,1.0,1.0,45.0,-75.0,4.0,1.0,2.0,2.0,342.0,342.0,342.0,1.0,1125.0,3.0,14.0,31.0,297.0,86.0,39.0,36.0,4.0,4.0,4.0,4.0,4.0,4.0,3.0,1.0,1.0
1530,24/06/2026,city scrape,Fully Furnished Clean & Cozy Private Bedroom,Wei,"Ottawa, Canada",t,t,Knoxdale-Merivale,Private room in home,Private room,31/12/2026,30/01/2027,t,24/06/2026,10,10,8.0,1.0,8.0,1.0,7.0,45.0,-75.0,1.0,1.0,2.0,1.0,32.0,963.0,32.0,30.0,600.0,0.0,0.0,0.0,175.0,0.0,0.0,0.0,4.0,4.0,4.0,4.0,4.0,4.0,1.0,6.0,0.0
1531,24/06/2026,city scrape,Belle grande chambre,Ratisbonne,"Ottawa, Canada",f,t,Gloucester-Southgate,Private room in home,Private room,25/06/2026,25/07/2026,t,24/06/2026,26/10/2024,14/12/2024,7.0,6.0,3.0,6.0,2.0,45.0,-75.0,2.0,1.0,2.0,1.0,103.0,1626.0,103.0,30.0,365.0,12.0,29.0,53.0,235.5,22.0,1.0,1.0,4.0,4.0,4.0,4.0,4.0,4.0,1.0,2.0,1.0
1532,24/06/2026,city scrape,Entire 2 Bedroom Basement Apartment,Samy,"Ottawa, Canada",f,t,Kanata South,Entire rental unit,Entire home/apt,01/08/2026,31/08/2026,t,24/06/2026,30/06/2024,04/10/2025,7.0,6.0,3.0,6.0,2.0,45.0,-75.0,2.0,1.0,2.0,1.0,103.0,1626.0,103.0,30.0,365.0,12.0,29.0,53.0,235.5,22.0,1.0,1.0,4.0,4.0,4.0,4.0,4.0,4.0,1.0,2.0,1.0
1533,24/06/2026,city scrape,"NEW spacious home steps from Tanger Outlet, CTC!",Hadi,"Ottawa, Canada",f,t,Stittsville-Kanata West,Entire home,Entire home/apt,25/06/2026,26/06/2026,t,24/06/2026,10,10,7.0,6.0,3.0,6.0,2.0,45.0,-75.0,2.0,1.0,2.0,1.0,103.0,1626.0,103.0,30.0,365.0,12.0,29.0,53.0,235.5,22.0,1.0,1.0,4.0,4.0,4.0,4.0,4.0,4.0,1.0,2.0,1.0
1534,24/06/2026,city scrape,Peaceful House at Barrhaven Ottawa,Salwa,"Ottawa, Canada",f,t,Barrhaven,Entire home,Entire home/apt,12/07/2026,17/07/2026,t,24/06/2026,15/09/2024,16/06/2026,7.0,6.0,3.0,6.0,2.0,45.0,-75.0,2.0,1.0,2.0,1.0,103.0,1626.0,103.0,30.0,365.0,12.0,29.0,53.0,235.5,22.0,1.0,1.0,4.0,4.0,4.0,4.0,4.0,4.0,1.0,2.0,1.0
1535,24/06/2026,city scrape,*Heated Pool House By The Water + Hot Tub*,Curtis,"Ottawa, Canada",t,t,Orleans,Entire home,Entire home/apt,08/07/2026,10/07/2026,t,24/06/2026,26/05/2024,21/06/2026,7.0,6.0,3.0,6.0,2.0,45.0,-75.0,2.0,1.0,2.0,1.0,103.0,1626.0,103.0,30.0,365.0,12.0,29.0,53.0,235.5,22.0,1.0,1.0,4.0,4.0,4.0,4.0,4.0,4.0,1.0,2.0,1.0
1536,02/07/2026,previous scrape,Luxury Executive One Bedroom,Zoloti,"Ottawa, Canada",t,t,Somerset,Entire condo,Entire home/apt,31/08/2026,29/11/2026,t,02/07/2026,29/06/2024,21/01/2026,7.0,6.0,3.0,6.0,2.0,45.0,-75.0,2.0,1.0,2.0,1.0,103.0,1626.0,103.0,30.0,365.0,12.0,29.0,53.0,235.5,22.0,1.0,1.0,4.0,4.0,4.0,4.0,4.0,4.0,1.0,2.0,1.0
1537,02/07/2026,previous scrape,Exquisite Room with Ensuite Bathroom with Smart TV,Leo,"Ottawa, Canada",f,t,Rideau-Goulbourn,Private room in home,Private room,0000-00-00,"""0000-00-00""",t,02/07/2026,13/05/2024,07/05/2026,2.0,8.0,2.0,3.0,6.0,45.0,-75.0,2.0,1.0,1.0,2.0,173.0,2246.0,173.0,30.0,365.0,0.0,0.0,0.0,0.0,49.0,6.0,28.0,4.0,4.0,4.0,4.0,4.0,4.0,1.0,3.0,0.0
1538,02/07/2026,previous scrape,Home in Ottawa,Arif,"Ottawa, Canada",f,t,College,Entire home,Entire home/apt,0000-00-00,"""0000-00-00""",t,02/07/2026,23/04/2024,01/01/2025,2.0,11.0,2.0,2.0,1.0,45.0,-75.0,6.0,1.0,3.0,2.0,173.0,2246.0,173.0,4.0,365.0,0.0,0.0,0.0,0.0,23.0,0.0,1.0,4.0,4.0,4.0,4.0,4.0,4.0,0.0,1.0,1.0
1539,02/07/2026,previous scrape,Little Italy Apartment,Darshanie,"Toronto, Canada",f,t,Somerset,Private room in rental unit,Private room,05/07/2026,31/10/2026,t,02/07/2026,10,10,7.0,6.0,3.0,6.0,2.0,45.0,-75.0,2.0,1.0,2.0,1.0,103.0,1626.0,103.0,30.0,365.0,12.0,29.0,53.0,235.5,22.0,1.0,1.0,4.0,4.0,4.0,4.0,4.0,4.0,1.0,2.0,1.0
1540,24/06/2026,city scrape,Your Comfortable Haven Away,Ruth & Mark,"Ottawa, Canada",t,t,College,Entire rental unit,Entire home/apt,10/08/2026,13/08/2026,t,24/06/2026,27/04/2024,21/06/2026,7.0,6.0,3.0,6.0,2.0,45.0,-75.0,2.0,1.0,2.0,1.0,103.0,1626.0,103.0,30.0,365.0,12.0,29.0,53.0,235.5,22.0,1.0,1.0,4.0,4.0,4.0,4.0,4.0,4.0,1.0,2.0,1.0
1541,24/06/2026,city scrape,Modern apartment in Westboro Beach,Philip,"Ottawa, Canada",t,t,Kitchissippi,Entire rental unit,Entire home/apt,04/08/2026,06/08/2026,t,24/06/2026,22/06/2024,19/06/2026,8.0,10.0,2.0,0.0,1.0,45.0,-75.0,3.0,1.0,1.0,1.0,183.0,366.0,183.0,1.0,100.0,1.0,3.0,27.0,296.0,47.0,27.0,23.0,4.0,4.0,4.0,4.0,4.0,4.0,1.0,1.0,1.0
1542,24/06/2026,city scrape,"Hephzibah and Beulah, 1 masterbed and 1 bedroom.",Damola,"Ottawa, Canada",f,t,Barrhaven,Private room in townhouse,Private room,01/08/2026,31/08/2026,t,24/06/2026,27/04/2024,24/08/2025,7.0,6.0,3.0,6.0,2.0,45.0,-75.0,2.0,1.0,2.0,1.0,103.0,1626.0,103.0,30.0,365.0,12.0,29.0,53.0,235.5,22.0,1.0,1.0,4.0,4.0,4.0,4.0,4.0,4.0,1.0,2.0,1.0
1543,24/06/2026,city scrape,3 Bedroom Near Airport | Parking | Basement,Natalie,"Ottawa, Canada",f,t,Gloucester-Southgate,Entire home,Entire home/apt,24/07/2026,23/08/2026,t,24/06/2026,22/04/2024,27/03/2026,7.0,6.0,3.0,6.0,2.0,45.0,-75.0,2.0,1.0,2.0,1.0,103.0,1626.0,103.0,30.0,365.0,12.0,29.0,53.0,235.5,22.0,1.0,1.0,4.0,4.0,4.0,4.0,4.0,4.0,1.0,2.0,1.0
1544,24/06/2026,city scrape,Large Ottawa Summer House,Andrew,"Ottawa, Canada",f,t,Barrhaven,Entire home,Entire home/apt,25/06/2026,25/07/2026,f,24/06/2026,10,10,7.0,6.0,3.0,6.0,2.0,45.0,-75.0,2.0,1.0,2.0,1.0,103.0,1626.0,103.0,30.0,365.0,12.0,29.0,53.0,235.5,22.0,1.0,1.0,4.0,4.0,4.0,4.0,4.0,4.0,1.0,2.0,1.0
1545,24/06/2026,city scrape,Newly Renovated 3 Bedroom Suite w/ Parking | DT,Modern,"Ottawa, Canada",f,t,Rideau-Vanier,Entire condo,Entire home/apt,24/06/2026,25/06/2026,t,24/06/2026,28/04/2024,29/05/2026,7.0,6.0,3.0,6.0,2.0,45.0,-75.0,2.0,1.0,2.0,1.0,103.0,1626.0,103.0,30.0,365.0,12.0,29.0,53.0,235.5,22.0,1.0,1.0,4.0,4.0,4.0,4.0,4.0,4.0,1.0,2.0,1.0
1546,24/06/2026,city scrape,Alta Vista Private Room,Jacob,"Ottawa, Canada",t,t,Alta Vista,Entire home,Entire home/apt,29/06/2026,30/06/2026,t,24/06/2026,03/05/2024,19/06/2026,7.0,6.0,3.0,6.0,2.0,45.0,-75.0,2.0,1.0,2.0,1.0,103.0,1626.0,103.0,30.0,365.0,12.0,29.0,53.0,235.5,22.0,1.0,1.0,4.0,4.0,4.0,4.0,4.0,4.0,1.0,2.0,1.0
1547,24/06/2026,city scrape,Little Italy Comfy 1-Bedroom Apt,Andy,"Ottawa, Canada",t,t,Somerset,Entire rental unit,Entire home/apt,01/10/2026,31/10/2026,t,24/06/2026,24/09/2024,13/12/2025,4.0,3.0,4.0,2.0,2.0,45.0,-75.0,2.0,1.0,1.0,2.0,82.0,2477.0,82.0,30.0,730.0,0.0,0.0,0.0,266.0,7.0,3.0,5.0,4.0,4.0,5.0,4.0,4.0,4.0,0.0,2.0,2.0
1548,24/06/2026,city scrape,Kat House 1,Kathryn,"Ottawa, Canada",t,t,Rideau-Rockcliffe,Private room in home,Private room,27/06/2026,27/07/2026,t,24/06/2026,31/10/2024,11/03/2026,7.0,6.0,3.0,6.0,2.0,45.0,-75.0,2.0,1.0,2.0,1.0,103.0,1626.0,103.0,30.0,365.0,12.0,29.0,53.0,235.5,22.0,1.0,1.0,4.0,4.0,4.0,4.0,4.0,4.0,1.0,2.0,1.0
1549,24/06/2026,city scrape,Downtown Home for Nonsmokers,Runzhi,"Ottawa, Canada",f,t,Somerset,Entire rental unit,Entire home/apt,29/06/2026,04/07/2026,t,24/06/2026,10,10,3.0,3.0,3.0,3.0,2.0,45.0,-75.0,2.0,1.0,1.0,1.0,205.0,1028.0,205.0,2.0,30.0,25.0,54.0,84.0,84.0,0.0,0.0,0.0,4.0,4.0,4.0,4.0,4.0,4.0,1.0,2.0,1.0
1550,02/07/2026,previous scrape,Exec 3 Bed/2.5 Bath Townhouse/Kanata High Tech,Wei,"Ottawa, Canada",t,t,Kanata North,Entire townhouse,Entire home/apt,0000-00-00,"""0000-00-00""",t,02/07/2026,16/07/2024,20/05/2026,11.0,4.0,7.0,5.0,3.0,45.0,-75.0,6.0,1.0,3.0,2.0,173.0,2246.0,173.0,30.0,360.0,1.0,24.0,24.0,24.0,4.0,2.0,1.0,4.0,4.0,5.0,5.0,4.0,4.0,0.0,3.0,3.0
1551,02/07/2026,previous scrape,Cozy Single Family Home In Barrhaven,Mazba,"Toronto, Canada",f,t,Rideau-Goulbourn,Entire home,Entire home/apt,0000-00-00,"""0000-00-00""",t,02/07/2026,31/07/2024,28/02/2026,3.0,7.0,1.0,11.0,1.0,45.0,-75.0,6.0,1.0,3.0,2.0,173.0,2246.0,173.0,2.0,365.0,0.0,0.0,0.0,0.0,61.0,30.0,41.0,4.0,4.0,4.0,4.0,4.0,4.0,2.0,1.0,1.0
1552,24/06/2026,city scrape,"Luxury 2 br, 1 bath Upper Unit and office space",Jack,"Ottawa, Canada",f,t,Orleans,Entire rental unit,Entire home/apt,02/11/2026,02/12/2026,t,24/06/2026,09/10/2024,30/04/2026,7.0,6.0,3.0,6.0,2.0,45.0,-75.0,2.0,1.0,2.0,1.0,103.0,1626.0,103.0,30.0,365.0,12.0,29.0,53.0,235.5,22.0,1.0,1.0,4.0,4.0,4.0,4.0,4.0,4.0,1.0,2.0,1.0
1553,24/06/2026,city scrape,Oasis a short walk from chaos,Gailene,"Ottawa, Canada",f,t,Rideau-Vanier,Private room in bed and breakfast,Private room,25/06/2026,25/07/2026,t,24/06/2026,10,10,7.0,6.0,3.0,6.0,2.0,45.0,-75.0,2.0,1.0,2.0,1.0,103.0,1626.0,103.0,30.0,365.0,12.0,29.0,53.0,235.5,22.0,1.0,1.0,4.0,4.0,4.0,4.0,4.0,4.0,1.0,2.0,1.0
1554,24/06/2026,city scrape,Chic Comfort - Workspace+PetFriendly+Backyard,Sarah,"Ottawa, Canada",t,t,Beacon Hill-Cyrville,Entire guest suite,Entire home/apt,01/08/2026,31/08/2026,t,24/06/2026,07/09/2024,31/05/2026,7.0,6.0,3.0,6.0,2.0,45.0,-75.0,2.0,1.0,2.0,1.0,103.0,1626.0,103.0,30.0,365.0,12.0,29.0,53.0,235.5,22.0,1.0,1.0,4.0,4.0,4.0,4.0,4.0,4.0,1.0,2.0,1.0
1555,02/07/2026,previous scrape,NEW Luxury 1 Bedroom,Maysa,"Ottawa, Canada",f,t,Somerset,Entire condo,Entire home/apt,0000-00-00,"""0000-00-00""",t,02/07/2026,10,10,10.0,4.0,9.0,0.0,4.0,45.0,-75.0,2.0,1.0,1.0,2.0,173.0,2246.0,173.0,60.0,365.0,0.0,0.0,0.0,0.0,0.0,0.0,0.0,4.0,4.0,4.0,4.0,4.0,4.0,1.0,3.0,3.0
1556,02/07/2026,previous scrape,"Modern, Cozy & Fully Equipped Downtown Condo",Zoloti,"Ottawa, Canada",t,t,Somerset,Entire condo,Entire home/apt,31/07/2026,29/10/2026,t,02/07/2026,20/06/2024,13/04/2026,7.0,6.0,3.0,6.0,2.0,45.0,-75.0,2.0,1.0,2.0,1.0,103.0,1626.0,103.0,30.0,365.0,12.0,29.0,53.0,235.5,22.0,1.0,1.0,4.0,4.0,4.0,4.0,4.0,4.0,1.0,2.0,1.0
1557,24/06/2026,city scrape,"Cozy 1 bdr apt, Near downtown",Awa,"Ottawa, Canada",t,t,Rideau-Rockcliffe,Entire rental unit,Entire home/apt,05/07/2026,04/08/2026,t,24/06/2026,04/05/2024,04/06/2026,7.0,0.0,2.0,1.0,1.0,45.0,-75.0,2.0,1.0,1.0,2.0,131.0,3944.0,131.0,30.0,60.0,19.0,49.0,79.0,354.0,103.0,22.0,42.0,4.0,4.0,4.0,4.0,4.0,4.0,3.0,1.0,1.0
1558,02/07/2026,previous scrape,Eve private room,Evelyne,"Ottawa, Canada",f,t,Capital,Private room in rental unit,Private room,0000-00-00,"""0000-00-00""",t,02/07/2026,20/06/2024,19/09/2025,7.0,0.0,5.0,4.0,3.0,45.0,-75.0,2.0,1.0,2.0,2.0,173.0,2246.0,173.0,30.0,365.0,0.0,0.0,0.0,0.0,9.0,1.0,1.0,4.0,4.0,4.0,5.0,4.0,4.0,0.0,3.0,2.0
1559,24/06/2026,city scrape,Luxury GuestHouse - The Roy,Roy,"Ottawa, Canada",f,t,Beacon Hill-Cyrville,Private room in home,Private room,13/09/2026,13/10/2026,t,24/06/2026,28/06/2024,16/10/2025,7.0,6.0,3.0,6.0,2.0,45.0,-75.0,2.0,1.0,2.0,1.0,103.0,1626.0,103.0,30.0,365.0,12.0,29.0,53.0,235.5,22.0,1.0,1.0,4.0,4.0,4.0,4.0,4.0,4.0,1.0,2.0,1.0
1560,24/06/2026,city scrape,Luxury GuestHouse - The Romie,Roy,"Ottawa, Canada",f,t,Beacon Hill-Cyrville,Private room in home,Private room,08/10/2026,07/11/2026,t,24/06/2026,07/01/2025,02/11/2025,11.0,4.0,9.0,8.0,5.0,45.0,-75.0,2.0,1.0,1.0,2.0,173.0,2246.0,173.0,30.0,1125.0,8.0,19.0,38.0,311.0,3.0,1.0,3.0,4.0,4.0,4.0,4.0,4.0,4.0,0.0,5.0,2.0
1561,24/06/2026,city scrape,Luxury GuestHouse - The Ralph,Roy,"Ottawa, Canada",f,t,Beacon Hill-Cyrville,Private room in home,Private room,12/09/2026,12/10/2026,t,24/06/2026,11/06/2024,10/07/2025,7.0,6.0,3.0,6.0,2.0,45.0,-75.0,2.0,1.0,2.0,1.0,103.0,1626.0,103.0,30.0,365.0,12.0,29.0,53.0,235.5,22.0,1.0,1.0,4.0,4.0,4.0,4.0,4.0,4.0,1.0,2.0,1.0
1562,24/06/2026,city scrape,"Clean, Quiet, New Construction",Easy,"Ottawa, Canada",f,t,Somerset,Entire rental unit,Entire home/apt,25/06/2026,25/07/2026,f,24/06/2026,10,10,7.0,6.0,7.0,6.0,2.0,45.0,-75.0,4.0,1.0,1.0,2.0,173.0,2246.0,173.0,30.0,365.0,29.0,59.0,89.0,269.0,0.0,0.0,0.0,4.0,4.0,4.0,4.0,4.0,4.0,1.0,1.0,1.0
1563,24/06/2026,city scrape,Luxurious Room and Workspace,Amr,"Ottawa, Canada",f,t,Gloucester-South Nepean,Private room in home,Private room,25/06/2026,25/07/2026,t,24/06/2026,10,10,7.0,6.0,3.0,6.0,2.0,45.0,-75.0,2.0,1.0,2.0,1.0,103.0,1626.0,103.0,30.0,365.0,12.0,29.0,53.0,235.5,22.0,1.0,1.0,4.0,4.0,4.0,4.0,4.0,4.0,1.0,2.0,1.0
1564,24/06/2026,city scrape,Private and spacious 2-bedroom basement apartment,Rola,"Ottawa, Canada",f,t,Innes,Entire guest suite,Entire home/apt,28/06/2026,29/06/2026,t,24/06/2026,25/08/2024,14/06/2026,6.0,11.0,1.0,10.0,1.0,45.0,-75.0,4.0,1.0,2.0,2.0,314.0,314.0,314.0,1.0,365.0,19.0,49.0,79.0,354.0,36.0,19.0,23.0,4.0,4.0,4.0,4.0,4.0,4.0,1.0,1.0,1.0
1565,24/06/2026,city scrape,Comfy room with private bath close to everywhere,Bianca,"Ottawa, Canada",t,t,Gloucester-Southgate,Private room in home,Private room,25/06/2026,26/06/2026,t,24/06/2026,18/06/2024,21/06/2026,2.0,4.0,2.0,1.0,4.0,45.0,-75.0,2.0,1.0,1.0,1.0,91.0,91.0,91.0,1.0,28.0,26.0,56.0,86.0,266.0,80.0,38.0,39.0,4.0,4.0,4.0,4.0,4.0,4.0,3.0,4.0,0.0
1566,24/06/2026,city scrape,Cozy apartment long term rentals,Seynabou,"Ottawa, Canada",f,t,Beacon Hill-Cyrville,Entire rental unit,Entire home/apt,25/06/2026,25/07/2026,t,24/06/2026,10,10,7.0,6.0,3.0,6.0,2.0,45.0,-75.0,2.0,1.0,2.0,1.0,103.0,1626.0,103.0,30.0,365.0,12.0,29.0,53.0,235.5,22.0,1.0,1.0,4.0,4.0,4.0,4.0,4.0,4.0,1.0,2.0,1.0
1567,24/06/2026,city scrape,Stonebridge Golf Nest,Abiola,"Ottawa, Canada",t,t,Rideau-Goulbourn,Entire home,Entire home/apt,28/06/2026,29/06/2026,t,24/06/2026,04/11/2024,11/06/2026,7.0,6.0,3.0,6.0,2.0,45.0,-75.0,2.0,1.0,2.0,1.0,103.0,1626.0,103.0,30.0,365.0,12.0,29.0,53.0,235.5,22.0,1.0,1.0,4.0,4.0,4.0,4.0,4.0,4.0,1.0,2.0,1.0
1568,24/06/2026,city scrape,Comfortable airport oasis,Tenor,"Ottawa, Canada",f,t,Gloucester-South Nepean,Private room in home,Private room,29/06/2026,30/06/2026,t,24/06/2026,10,10,9.0,10.0,0.0,4.0,1.0,45.0,-75.0,2.0,1.0,1.0,1.0,101.0,101.0,101.0,1.0,365.0,25.0,55.0,85.0,265.0,0.0,0.0,0.0,4.0,4.0,4.0,4.0,4.0,4.0,1.0,1.0,0.0
1569,24/06/2026,city scrape,Room for long term rentals,Seynabou,"Ottawa, Canada",f,t,Beacon Hill-Cyrville,Private room in rental unit,Private room,25/06/2026,25/07/2026,t,24/06/2026,10,10,7.0,6.0,3.0,6.0,2.0,45.0,-75.0,2.0,1.0,2.0,1.0,103.0,1626.0,103.0,30.0,365.0,12.0,29.0,53.0,235.5,22.0,1.0,1.0,4.0,4.0,4.0,4.0,4.0,4.0,1.0,2.0,1.0
1570,24/06/2026,city scrape,Central Cozy & Modern Townhome,Riccardo,"Ottawa, Canada",f,t,Rideau-Rockcliffe,Entire home,Entire home/apt,07/08/2026,12/08/2026,t,24/06/2026,16/07/2024,18/05/2026,7.0,6.0,3.0,6.0,2.0,45.0,-75.0,2.0,1.0,2.0,1.0,103.0,1626.0,103.0,30.0,365.0,12.0,29.0,53.0,235.5,22.0,1.0,1.0,4.0,4.0,4.0,4.0,4.0,4.0,1.0,2.0,1.0
1571,24/06/2026,city scrape,Quiet home in a peaceful area!,Jade,"Ottawa, Canada",f,t,Rideau-Vanier,Entire home,Entire home/apt,25/06/2026,26/07/2026,t,24/06/2026,10,10,7.0,6.0,3.0,6.0,2.0,45.0,-75.0,2.0,1.0,2.0,1.0,103.0,1626.0,103.0,30.0,365.0,12.0,29.0,53.0,235.5,22.0,1.0,1.0,4.0,4.0,4.0,4.0,4.0,4.0,1.0,2.0,1.0
1572,24/06/2026,city scrape,"Clean, quiet, convenient; NO Cleaning Fees",Kannan,"Ottawa, Canada",t,t,Gloucester-South Nepean,Entire rental unit,Entire home/apt,19/07/2026,21/07/2026,t,24/06/2026,19/05/2024,21/06/2026,4.0,5.0,2.0,1.0,1.0,45.0,-75.0,4.0,1.0,2.0,2.0,205.0,411.0,205.0,2.0,28.0,5.0,15.0,45.0,45.0,75.0,41.0,36.0,4.0,4.0,4.0,4.0,4.0,4.0,2.0,1.0,1.0
1573,02/07/2026,previous scrape,Cozy 1 bedroom Town home,Edmond,"Ottawa, Canada",f,t,Barrhaven,Entire home,Entire home/apt,0000-00-00,"""0000-00-00""",t,02/07/2026,10,10,8.0,10.0,3.0,7.0,3.0,45.0,-75.0,2.0,1.0,1.0,2.0,173.0,2246.0,173.0,15.0,365.0,0.0,0.0,0.0,0.0,0.0,0.0,0.0,4.0,4.0,4.0,4.0,4.0,4.0,1.0,2.0,1.0
1574,24/06/2026,city scrape,"New, Modern, Cozy 3 BDR Home + Free Parking",Alain,"Ottawa, Canada",f,t,Rideau-Goulbourn,Entire home,Entire home/apt,29/06/2026,01/07/2026,t,24/06/2026,15/08/2024,08/06/2026,7.0,6.0,3.0,6.0,2.0,45.0,-75.0,2.0,1.0,2.0,1.0,103.0,1626.0,103.0,30.0,365.0,12.0,29.0,53.0,235.5,22.0,1.0,1.0,4.0,4.0,4.0,4.0,4.0,4.0,1.0,2.0,1.0
1575,24/06/2026,city scrape,Entire Basement Ottawa-Orléans,Karu,"Ottawa, Canada",f,t,Cumberland,Entire home,Entire home/apt,25/06/2026,25/07/2026,f,24/06/2026,10,10,2.0,1.0,2.0,1.0,1.0,45.0,-75.0,4.0,1.0,2.0,3.0,173.0,2246.0,173.0,30.0,365.0,29.0,59.0,89.0,179.0,0.0,0.0,0.0,4.0,4.0,4.0,4.0,4.0,4.0,1.0,1.0,1.0
1576,24/06/2026,city scrape,Urban Bungalow Downtown Ottawa* Free Parking,Allegria,"Ottawa, Canada",f,t,Alta Vista,Entire home,Entire home/apt,05/07/2026,07/07/2026,t,24/06/2026,31/05/2024,14/06/2026,8.0,9.0,5.0,7.0,4.0,45.0,-75.0,6.0,1.0,3.0,2.0,302.0,605.0,302.0,2.0,365.0,10.0,22.0,29.0,269.0,34.0,14.0,16.0,4.0,4.0,4.0,4.0,4.0,4.0,1.0,3.0,3.0
1577,24/06/2026,city scrape,Private room in apartment-Female only,Precia,"Ottawa, Canada",f,t,Kanata North,Private room in rental unit,Private room,01/07/2026,31/07/2026,t,24/06/2026,10,10,4.0,10.0,2.0,1.0,1.0,45.0,-75.0,1.0,1.0,1.0,1.0,53.0,1608.0,53.0,30.0,120.0,23.0,53.0,83.0,173.0,0.0,0.0,0.0,4.0,4.0,4.0,4.0,4.0,4.0,1.0,1.0,0.0
1578,24/06/2026,city scrape,Heated Salt Pool | Luxury 5 Bed | Central Location,Natalie,"Ottawa, Canada",f,t,College,Entire home,Entire home/apt,29/08/2026,28/09/2026,t,24/06/2026,19/06/2024,31/05/2026,7.0,6.0,3.0,6.0,2.0,45.0,-75.0,2.0,1.0,2.0,1.0,103.0,1626.0,103.0,30.0,365.0,12.0,29.0,53.0,235.5,22.0,1.0,1.0,4.0,4.0,4.0,4.0,4.0,4.0,1.0,2.0,1.0
1579,24/06/2026,city scrape,Cozy Bedroom with TV+Workspace,Elvis,"Ottawa, Canada",f,t,Innes,Private room in townhouse,Private room,29/06/2026,30/06/2026,t,24/06/2026,11/09/2024,14/06/2026,2.0,1.0,1.0,9.0,4.0,45.0,-75.0,2.0,1.0,2.0,1.0,80.0,80.0,80.0,1.0,365.0,4.0,23.0,53.0,143.0,62.0,39.0,29.0,4.0,4.0,4.0,4.0,4.0,4.0,2.0,4.0,0.0
1580,24/06/2026,city scrape,The Side Door - open concept basement apartment,Ng,"Ottawa, Canada",t,t,Knoxdale-Merivale,Entire rental unit,Entire home/apt,29/06/2026,02/07/2026,t,24/06/2026,20/05/2024,03/06/2026,7.0,6.0,3.0,6.0,2.0,45.0,-75.0,2.0,1.0,2.0,1.0,103.0,1626.0,103.0,30.0,365.0,12.0,29.0,53.0,235.5,22.0,1.0,1.0,4.0,4.0,4.0,4.0,4.0,4.0,1.0,2.0,1.0
1581,24/06/2026,city scrape,Luxurious waterfront house/cottage on Ottawa river,Sonia,"Ottawa, Canada",f,t,West Carleton-March,Entire home,Entire home/apt,14/07/2026,16/07/2026,t,24/06/2026,23/06/2024,27/08/2025,7.0,6.0,3.0,6.0,2.0,45.0,-75.0,2.0,1.0,2.0,1.0,103.0,1626.0,103.0,30.0,365.0,12.0,29.0,53.0,235.5,22.0,1.0,1.0,4.0,4.0,4.0,4.0,4.0,4.0,1.0,2.0,1.0
1582,24/06/2026,city scrape,"Entire Deluxe Home in Ottawa, Canada",Purushothanan,"Ottawa, Canada",f,t,Gloucester-South Nepean,Entire home,Entire home/apt,24/06/2026,22/07/2026,t,24/06/2026,10,10,7.0,6.0,3.0,6.0,2.0,45.0,-75.0,2.0,1.0,2.0,1.0,103.0,1626.0,103.0,30.0,365.0,12.0,29.0,53.0,235.5,22.0,1.0,1.0,4.0,4.0,4.0,4.0,4.0,4.0,1.0,2.0,1.0
1583,24/06/2026,city scrape,Warm and Cozy,Alejandra,"Ottawa, Canada",f,t,College,Entire home,Entire home/apt,25/06/2026,25/07/2026,f,24/06/2026,10,10,7.0,6.0,3.0,6.0,2.0,45.0,-75.0,2.0,1.0,2.0,1.0,103.0,1626.0,103.0,30.0,365.0,12.0,29.0,53.0,235.5,22.0,1.0,1.0,4.0,4.0,4.0,4.0,4.0,4.0,1.0,2.0,1.0
1584,24/06/2026,city scrape,Stunning with no back neighbour,Maggie,"Ottawa, Canada",t,t,Barrhaven,Entire home,Entire home/apt,11/07/2026,10/08/2026,t,24/06/2026,15/07/2024,07/04/2026,7.0,6.0,3.0,6.0,2.0,45.0,-75.0,2.0,1.0,2.0,1.0,103.0,1626.0,103.0,30.0,365.0,12.0,29.0,53.0,235.5,22.0,1.0,1.0,4.0,4.0,4.0,4.0,4.0,4.0,1.0,2.0,1.0
1585,24/06/2026,city scrape,Beautiful suite in Ottawa,Dilina,"Ottawa, Canada",f,t,Rideau-Goulbourn,Private room in home,Private room,05/07/2026,07/07/2026,t,24/06/2026,19/05/2024,02/06/2026,7.0,6.0,3.0,6.0,2.0,45.0,-75.0,2.0,1.0,2.0,1.0,103.0,1626.0,103.0,30.0,365.0,12.0,29.0,53.0,235.5,22.0,1.0,1.0,4.0,4.0,4.0,4.0,4.0,4.0,1.0,2.0,1.0
1586,24/06/2026,city scrape,Little Italy: Private room w/ mini-fridge,Anas,"Ottawa, Canada",f,t,Somerset,Private room in home,Private room,29/06/2026,01/07/2026,t,24/06/2026,23/05/2024,02/06/2026,9.0,2.0,4.0,5.0,3.0,45.0,-75.0,1.0,1.0,2.0,1.0,78.0,156.0,78.0,2.0,1125.0,17.0,32.0,32.0,68.0,69.0,32.0,29.0,4.0,4.0,4.0,4.0,4.0,4.0,2.0,3.0,0.0
1587,24/06/2026,city scrape,Beautiful room in Ottawa with Private bathroom,Dilina,"Ottawa, Canada",f,t,Rideau-Goulbourn,Private room in home,Private room,30/06/2026,02/07/2026,t,24/06/2026,26/05/2024,24/05/2026,7.0,6.0,3.0,6.0,2.0,45.0,-75.0,2.0,1.0,2.0,1.0,103.0,1626.0,103.0,30.0,365.0,12.0,29.0,53.0,235.5,22.0,1.0,1.0,4.0,4.0,4.0,4.0,4.0,4.0,1.0,2.0,1.0
1588,02/07/2026,previous scrape,Single house in Barrhaven,Foujan,"Ottawa, Canada",t,t,Barrhaven,Entire home,Entire home/apt,0000-00-00,"""0000-00-00""",t,02/07/2026,02/08/2024,12/03/2026,7.0,6.0,3.0,6.0,2.0,45.0,-75.0,2.0,1.0,2.0,1.0,103.0,1626.0,103.0,30.0,365.0,12.0,29.0,53.0,235.5,22.0,1.0,1.0,4.0,4.0,4.0,4.0,4.0,4.0,1.0,2.0,1.0
1589,24/06/2026,city scrape,"Spacious Reno'd 2 Bed, Near DTWN",Geo,"Ottawa, Canada",t,t,Rideau-Vanier,Entire rental unit,Entire home/apt,18/08/2026,17/09/2026,t,24/06/2026,19/07/2024,29/09/2024,7.0,6.0,3.0,6.0,2.0,45.0,-75.0,2.0,1.0,2.0,1.0,103.0,1626.0,103.0,30.0,365.0,12.0,29.0,53.0,235.5,22.0,1.0,1.0,4.0,4.0,4.0,4.0,4.0,4.0,1.0,2.0,1.0
1590,24/06/2026,city scrape,Home in Stittsville,Abigail,"Ottawa, Canada",t,t,Rideau-Goulbourn,Private room in home,Private room,24/06/2026,25/06/2026,t,24/06/2026,19/06/2024,11/06/2026,2.0,1.0,2.0,0.0,1.0,45.0,-75.0,4.0,1.0,1.0,2.0,149.0,149.0,149.0,1.0,730.0,30.0,60.0,90.0,365.0,29.0,12.0,16.0,4.0,4.0,4.0,4.0,4.0,4.0,1.0,1.0,0.0
1591,24/06/2026,city scrape,Whispering Timber Suite,Ben,"Ottawa, Canada",t,t,Cumberland,Entire rental unit,Entire home/apt,06/07/2026,07/07/2026,t,24/06/2026,26/05/2024,21/06/2026,7.0,6.0,3.0,6.0,2.0,45.0,-75.0,2.0,1.0,2.0,1.0,103.0,1626.0,103.0,30.0,365.0,12.0,29.0,53.0,235.5,22.0,1.0,1.0,4.0,4.0,4.0,4.0,4.0,4.0,1.0,2.0,1.0
1592,24/06/2026,city scrape,Modern 2023 Home in Ottawa — Sleeps 8,Betty,"Ottawa, Canada",t,t,Rideau-Vanier,Entire home,Entire home/apt,28/06/2026,30/06/2026,t,24/06/2026,25/08/2024,10/06/2026,7.0,6.0,3.0,6.0,2.0,45.0,-75.0,2.0,1.0,2.0,1.0,103.0,1626.0,103.0,30.0,365.0,12.0,29.0,53.0,235.5,22.0,1.0,1.0,4.0,4.0,4.0,4.0,4.0,4.0,1.0,2.0,1.0
1593,24/06/2026,city scrape,Gorgeous Room (queen)+private bathroom,Ernesto,"Ottawa, Canada",f,t,Rideau-Vanier,Room in hotel,Private room,27/06/2026,28/06/2026,t,24/06/2026,31/05/2024,02/06/2026,4.0,4.0,4.0,4.0,7.0,45.0,-75.0,2.0,1.0,1.0,1.0,286.0,286.0,286.0,1.0,1125.0,20.0,43.0,52.0,192.0,88.0,29.0,35.0,4.0,4.0,4.0,4.0,4.0,4.0,3.0,7.0,0.0
1594,24/06/2026,city scrape,Lovely 2-bed App Downtown Ottawa 31C,Sam,"Ottawa, Canada",f,t,Rideau-Vanier,Entire rental unit,Entire home/apt,08/07/2026,09/07/2026,t,24/06/2026,14/07/2024,15/06/2026,7.0,6.0,3.0,6.0,2.0,45.0,-75.0,2.0,1.0,2.0,1.0,103.0,1626.0,103.0,30.0,365.0,12.0,29.0,53.0,235.5,22.0,1.0,1.0,4.0,4.0,4.0,4.0,4.0,4.0,1.0,2.0,1.0
1595,24/06/2026,city scrape,Luxurious Private Suite,Babak,"Ottawa, Canada",t,t,Kitchissippi,Entire guest suite,Entire home/apt,18/07/2026,20/07/2026,t,24/06/2026,05/07/2024,20/06/2026,7.0,6.0,3.0,6.0,2.0,45.0,-75.0,2.0,1.0,2.0,1.0,103.0,1626.0,103.0,30.0,365.0,12.0,29.0,53.0,235.5,22.0,1.0,1.0,4.0,4.0,4.0,4.0,4.0,4.0,1.0,2.0,1.0
1596,24/06/2026,city scrape,Lovely Place Downtown Ottawa 37D,Sam,"Ottawa, Canada",f,t,Rideau-Vanier,Entire rental unit,Entire home/apt,02/07/2026,03/07/2026,t,24/06/2026,13/09/2024,15/06/2026,7.0,6.0,3.0,6.0,2.0,45.0,-75.0,2.0,1.0,2.0,1.0,103.0,1626.0,103.0,30.0,365.0,12.0,29.0,53.0,235.5,22.0,1.0,1.0,4.0,4.0,4.0,4.0,4.0,4.0,1.0,2.0,1.0
1597,24/06/2026,city scrape,Lovely Place Downtown Ottawa 22D,Sam,"Ottawa, Canada",f,t,Rideau-Vanier,Entire rental unit,Entire home/apt,29/06/2026,30/06/2026,t,24/06/2026,03/09/2024,21/06/2026,7.0,6.0,3.0,6.0,2.0,45.0,-75.0,2.0,1.0,2.0,1.0,103.0,1626.0,103.0,30.0,365.0,12.0,29.0,53.0,235.5,22.0,1.0,1.0,4.0,4.0,4.0,4.0,4.0,4.0,1.0,2.0,1.0
1598,24/06/2026,city scrape,OCD clean townhouse 2 bedroom + balcony (king bed),Ricardo,"Ottawa, Canada",t,t,Cumberland,Entire home,Entire home/apt,10/10/2026,09/11/2026,t,24/06/2026,08/06/2025,03/05/2026,7.0,6.0,3.0,6.0,2.0,45.0,-75.0,2.0,1.0,2.0,1.0,103.0,1626.0,103.0,30.0,365.0,12.0,29.0,53.0,235.5,22.0,1.0,1.0,4.0,4.0,4.0,4.0,4.0,4.0,1.0,2.0,1.0
1599,24/06/2026,city scrape,Free Parking | Small Studio | Downtown,Modern,"Ottawa, Canada",f,t,Rideau-Vanier,Entire rental unit,Entire home/apt,27/06/2026,28/06/2026,t,24/06/2026,04/06/2024,01/06/2026,7.0,6.0,3.0,6.0,2.0,45.0,-75.0,2.0,1.0,2.0,1.0,103.0,1626.0,103.0,30.0,365.0,12.0,29.0,53.0,235.5,22.0,1.0,1.0,4.0,4.0,4.0,4.0,4.0,4.0,1.0,2.0,1.0
1600,24/06/2026,city scrape,Modern 2 Bedroom Guest Suite - River Walk,Ron,"Ottawa, Canada",t,t,Beacon Hill-Cyrville,Entire guest suite,Entire home/apt,30/06/2026,01/07/2026,t,24/06/2026,09/06/2024,21/06/2026,7.0,6.0,3.0,6.0,2.0,45.0,-75.0,2.0,1.0,2.0,1.0,103.0,1626.0,103.0,30.0,365.0,12.0,29.0,53.0,235.5,22.0,1.0,1.0,4.0,4.0,4.0,4.0,4.0,4.0,1.0,2.0,1.0
1601,24/06/2026,city scrape,Lovely App Downtown Ottawa 29D,Sam,"Ottawa, Canada",f,t,Rideau-Vanier,Entire rental unit,Entire home/apt,25/06/2026,26/06/2026,t,24/06/2026,21/09/2024,12/06/2026,7.0,6.0,3.0,6.0,2.0,45.0,-75.0,2.0,1.0,2.0,1.0,103.0,1626.0,103.0,30.0,365.0,12.0,29.0,53.0,235.5,22.0,1.0,1.0,4.0,4.0,4.0,4.0,4.0,4.0,1.0,2.0,1.0
1602,24/06/2026,city scrape,Beautiful Room in Boutique In,Ernesto,"Ottawa, Canada",f,t,Rideau-Vanier,Room in boutique hotel,Private room,04/07/2026,05/07/2026,t,24/06/2026,02/06/2024,22/05/2026,4.0,4.0,4.0,4.0,7.0,45.0,-75.0,1.0,1.0,1.0,1.0,173.0,173.0,173.0,1.0,1125.0,12.0,42.0,54.0,135.0,70.0,29.0,36.0,4.0,4.0,4.0,4.0,4.0,4.0,2.0,7.0,0.0
1603,24/06/2026,city scrape,Belle grande chambre avec toilette adjacente,Viviana,"Ottawa, Canada",t,t,Rideau-Vanier,Private room in home,Private room,30/06/2026,01/07/2026,t,24/06/2026,23/08/2024,28/05/2026,7.0,6.0,3.0,6.0,2.0,45.0,-75.0,2.0,1.0,2.0,1.0,103.0,1626.0,103.0,30.0,365.0,12.0,29.0,53.0,235.5,22.0,1.0,1.0,4.0,4.0,4.0,4.0,4.0,4.0,1.0,2.0,1.0
1604,24/06/2026,city scrape,Spacious Private Bedroom in a Cozy Home (Right),Luke,"Toronto, Canada",f,t,Barrhaven,Private room in home,Private room,25/08/2026,24/09/2026,t,24/06/2026,31/07/2024,12/07/2025,7.0,6.0,3.0,6.0,2.0,45.0,-75.0,2.0,1.0,2.0,1.0,103.0,1626.0,103.0,30.0,365.0,12.0,29.0,53.0,235.5,22.0,1.0,1.0,4.0,4.0,4.0,4.0,4.0,4.0,1.0,2.0,1.0
1605,24/06/2026,city scrape,One-Bedroom Unit in Central Location!,Mayse,"Ottawa, Canada",t,t,College,Entire rental unit,Entire home/apt,01/07/2026,02/07/2026,t,24/06/2026,09/06/2024,17/06/2026,7.0,6.0,3.0,6.0,2.0,45.0,-75.0,2.0,1.0,2.0,1.0,103.0,1626.0,103.0,30.0,365.0,12.0,29.0,53.0,235.5,22.0,1.0,1.0,4.0,4.0,4.0,4.0,4.0,4.0,1.0,2.0,1.0
1606,24/06/2026,city scrape,Downtown haven with Free Parking,Allegria,"Ottawa, Canada",f,t,Alta Vista,Entire home,Entire home/apt,05/07/2026,07/07/2026,t,24/06/2026,17/08/2024,20/06/2026,7.0,6.0,3.0,6.0,2.0,45.0,-75.0,2.0,1.0,2.0,1.0,103.0,1626.0,103.0,30.0,365.0,12.0,29.0,53.0,235.5,22.0,1.0,1.0,4.0,4.0,4.0,4.0,4.0,4.0,1.0,2.0,1.0
1607,24/06/2026,city scrape,Tiny room across OttawaU,Carlos,"Ottawa, Canada",f,t,Rideau-Vanier,Private room in rental unit,Private room,25/06/2026,25/07/2026,t,24/06/2026,10,10,7.0,6.0,3.0,6.0,2.0,45.0,-75.0,2.0,1.0,2.0,1.0,103.0,1626.0,103.0,30.0,365.0,12.0,29.0,53.0,235.5,22.0,1.0,1.0,4.0,4.0,4.0,4.0,4.0,4.0,1.0,2.0,1.0
1608,24/06/2026,city scrape,The River Retreat on the Rideau,Marlene,"Ontario, Canada",t,t,Osgoode,Entire home,Entire home/apt,28/06/2026,29/06/2026,t,24/06/2026,17/11/2024,22/06/2026,7.0,6.0,3.0,6.0,2.0,45.0,-75.0,2.0,1.0,2.0,1.0,103.0,1626.0,103.0,30.0,365.0,12.0,29.0,53.0,235.5,22.0,1.0,1.0,4.0,4.0,4.0,4.0,4.0,4.0,1.0,2.0,1.0
1609,24/06/2026,city scrape,Male room in spacious apartment,Sergio,"Toronto, Canada",t,t,Rideau-Vanier,Private room in rental unit,Private room,23/11/2026,23/12/2026,t,24/06/2026,31/05/2025,03/05/2026,7.0,6.0,3.0,6.0,2.0,45.0,-75.0,2.0,1.0,2.0,1.0,103.0,1626.0,103.0,30.0,365.0,12.0,29.0,53.0,235.5,22.0,1.0,1.0,4.0,4.0,4.0,4.0,4.0,4.0,1.0,2.0,1.0
1610,24/06/2026,city scrape,"Master Ensuite Room, Ottawa Airport  free parking.",Mizpah,"Ottawa, Canada",t,t,Osgoode,Private room in townhouse,Private room,25/06/2026,25/07/2026,t,24/06/2026,30/06/2024,26/04/2026,7.0,6.0,3.0,6.0,2.0,45.0,-75.0,2.0,1.0,2.0,1.0,103.0,1626.0,103.0,30.0,365.0,12.0,29.0,53.0,235.5,22.0,1.0,1.0,4.0,4.0,4.0,4.0,4.0,4.0,1.0,2.0,1.0
1611,24/06/2026,city scrape,Small Private room in Bayshore.,Alan,"Ottawa, Canada",t,t,Bay,Private room in townhouse,Private room,24/06/2026,24/07/2026,t,24/06/2026,31/07/2024,29/05/2026,7.0,6.0,3.0,6.0,2.0,45.0,-75.0,2.0,1.0,2.0,1.0,103.0,1626.0,103.0,30.0,365.0,12.0,29.0,53.0,235.5,22.0,1.0,1.0,4.0,4.0,4.0,4.0,4.0,4.0,1.0,2.0,1.0
1612,24/06/2026,city scrape,Modern Comfort | 2 Bedroom Townhouse |Free Parking,Modern,"Ottawa, Canada",f,t,Rideau-Vanier,Entire home,Entire home/apt,15/07/2026,14/08/2026,t,24/06/2026,07/06/2024,17/05/2026,7.0,6.0,3.0,6.0,2.0,45.0,-75.0,2.0,1.0,2.0,1.0,103.0,1626.0,103.0,30.0,365.0,12.0,29.0,53.0,235.5,22.0,1.0,1.0,4.0,4.0,4.0,4.0,4.0,4.0,1.0,2.0,1.0
1613,24/06/2026,city scrape,Adorable Room in Boutique Inn,Ernesto,"Ottawa, Canada",f,t,Rideau-Vanier,Room in boutique hotel,Private room,29/06/2026,30/06/2026,t,24/06/2026,09/06/2024,31/05/2026,4.0,4.0,4.0,4.0,7.0,45.0,-75.0,1.0,1.0,1.0,1.0,132.0,132.0,132.0,1.0,1125.0,20.0,48.0,66.0,66.0,73.0,25.0,41.0,4.0,4.0,4.0,4.0,4.0,4.0,2.0,7.0,0.0
1614,24/06/2026,city scrape,Charming Westboro Home with Pool,Ameer,"Ottawa, Canada",f,t,Kitchissippi,Entire home,Entire home/apt,28/08/2026,27/09/2026,t,24/06/2026,02/09/2024,02/03/2026,7.0,6.0,3.0,6.0,2.0,45.0,-75.0,2.0,1.0,2.0,1.0,103.0,1626.0,103.0,30.0,365.0,12.0,29.0,53.0,235.5,22.0,1.0,1.0,4.0,4.0,4.0,4.0,4.0,4.0,1.0,2.0,1.0
1615,24/06/2026,city scrape,"2 Bed, 2 baths in Orleans",Suhani,"Ottawa, Canada",t,t,Cumberland,Private room in rental unit,Private room,06/07/2026,08/07/2026,t,24/06/2026,15/05/2025,01/06/2026,7.0,6.0,3.0,6.0,2.0,45.0,-75.0,2.0,1.0,2.0,1.0,103.0,1626.0,103.0,30.0,365.0,12.0,29.0,53.0,235.5,22.0,1.0,1.0,4.0,4.0,4.0,4.0,4.0,4.0,1.0,2.0,1.0
1616,24/06/2026,city scrape,Bright 1-Bedroom in Shared Luxury Condo,Maria,"Ottawa, Canada",f,t,Rideau-Vanier,Private room in condo,Private room,27/06/2026,27/07/2026,t,24/06/2026,25/08/2024,06/01/2025,7.0,6.0,3.0,6.0,2.0,45.0,-75.0,2.0,1.0,2.0,1.0,103.0,1626.0,103.0,30.0,365.0,12.0,29.0,53.0,235.5,22.0,1.0,1.0,4.0,4.0,4.0,4.0,4.0,4.0,1.0,2.0,1.0
1617,24/06/2026,city scrape,The Pizzicato: Comfort and Convenience,Luis,"Gatineau, Canada",t,t,Innes,Entire home,Entire home/apt,10/07/2026,13/07/2026,t,24/06/2026,25/06/2024,25/05/2026,7.0,6.0,3.0,6.0,2.0,45.0,-75.0,2.0,1.0,2.0,1.0,103.0,1626.0,103.0,30.0,365.0,12.0,29.0,53.0,235.5,22.0,1.0,1.0,4.0,4.0,4.0,4.0,4.0,4.0,1.0,2.0,1.0
1618,24/06/2026,city scrape,Luxury Modern Home - Airport,Ali,"Ottawa, Canada",t,t,Gloucester-Southgate,Entire home,Entire home/apt,24/06/2026,25/06/2026,t,24/06/2026,19/06/2024,14/06/2026,7.0,6.0,3.0,6.0,2.0,45.0,-75.0,2.0,1.0,2.0,1.0,103.0,1626.0,103.0,30.0,365.0,12.0,29.0,53.0,235.5,22.0,1.0,1.0,4.0,4.0,4.0,4.0,4.0,4.0,1.0,2.0,1.0
1619,24/06/2026,city scrape,Quiet & cozy bedroom (#2) w parking near downtown,Simran,"Ottawa, Canada",t,t,Rideau-Rockcliffe,Private room in home,Private room,25/06/2026,26/06/2026,t,24/06/2026,09/06/2024,17/06/2026,7.0,6.0,3.0,6.0,2.0,45.0,-75.0,2.0,1.0,2.0,1.0,103.0,1626.0,103.0,30.0,365.0,12.0,29.0,53.0,235.5,22.0,1.0,1.0,4.0,4.0,4.0,4.0,4.0,4.0,1.0,2.0,1.0
1620,24/06/2026,city scrape,4Rooms-5Beds | Single Home Near Airport | Hot Tub,Paul,"Ottawa, Canada",t,t,Gloucester-South Nepean,Entire home,Entire home/apt,30/06/2026,02/07/2026,t,24/06/2026,15/09/2024,21/06/2026,7.0,6.0,3.0,6.0,2.0,45.0,-75.0,2.0,1.0,2.0,1.0,103.0,1626.0,103.0,30.0,365.0,12.0,29.0,53.0,235.5,22.0,1.0,1.0,4.0,4.0,4.0,4.0,4.0,4.0,1.0,2.0,1.0
1621,24/06/2026,city scrape,A small cozy room private bath/free Parking,Bianca,"Ottawa, Canada",t,t,Gloucester-Southgate,Private room in home,Private room,02/07/2026,03/07/2026,t,24/06/2026,12/06/2024,14/06/2026,2.0,4.0,2.0,1.0,4.0,45.0,-75.0,2.0,1.0,2.0,1.0,85.0,85.0,85.0,1.0,28.0,9.0,35.0,65.0,245.0,79.0,32.0,37.0,4.0,4.0,4.0,4.0,4.0,4.0,3.0,4.0,0.0
1622,24/06/2026,city scrape,Quiet Double Room | Great for Work & Travel,Sudie,"Ottawa, Canada",f,t,Kanata North,Private room in home,Private room,24/06/2026,25/06/2026,t,24/06/2026,07/08/2024,09/06/2026,9.0,4.0,1.0,10.0,2.0,45.0,-75.0,2.0,1.0,2.0,3.0,109.0,109.0,109.0,1.0,30.0,30.0,60.0,90.0,270.0,38.0,24.0,20.0,4.0,4.0,4.0,4.0,4.0,4.0,1.0,2.0,0.0
1623,02/07/2026,previous scrape,Cozy House in Old Ottawa South,Wen,"Ottawa, Canada",f,t,Capital,Entire home,Entire home/apt,0000-00-00,"""0000-00-00""",t,02/07/2026,28/08/2024,27/08/2025,7.0,6.0,3.0,6.0,2.0,45.0,-75.0,2.0,1.0,2.0,1.0,103.0,1626.0,103.0,30.0,365.0,12.0,29.0,53.0,235.5,22.0,1.0,1.0,4.0,4.0,4.0,4.0,4.0,4.0,1.0,2.0,1.0
1624,24/06/2026,city scrape,Peaceful room with private bath close to airport,Bianca,"Ottawa, Canada",t,t,Gloucester-Southgate,Private room in home,Private room,24/06/2026,25/06/2026,t,24/06/2026,03/07/2024,21/06/2026,7.0,6.0,3.0,6.0,2.0,45.0,-75.0,2.0,1.0,2.0,1.0,103.0,1626.0,103.0,30.0,365.0,12.0,29.0,53.0,235.5,22.0,1.0,1.0,4.0,4.0,4.0,4.0,4.0,4.0,1.0,2.0,1.0
1625,24/06/2026,city scrape,Riverside Haven,Peter,"Ottawa, Canada",t,t,Capital,Entire rental unit,Entire home/apt,16/08/2026,19/08/2026,t,24/06/2026,02/08/2024,21/06/2026,7.0,6.0,3.0,6.0,2.0,45.0,-75.0,2.0,1.0,2.0,1.0,103.0,1626.0,103.0,30.0,365.0,12.0,29.0,53.0,235.5,22.0,1.0,1.0,4.0,4.0,4.0,4.0,4.0,4.0,1.0,2.0,1.0
1626,24/06/2026,city scrape,Rideau River Oasis,Julie And Ron,"Ottawa, Canada",t,t,Rideau-Goulbourn,Entire condo,Entire home/apt,23/09/2026,25/09/2026,t,24/06/2026,18/08/2024,21/06/2026,2.0,1.0,1.0,10.0,1.0,45.0,-75.0,5.0,1.0,2.0,3.0,220.0,440.0,220.0,1.0,90.0,4.0,4.0,7.0,88.0,73.0,41.0,39.0,4.0,4.0,5.0,4.0,4.0,4.0,3.0,1.0,1.0
1627,24/06/2026,city scrape,Metro Queen in Luxury home Fibre WiFi Free parking,Vivek,"Ottawa, Canada",t,t,Gloucester-South Nepean,Private room in home,Private room,24/06/2026,25/06/2026,t,24/06/2026,16/06/2024,13/06/2026,9.0,7.0,2.0,0.0,3.0,45.0,-75.0,2.0,1.0,2.0,1.0,115.0,115.0,115.0,1.0,7.0,26.0,56.0,83.0,295.0,37.0,12.0,13.0,4.0,4.0,5.0,5.0,4.0,4.0,1.0,3.0,0.0
1628,24/06/2026,city scrape,Modern Apartment in Centretown w Laundry!,Gershon,"Ottawa, Canada",f,t,Somerset,Entire rental unit,Entire home/apt,26/07/2026,25/08/2026,t,24/06/2026,19/10/2024,23/01/2026,7.0,6.0,3.0,6.0,2.0,45.0,-75.0,2.0,1.0,2.0,1.0,103.0,1626.0,103.0,30.0,365.0,12.0,29.0,53.0,235.5,22.0,1.0,1.0,4.0,4.0,4.0,4.0,4.0,4.0,1.0,2.0,1.0
1629,24/06/2026,city scrape,Spacious Ensuite Room with King Bed!,Suhail,"Ottawa, Canada",f,t,Gloucester-South Nepean,Private room in condo,Private room,25/06/2026,26/06/2026,t,24/06/2026,01/07/2024,07/06/2026,10.0,2.0,9.0,3.0,3.0,45.0,-75.0,2.0,1.0,2.0,1.0,69.0,69.0,69.0,1.0,1125.0,25.0,53.0,83.0,83.0,48.0,20.0,22.0,4.0,4.0,4.0,4.0,4.0,4.0,1.0,3.0,0.0
1630,24/06/2026,city scrape,Stylish 3BR Ottawa Retreat Ideal for Monthly Stays,Julie,"Ottawa, Canada",f,t,Rideau-Vanier,Entire rental unit,Entire home/apt,28/06/2026,29/07/2026,t,24/06/2026,10,10,3.0,11.0,1.0,0.0,3.0,45.0,-75.0,5.0,1.0,3.0,2.0,148.0,4614.0,148.0,31.0,365.0,26.0,56.0,65.0,119.0,0.0,0.0,0.0,4.0,4.0,4.0,4.0,4.0,4.0,1.0,3.0,3.0
1631,24/06/2026,city scrape,Backyard Oasis: Perfect for 1 Guest,Dawn,"Ottawa, Canada",f,t,Knoxdale-Merivale,Entire guesthouse,Entire home/apt,01/08/2026,31/08/2026,t,24/06/2026,31/12/2025,30/04/2026,13.0,1.0,12.0,1.0,1.0,45.0,-75.0,1.0,1.0,1.0,1.0,66.0,1981.0,66.0,30.0,90.0,1.0,23.0,40.0,245.0,3.0,3.0,1.0,4.0,4.0,4.0,4.0,4.0,4.0,0.0,1.0,1.0
1632,24/06/2026,city scrape,“Tranquil 3-Bedroom Enclave”,Akinbodunde,"Ottawa, Canada",t,t,Innes,Entire townhouse,Entire home/apt,05/07/2026,07/07/2026,t,24/06/2026,19/06/2024,24/05/2026,7.0,6.0,3.0,6.0,2.0,45.0,-75.0,2.0,1.0,2.0,1.0,103.0,1626.0,103.0,30.0,365.0,12.0,29.0,53.0,235.5,22.0,1.0,1.0,4.0,4.0,4.0,4.0,4.0,4.0,1.0,2.0,1.0
1633,24/06/2026,city scrape,Cozy room with private bath close to everywhere,Bianca,"Ottawa, Canada",t,t,Gloucester-Southgate,Private room in home,Private room,29/06/2026,30/06/2026,t,24/06/2026,19/06/2024,28/05/2026,2.0,4.0,2.0,1.0,4.0,45.0,-75.0,2.0,1.0,2.0,1.0,91.0,91.0,91.0,1.0,28.0,25.0,55.0,85.0,355.0,67.0,28.0,32.0,4.0,4.0,4.0,4.0,4.0,4.0,2.0,4.0,0.0
1634,24/06/2026,city scrape,Elegant room with a private bath,Victor,"Ottawa, Canada",f,t,Innes,Private room in home,Private room,24/06/2026,24/07/2026,t,24/06/2026,24/06/2024,09/10/2025,7.0,6.0,3.0,6.0,2.0,45.0,-75.0,2.0,1.0,2.0,1.0,103.0,1626.0,103.0,30.0,365.0,12.0,29.0,53.0,235.5,22.0,1.0,1.0,4.0,4.0,4.0,4.0,4.0,4.0,1.0,2.0,1.0
1635,24/06/2026,city scrape,Urban Queen in Luxury home Fibre WiFi Free parking,Vivek,"Ottawa, Canada",t,t,Gloucester-South Nepean,Private room in home,Private room,24/06/2026,25/06/2026,t,24/06/2026,23/06/2024,23/06/2026,9.0,7.0,2.0,0.0,3.0,45.0,-75.0,2.0,1.0,2.0,1.0,116.0,116.0,116.0,1.0,7.0,26.0,56.0,83.0,83.0,56.0,25.0,25.0,4.0,4.0,4.0,4.0,4.0,4.0,2.0,3.0,0.0
1636,24/06/2026,city scrape,Luxury Furnished Home,Mase,"Ottawa, Canada",f,t,Osgoode,Entire home,Entire home/apt,24/06/2026,24/07/2026,t,24/06/2026,10,10,7.0,6.0,3.0,6.0,2.0,45.0,-75.0,2.0,1.0,2.0,1.0,103.0,1626.0,103.0,30.0,365.0,12.0,29.0,53.0,235.5,22.0,1.0,1.0,4.0,4.0,4.0,4.0,4.0,4.0,1.0,2.0,1.0
1637,24/06/2026,city scrape,Bedroom Suite 1,Margot,"Ottawa, Canada",t,t,Rideau-Vanier,Private room in bed and breakfast,Private room,29/06/2026,01/07/2026,t,24/06/2026,01/09/2024,14/06/2026,2.0,0.0,1.0,11.0,3.0,45.0,-75.0,2.0,1.0,2.0,1.0,255.0,510.0,255.0,2.0,1125.0,12.0,40.0,67.0,67.0,24.0,13.0,12.0,4.0,4.0,4.0,5.0,4.0,4.0,1.0,3.0,0.0
1638,02/07/2026,previous scrape,Private 1 BR/1 BA (Shared) Kanata High-Tech Park,Patrick,"Toronto, Canada",t,t,West Carleton-March,Private room in home,Private room,0000-00-00,"""0000-00-00""",t,02/07/2026,12/11/2024,12/11/2024,7.0,6.0,3.0,6.0,2.0,45.0,-75.0,2.0,1.0,2.0,1.0,103.0,1626.0,103.0,30.0,365.0,12.0,29.0,53.0,235.5,22.0,1.0,1.0,4.0,4.0,4.0,4.0,4.0,4.0,1.0,2.0,1.0
1639,24/06/2026,city scrape,"""KTM Cave "" A Cozy suite  near Ottawa Airport.",Deepak,"Ottawa, Canada",t,t,Gloucester-South Nepean,Private room in home,Private room,25/06/2026,26/06/2026,t,24/06/2026,23/06/2024,18/06/2026,7.0,6.0,3.0,6.0,2.0,45.0,-75.0,2.0,1.0,2.0,1.0,103.0,1626.0,103.0,30.0,365.0,12.0,29.0,53.0,235.5,22.0,1.0,1.0,4.0,4.0,4.0,4.0,4.0,4.0,1.0,2.0,1.0
1640,24/06/2026,city scrape,NoMo Oasis: bright Urban Retreat min from downtown,Nicky,"Ottawa, Canada",t,t,Rideau-Vanier,Entire home,Entire home/apt,20/07/2026,22/07/2026,t,24/06/2026,14/10/2024,19/06/2026,9.0,6.0,1.0,8.0,1.0,45.0,-75.0,4.0,1.0,2.0,2.0,309.0,618.0,309.0,2.0,180.0,4.0,19.0,45.0,222.0,50.0,32.0,26.0,4.0,4.0,4.0,5.0,4.0,4.0,2.0,1.0,1.0
1641,24/06/2026,city scrape,Private Basement Apartment,Martha,"Ottawa, Canada",f,t,Rideau-Rockcliffe,Private room in home,Private room,05/07/2026,07/07/2026,t,24/06/2026,16/07/2024,07/06/2026,2.0,0.0,1.0,11.0,1.0,45.0,-75.0,4.0,1.0,2.0,3.0,200.0,400.0,200.0,2.0,30.0,13.0,24.0,50.0,325.0,55.0,30.0,32.0,4.0,4.0,4.0,4.0,4.0,4.0,2.0,1.0,0.0
1642,24/06/2026,city scrape,Gorgeous 2-bdrm in Carlingwood,Teshome,"Ottawa, Canada",f,t,Bay,Entire rental unit,Entire home/apt,01/09/2026,01/10/2026,f,24/06/2026,10,10,8.0,4.0,1.0,10.0,1.0,45.0,-75.0,4.0,1.0,2.0,3.0,173.0,2246.0,173.0,30.0,1125.0,0.0,0.0,21.0,296.0,0.0,0.0,0.0,4.0,4.0,4.0,4.0,4.0,4.0,1.0,1.0,1.0
1643,24/06/2026,city scrape,"Room with private washroom, 8 mins from airport",Michelle,"Ottawa, Canada",f,t,Osgoode,Private room in home,Private room,01/07/2026,03/07/2026,t,24/06/2026,01/07/2024,28/05/2026,9.0,9.0,2.0,0.0,1.0,45.0,-75.0,2.0,1.0,2.0,1.0,111.0,223.0,111.0,2.0,1125.0,11.0,33.0,63.0,338.0,24.0,12.0,11.0,4.0,4.0,4.0,4.0,4.0,4.0,0.0,1.0,0.0
1644,24/06/2026,city scrape,A place to find quality rest -21,Victor,"Ottawa, Canada",f,t,Innes,Private room in home,Private room,24/06/2026,24/07/2026,t,24/06/2026,07/07/2024,30/11/2024,7.0,6.0,3.0,6.0,2.0,45.0,-75.0,2.0,1.0,2.0,1.0,103.0,1626.0,103.0,30.0,365.0,12.0,29.0,53.0,235.5,22.0,1.0,1.0,4.0,4.0,4.0,4.0,4.0,4.0,1.0,2.0,1.0
1645,24/06/2026,city scrape,Cozy 2-Bedroom City Retreat,Ameer,"Ottawa, Canada",f,t,Kitchissippi,Entire home,Entire home/apt,09/08/2026,08/09/2026,t,24/06/2026,22/12/2024,28/01/2025,7.0,6.0,3.0,6.0,2.0,45.0,-75.0,2.0,1.0,2.0,1.0,103.0,1626.0,103.0,30.0,365.0,12.0,29.0,53.0,235.5,22.0,1.0,1.0,4.0,4.0,4.0,4.0,4.0,4.0,1.0,2.0,1.0
1646,24/06/2026,city scrape,Lovely App Downtown Ottawa 211D,Sam,"Ottawa, Canada",f,t,Rideau-Vanier,Entire rental unit,Entire home/apt,24/06/2026,25/06/2026,t,24/06/2026,11/09/2024,20/06/2026,7.0,6.0,3.0,6.0,2.0,45.0,-75.0,2.0,1.0,2.0,1.0,103.0,1626.0,103.0,30.0,365.0,12.0,29.0,53.0,235.5,22.0,1.0,1.0,4.0,4.0,4.0,4.0,4.0,4.0,1.0,2.0,1.0
1647,24/06/2026,city scrape,New and Spacious Home,Rocco,"Ottawa, Canada",f,t,Barrhaven,Entire home,Entire home/apt,06/09/2026,08/09/2026,t,24/06/2026,08/09/2024,07/06/2026,7.0,6.0,3.0,6.0,2.0,45.0,-75.0,2.0,1.0,2.0,1.0,103.0,1626.0,103.0,30.0,365.0,12.0,29.0,53.0,235.5,22.0,1.0,1.0,4.0,4.0,4.0,4.0,4.0,4.0,1.0,2.0,1.0
1648,24/06/2026,city scrape,Lovely Apt Downtown Ottawa 34D,Sam,"Ottawa, Canada",f,t,Rideau-Vanier,Entire rental unit,Entire home/apt,10/08/2026,11/08/2026,t,24/06/2026,18/09/2024,14/06/2026,7.0,6.0,3.0,6.0,2.0,45.0,-75.0,2.0,1.0,2.0,1.0,103.0,1626.0,103.0,30.0,365.0,12.0,29.0,53.0,235.5,22.0,1.0,1.0,4.0,4.0,4.0,4.0,4.0,4.0,1.0,2.0,1.0
1649,24/06/2026,city scrape,Entire Place Downtown Ottawa 39D,Sam,"Ottawa, Canada",f,t,Rideau-Vanier,Entire rental unit,Entire home/apt,04/07/2026,05/07/2026,t,24/06/2026,08/08/2024,19/06/2026,7.0,6.0,3.0,6.0,2.0,45.0,-75.0,2.0,1.0,2.0,1.0,103.0,1626.0,103.0,30.0,365.0,12.0,29.0,53.0,235.5,22.0,1.0,1.0,4.0,4.0,4.0,4.0,4.0,4.0,1.0,2.0,1.0
1650,02/07/2026,previous scrape,Downtown 1 Bedroom Suite,Maysa,"Ottawa, Canada",f,t,Somerset,Entire condo,Entire home/apt,31/07/2026,29/09/2026,t,02/07/2026,10,10,10.0,4.0,9.0,0.0,4.0,45.0,-75.0,2.0,1.0,1.0,2.0,76.0,4610.0,76.0,45.0,365.0,1.0,31.0,61.0,274.0,0.0,0.0,0.0,4.0,4.0,4.0,4.0,4.0,4.0,1.0,3.0,3.0
1651,24/06/2026,city scrape,Lovely App Downtown Ottawa 38D,Sam,"Ottawa, Canada",f,t,Rideau-Vanier,Entire rental unit,Entire home/apt,14/07/2026,15/07/2026,t,24/06/2026,08/09/2024,16/06/2026,7.0,6.0,3.0,6.0,2.0,45.0,-75.0,2.0,1.0,2.0,1.0,103.0,1626.0,103.0,30.0,365.0,12.0,29.0,53.0,235.5,22.0,1.0,1.0,4.0,4.0,4.0,4.0,4.0,4.0,1.0,2.0,1.0
1652,24/06/2026,city scrape,*New Built* Beautiful 3BR 4.5BATH Home in Westboro,Jaybird,"Ottawa, Canada",f,t,Kitchissippi,Entire home,Entire home/apt,01/09/2026,01/10/2026,t,24/06/2026,10,10,7.0,6.0,3.0,6.0,2.0,45.0,-75.0,2.0,1.0,2.0,1.0,103.0,1626.0,103.0,30.0,365.0,12.0,29.0,53.0,235.5,22.0,1.0,1.0,4.0,4.0,4.0,4.0,4.0,4.0,1.0,2.0,1.0
1653,24/06/2026,city scrape,3 Bedroom Central Apartment - 4 Bed & Free Parking,Kyler,"Ottawa, Canada",f,t,Somerset,Entire rental unit,Entire home/apt,30/06/2026,01/07/2026,t,24/06/2026,29/09/2024,12/06/2026,7.0,6.0,3.0,6.0,2.0,45.0,-75.0,2.0,1.0,2.0,1.0,103.0,1626.0,103.0,30.0,365.0,12.0,29.0,53.0,235.5,22.0,1.0,1.0,4.0,4.0,4.0,4.0,4.0,4.0,1.0,2.0,1.0
1654,24/06/2026,city scrape,Home in Nepean,Hong-Son,"Ottawa, Canada",t,t,College,Entire home,Entire home/apt,25/08/2026,24/09/2026,t,24/06/2026,02/11/2024,27/02/2026,7.0,6.0,3.0,6.0,2.0,45.0,-75.0,2.0,1.0,2.0,1.0,103.0,1626.0,103.0,30.0,365.0,12.0,29.0,53.0,235.5,22.0,1.0,1.0,4.0,4.0,4.0,4.0,4.0,4.0,1.0,2.0,1.0
1655,24/06/2026,city scrape,Bedroom Suite 2,Margot,"Ottawa, Canada",t,t,Rideau-Vanier,Private room in bed and breakfast,Private room,29/06/2026,01/07/2026,t,24/06/2026,01/09/2024,12/06/2026,7.0,6.0,3.0,6.0,2.0,45.0,-75.0,2.0,1.0,2.0,1.0,103.0,1626.0,103.0,30.0,365.0,12.0,29.0,53.0,235.5,22.0,1.0,1.0,4.0,4.0,4.0,4.0,4.0,4.0,1.0,2.0,1.0
1656,24/06/2026,city scrape,Bedroom Suite 3,Margot,"Ottawa, Canada",t,t,Rideau-Vanier,Private room in bed and breakfast,Private room,11/07/2026,13/07/2026,t,24/06/2026,14/07/2024,17/06/2026,7.0,6.0,3.0,6.0,2.0,45.0,-75.0,2.0,1.0,2.0,1.0,103.0,1626.0,103.0,30.0,365.0,12.0,29.0,53.0,235.5,22.0,1.0,1.0,4.0,4.0,4.0,4.0,4.0,4.0,1.0,2.0,1.0
1657,24/06/2026,city scrape,Chic Rental Apartment,Seynabou,"Ottawa, Canada",f,t,Beacon Hill-Cyrville,Entire rental unit,Entire home/apt,24/06/2026,24/07/2026,t,24/06/2026,10,10,7.0,6.0,3.0,6.0,2.0,45.0,-75.0,2.0,1.0,2.0,1.0,103.0,1626.0,103.0,30.0,365.0,12.0,29.0,53.0,235.5,22.0,1.0,1.0,4.0,4.0,4.0,4.0,4.0,4.0,1.0,2.0,1.0
1658,24/06/2026,city scrape,"Spacious room, students/workers",Seynabou,"Ottawa, Canada",f,t,Beacon Hill-Cyrville,Private room in rental unit,Private room,24/06/2026,24/07/2026,t,24/06/2026,10,10,7.0,6.0,3.0,6.0,2.0,45.0,-75.0,2.0,1.0,2.0,1.0,103.0,1626.0,103.0,30.0,365.0,12.0,29.0,53.0,235.5,22.0,1.0,1.0,4.0,4.0,4.0,4.0,4.0,4.0,1.0,2.0,1.0
1659,24/06/2026,city scrape,Cozy 1 bed in Old Ottawa East,Brittany,"Ottawa, Canada",t,t,Capital,Entire rental unit,Entire home/apt,30/06/2026,01/07/2026,t,24/06/2026,26/09/2024,21/06/2026,7.0,6.0,3.0,6.0,2.0,45.0,-75.0,2.0,1.0,2.0,1.0,103.0,1626.0,103.0,30.0,365.0,12.0,29.0,53.0,235.5,22.0,1.0,1.0,4.0,4.0,4.0,4.0,4.0,4.0,1.0,2.0,1.0
1660,24/06/2026,city scrape,"Bright Private Bedroom in a Cozy Home (Left, Male)",Luke,"Toronto, Canada",f,t,Barrhaven,Private room in home,Private room,01/07/2026,31/07/2026,t,24/06/2026,24/10/2025,24/10/2025,7.0,6.0,3.0,6.0,2.0,45.0,-75.0,2.0,1.0,2.0,1.0,103.0,1626.0,103.0,30.0,365.0,12.0,29.0,53.0,235.5,22.0,1.0,1.0,4.0,4.0,4.0,4.0,4.0,4.0,1.0,2.0,1.0
1661,24/06/2026,city scrape,Total Condo Comfort,Seynabou,"Ottawa, Canada",f,t,Beacon Hill-Cyrville,Entire rental unit,Entire home/apt,24/06/2026,24/07/2026,t,24/06/2026,10,10,7.0,6.0,3.0,6.0,2.0,45.0,-75.0,2.0,1.0,2.0,1.0,103.0,1626.0,103.0,30.0,365.0,12.0,29.0,53.0,235.5,22.0,1.0,1.0,4.0,4.0,4.0,4.0,4.0,4.0,1.0,2.0,1.0
1662,02/07/2026,previous scrape,Pet-friendly home with office & backyard,Stacie,"Ottawa, Canada",t,t,Rideau-Rockcliffe,Entire home,Entire home/apt,0000-00-00,"""0000-00-00""",t,02/07/2026,06/04/2025,12/08/2025,7.0,6.0,3.0,6.0,2.0,45.0,-75.0,2.0,1.0,2.0,1.0,103.0,1626.0,103.0,30.0,365.0,12.0,29.0,53.0,235.5,22.0,1.0,1.0,4.0,4.0,4.0,4.0,4.0,4.0,1.0,2.0,1.0
1663,24/06/2026,city scrape,Central & Spacious 4BR Home - 13 Min to DT&Airport,Ahmed,"Ottawa, Canada",t,t,Knoxdale-Merivale,Entire home,Entire home/apt,29/06/2026,01/07/2026,t,24/06/2026,02/02/2025,31/05/2026,7.0,6.0,3.0,6.0,2.0,45.0,-75.0,2.0,1.0,2.0,1.0,103.0,1626.0,103.0,30.0,365.0,12.0,29.0,53.0,235.5,22.0,1.0,1.0,4.0,4.0,4.0,4.0,4.0,4.0,1.0,2.0,1.0
1664,24/06/2026,city scrape,Cozy Room in Modern Shared Home | Nepean | Ottawa,Daniel,"Ottawa, Canada",f,t,Barrhaven,Private room in townhouse,Private room,29/06/2026,30/06/2026,t,24/06/2026,30/07/2024,11/06/2026,7.0,6.0,3.0,6.0,2.0,45.0,-75.0,2.0,1.0,2.0,1.0,103.0,1626.0,103.0,30.0,365.0,12.0,29.0,53.0,235.5,22.0,1.0,1.0,4.0,4.0,4.0,4.0,4.0,4.0,1.0,2.0,1.0
1665,24/06/2026,city scrape,Lovely Room Nepean Ottawa,Daniel,"Ottawa, Canada",f,t,Barrhaven,Private room in home,Private room,29/06/2026,30/06/2026,t,24/06/2026,05/02/2026,07/06/2026,7.0,6.0,3.0,6.0,2.0,45.0,-75.0,2.0,1.0,2.0,1.0,103.0,1626.0,103.0,30.0,365.0,12.0,29.0,53.0,235.5,22.0,1.0,1.0,4.0,4.0,4.0,4.0,4.0,4.0,1.0,2.0,1.0
1666,24/06/2026,city scrape,Traveller's Room in Nepean - Ottawa,Daniel,"Ottawa, Canada",f,t,Barrhaven,Private room in home,Private room,24/06/2026,25/06/2026,t,24/06/2026,16/02/2026,02/04/2026,7.0,6.0,3.0,6.0,2.0,45.0,-75.0,2.0,1.0,2.0,1.0,103.0,1626.0,103.0,30.0,365.0,12.0,29.0,53.0,235.5,22.0,1.0,1.0,4.0,4.0,4.0,4.0,4.0,4.0,1.0,2.0,1.0
1667,24/06/2026,city scrape,Beautiful 3BR 1BATH Unit in Downtown Sandyhill,Jaybird,"Ottawa, Canada",t,t,Rideau-Vanier,Entire rental unit,Entire home/apt,27/06/2026,28/06/2026,t,24/06/2026,18/07/2024,08/06/2026,7.0,6.0,3.0,6.0,2.0,45.0,-75.0,2.0,1.0,2.0,1.0,103.0,1626.0,103.0,30.0,365.0,12.0,29.0,53.0,235.5,22.0,1.0,1.0,4.0,4.0,4.0,4.0,4.0,4.0,1.0,2.0,1.0
1668,24/06/2026,city scrape,Tranquil Retreat in Findlay Creek 3bdrm 3 bath,Anthony,"Ottawa, Canada",f,t,Osgoode,Entire home,Entire home/apt,02/11/2026,03/11/2026,t,24/06/2026,14/07/2024,29/12/2024,7.0,6.0,3.0,6.0,2.0,45.0,-75.0,2.0,1.0,2.0,1.0,103.0,1626.0,103.0,30.0,365.0,12.0,29.0,53.0,235.5,22.0,1.0,1.0,4.0,4.0,4.0,4.0,4.0,4.0,1.0,2.0,1.0
1669,02/07/2026,previous scrape,Luxury Entire home! 4bdrm4bthrm,Amir,"Ottawa, Canada",f,t,Kanata South,Entire home,Entire home/apt,02/07/2026,30/09/2026,t,02/07/2026,23/07/2024,21/10/2024,7.0,6.0,3.0,6.0,2.0,45.0,-75.0,2.0,1.0,2.0,1.0,103.0,1626.0,103.0,30.0,365.0,12.0,29.0,53.0,235.5,22.0,1.0,1.0,4.0,4.0,4.0,4.0,4.0,4.0,1.0,2.0,1.0
1670,24/06/2026,city scrape,Master bedroom w/Ensuite Bathroom DT Ottawa,Xu,"Ottawa, Canada",f,t,Somerset,Private room in condo,Private room,25/06/2026,25/07/2026,t,24/06/2026,13/07/2024,19/01/2025,7.0,6.0,3.0,6.0,2.0,45.0,-75.0,2.0,1.0,2.0,1.0,103.0,1626.0,103.0,30.0,365.0,12.0,29.0,53.0,235.5,22.0,1.0,1.0,4.0,4.0,4.0,4.0,4.0,4.0,1.0,2.0,1.0
1671,24/06/2026,city scrape,"3 Bdrm, 4 Bed Basement Suite: Quiet neighbourhood",Narek,"Ottawa, Canada",t,t,Knoxdale-Merivale,Entire home,Entire home/apt,24/06/2026,25/06/2026,t,24/06/2026,24/12/2024,10/06/2026,7.0,6.0,3.0,6.0,2.0,45.0,-75.0,2.0,1.0,2.0,1.0,103.0,1626.0,103.0,30.0,365.0,12.0,29.0,53.0,235.5,22.0,1.0,1.0,4.0,4.0,4.0,4.0,4.0,4.0,1.0,2.0,1.0
1672,24/06/2026,city scrape,Entire rental unit in Ottawa,Seynabou,"Ottawa, Canada",f,t,Beacon Hill-Cyrville,Entire rental unit,Entire home/apt,24/06/2026,24/07/2026,t,24/06/2026,10,10,7.0,6.0,3.0,6.0,2.0,45.0,-75.0,2.0,1.0,2.0,1.0,103.0,1626.0,103.0,30.0,365.0,12.0,29.0,53.0,235.5,22.0,1.0,1.0,4.0,4.0,4.0,4.0,4.0,4.0,1.0,2.0,1.0
1673,24/06/2026,city scrape,Zen suite w/ Private Queen bed near airport,Anita,"Ottawa, Canada",t,t,Gloucester-South Nepean,Private room in guest suite,Private room,29/06/2026,01/07/2026,t,24/06/2026,15/07/2024,17/04/2026,11.0,5.0,1.0,11.0,3.0,45.0,-75.0,2.0,1.0,2.0,1.0,120.0,240.0,120.0,1.0,29.0,8.0,22.0,45.0,135.0,7.0,2.0,0.0,4.0,4.0,4.0,4.0,4.0,4.0,0.0,3.0,1.0
1674,24/06/2026,city scrape,Aura suite w/ Private Queen bed near airport,Anita,"Ottawa, Canada",t,t,Gloucester-South Nepean,Private room in guest suite,Private room,29/06/2026,01/07/2026,t,24/06/2026,31/07/2024,14/05/2026,11.0,5.0,1.0,11.0,3.0,45.0,-75.0,2.0,1.0,2.0,1.0,126.0,252.0,126.0,2.0,29.0,8.0,22.0,45.0,135.0,12.0,3.0,2.0,4.0,4.0,4.0,4.0,4.0,4.0,0.0,3.0,1.0
1675,24/06/2026,city scrape,Full basement suite w/ 2 Queen beds near airport,Anita,"Ottawa, Canada",t,t,Gloucester-South Nepean,Entire home,Entire home/apt,29/06/2026,30/06/2026,t,24/06/2026,05/08/2024,21/06/2026,11.0,5.0,1.0,11.0,3.0,45.0,-75.0,4.0,1.0,2.0,2.0,274.0,274.0,274.0,1.0,29.0,8.0,22.0,45.0,320.0,32.0,22.0,17.0,4.0,4.0,4.0,4.0,4.0,4.0,1.0,3.0,1.0
1676,02/07/2026,previous scrape,Your Cozy place away from home (spacious room),Annielyn Rose,"Ottawa, Canada",f,t,Rideau-Goulbourn,Private room in home,Private room,0000-00-00,"""0000-00-00""",t,02/07/2026,19/03/2025,01/05/2025,1.0,11.0,1.0,3.0,1.0,45.0,-75.0,2.0,1.0,2.0,2.0,173.0,2246.0,173.0,2.0,1125.0,0.0,0.0,0.0,0.0,6.0,0.0,6.0,4.0,4.0,4.0,4.0,4.0,4.0,0.0,1.0,0.0
1677,24/06/2026,city scrape,Ottawa Comfortable Queen+Twin beds room,Wei,"Ottawa, Canada",t,t,Barrhaven,Private room in guesthouse,Private room,30/06/2026,01/07/2026,t,24/06/2026,25/08/2024,22/06/2026,7.0,6.0,3.0,6.0,2.0,45.0,-75.0,2.0,1.0,2.0,1.0,103.0,1626.0,103.0,30.0,365.0,12.0,29.0,53.0,235.5,22.0,1.0,1.0,4.0,4.0,4.0,4.0,4.0,4.0,1.0,2.0,1.0
1678,24/06/2026,city scrape,Comfortable Visitor Room,Seynabou,"Ottawa, Canada",f,t,Beacon Hill-Cyrville,Private room in rental unit,Private room,24/06/2026,24/07/2026,t,24/06/2026,31/08/2024,06/10/2024,7.0,6.0,3.0,6.0,2.0,45.0,-75.0,2.0,1.0,2.0,1.0,103.0,1626.0,103.0,30.0,365.0,12.0,29.0,53.0,235.5,22.0,1.0,1.0,4.0,4.0,4.0,4.0,4.0,4.0,1.0,2.0,1.0
1679,24/06/2026,city scrape,Entire comfortable condo,Seynabou,"Ottawa, Canada",f,t,Beacon Hill-Cyrville,Entire rental unit,Entire home/apt,24/06/2026,24/07/2026,t,24/06/2026,10,10,7.0,6.0,3.0,6.0,2.0,45.0,-75.0,2.0,1.0,2.0,1.0,103.0,1626.0,103.0,30.0,365.0,12.0,29.0,53.0,235.5,22.0,1.0,1.0,4.0,4.0,4.0,4.0,4.0,4.0,1.0,2.0,1.0
1680,24/06/2026,city scrape,Entire townhouse Carp 1 min Hwy,Ish,"Ottawa, Canada",f,t,West Carleton-March,Entire home,Entire home/apt,28/06/2026,30/06/2026,t,24/06/2026,24/01/2025,14/06/2026,7.0,6.0,3.0,6.0,2.0,45.0,-75.0,2.0,1.0,2.0,1.0,103.0,1626.0,103.0,30.0,365.0,12.0,29.0,53.0,235.5,22.0,1.0,1.0,4.0,4.0,4.0,4.0,4.0,4.0,1.0,2.0,1.0
1681,24/06/2026,city scrape,Kanata Townhouse Near Stadium,Monnica,"Ottawa, Canada",f,t,Kanata North,Entire townhouse,Entire home/apt,08/08/2026,13/08/2026,t,24/06/2026,05/05/2025,14/06/2026,8.0,11.0,1.0,11.0,2.0,45.0,-75.0,5.0,1.0,3.0,3.0,267.0,1336.0,267.0,5.0,20.0,5.0,20.0,25.0,25.0,12.0,11.0,7.0,4.0,4.0,5.0,4.0,4.0,4.0,0.0,1.0,1.0
1682,24/06/2026,city scrape,Charming Retreat - Cozy Stay,Bianca,"Ottawa, Canada",f,t,Rideau-Rockcliffe,Entire rental unit,Entire home/apt,16/08/2026,16/09/2026,t,24/06/2026,15/08/2025,15/08/2025,7.0,6.0,3.0,6.0,2.0,45.0,-75.0,2.0,1.0,2.0,1.0,103.0,1626.0,103.0,30.0,365.0,12.0,29.0,53.0,235.5,22.0,1.0,1.0,4.0,4.0,4.0,4.0,4.0,4.0,1.0,2.0,1.0
1683,24/06/2026,city scrape,Smart Space Living in Ottawa,Seynabou,"Ottawa, Canada",f,t,Beacon Hill-Cyrville,Private room in rental unit,Private room,24/06/2026,24/07/2026,t,24/06/2026,03/01/2025,09/02/2025,7.0,6.0,3.0,6.0,2.0,45.0,-75.0,2.0,1.0,2.0,1.0,103.0,1626.0,103.0,30.0,365.0,12.0,29.0,53.0,235.5,22.0,1.0,1.0,4.0,4.0,4.0,4.0,4.0,4.0,1.0,2.0,1.0
1684,24/06/2026,city scrape,comfortable condo in Ottawa,Seynabou,"Ottawa, Canada",f,t,Beacon Hill-Cyrville,Entire rental unit,Entire home/apt,24/06/2026,24/07/2026,t,24/06/2026,10,10,7.0,6.0,3.0,6.0,2.0,45.0,-75.0,2.0,1.0,2.0,1.0,103.0,1626.0,103.0,30.0,365.0,12.0,29.0,53.0,235.5,22.0,1.0,1.0,4.0,4.0,4.0,4.0,4.0,4.0,1.0,2.0,1.0
1685,24/06/2026,city scrape,"New, private in downtown Ottawa",Rafic,"Ottawa, Canada",t,t,Rideau-Vanier,Entire rental unit,Entire home/apt,06/07/2026,05/08/2026,t,24/06/2026,30/06/2025,19/05/2026,7.0,6.0,3.0,6.0,2.0,45.0,-75.0,2.0,1.0,2.0,1.0,103.0,1626.0,103.0,30.0,365.0,12.0,29.0,53.0,235.5,22.0,1.0,1.0,4.0,4.0,4.0,4.0,4.0,4.0,1.0,2.0,1.0
1686,24/06/2026,city scrape,ComfortsHome near Airport,Comfort,"Ottawa, Canada",f,t,Gloucester-South Nepean,Private room in townhouse,Private room,25/06/2026,25/07/2026,f,24/06/2026,10,10,7.0,6.0,3.0,6.0,2.0,45.0,-75.0,2.0,1.0,2.0,1.0,103.0,1626.0,103.0,30.0,365.0,12.0,29.0,53.0,235.5,22.0,1.0,1.0,4.0,4.0,4.0,4.0,4.0,4.0,1.0,2.0,1.0
1687,24/06/2026,city scrape,Quiet and Cozy Private Bedroom,Farhaj,"Ottawa, Canada",f,t,Stittsville-Kanata West,Private room in home,Private room,01/07/2026,31/07/2026,t,24/06/2026,10,10,8.0,0.0,1.0,11.0,1.0,45.0,-75.0,1.0,1.0,2.0,1.0,46.0,1407.0,46.0,30.0,365.0,23.0,53.0,83.0,83.0,0.0,0.0,0.0,4.0,4.0,4.0,4.0,4.0,4.0,1.0,1.0,0.0
1688,24/06/2026,city scrape,Room long term rental students,Seynabou,"Ottawa, Canada",f,t,Beacon Hill-Cyrville,Private room in rental unit,Private room,24/06/2026,24/07/2026,t,24/06/2026,10,10,7.0,6.0,3.0,6.0,2.0,45.0,-75.0,2.0,1.0,2.0,1.0,103.0,1626.0,103.0,30.0,365.0,12.0,29.0,53.0,235.5,22.0,1.0,1.0,4.0,4.0,4.0,4.0,4.0,4.0,1.0,2.0,1.0
1689,24/06/2026,city scrape,"Spacious en-suite 15min to dtwn, 10min to airport",Tuan,"Ottawa, Canada",f,t,River,Private room in home,Private room,24/06/2026,24/07/2026,t,24/06/2026,02/01/2025,10/06/2026,7.0,6.0,3.0,6.0,2.0,45.0,-75.0,2.0,1.0,2.0,1.0,103.0,1626.0,103.0,30.0,365.0,12.0,29.0,53.0,235.5,22.0,1.0,1.0,4.0,4.0,4.0,4.0,4.0,4.0,1.0,2.0,1.0
1690,24/06/2026,city scrape,Bright & Peaceful Retreat,Adrienne,"Ottawa, Canada",t,t,College,Private room in home,Private room,24/06/2026,25/06/2026,t,24/06/2026,25/07/2024,21/06/2026,2.0,7.0,1.0,11.0,3.0,45.0,-75.0,2.0,1.0,2.0,1.0,97.0,97.0,97.0,1.0,93.0,13.0,40.0,70.0,345.0,64.0,40.0,30.0,4.0,4.0,4.0,4.0,4.0,4.0,2.0,3.0,0.0
1691,24/06/2026,city scrape,Charming Private Queen Room (BR1) - Kanata,Lakshya,"Ottawa, Canada",t,t,West Carleton-March,Private room in home,Private room,17/07/2026,18/07/2026,t,24/06/2026,27/05/2025,22/05/2026,7.0,6.0,3.0,6.0,2.0,45.0,-75.0,2.0,1.0,2.0,1.0,103.0,1626.0,103.0,30.0,365.0,12.0,29.0,53.0,235.5,22.0,1.0,1.0,4.0,4.0,4.0,4.0,4.0,4.0,1.0,2.0,1.0
1692,24/06/2026,city scrape,Master Bedroom with Private Bathroom,Victor,"Ottawa, Canada",f,t,College,Private room in home,Private room,06/07/2026,05/08/2026,t,24/06/2026,01/09/2024,01/01/2026,7.0,6.0,3.0,6.0,2.0,45.0,-75.0,2.0,1.0,2.0,1.0,103.0,1626.0,103.0,30.0,365.0,12.0,29.0,53.0,235.5,22.0,1.0,1.0,4.0,4.0,4.0,4.0,4.0,4.0,1.0,2.0,1.0
1693,24/06/2026,city scrape,Cozy Bedroom Near Algonquin college,Victor,"Ottawa, Canada",f,t,College,Private room in home,Private room,30/09/2026,30/10/2026,t,24/06/2026,31/05/2025,30/10/2025,7.0,6.0,3.0,6.0,2.0,45.0,-75.0,2.0,1.0,2.0,1.0,103.0,1626.0,103.0,30.0,365.0,12.0,29.0,53.0,235.5,22.0,1.0,1.0,4.0,4.0,4.0,4.0,4.0,4.0,1.0,2.0,1.0
1694,24/06/2026,city scrape,Sicilian: Golf / Work / Events,Shayne,"Ottawa, Canada",f,f,West Carleton-March,Entire home,Entire home/apt,19/07/2026,18/08/2026,t,24/06/2026,14/08/2024,02/09/2025,7.0,6.0,3.0,6.0,2.0,45.0,-75.0,2.0,1.0,2.0,1.0,103.0,1626.0,103.0,30.0,365.0,12.0,29.0,53.0,235.5,22.0,1.0,1.0,4.0,4.0,4.0,4.0,4.0,4.0,1.0,2.0,1.0
1695,24/06/2026,city scrape,Homely & Cozy Nook,Adrienne,"Ottawa, Canada",t,t,College,Private room in home,Private room,24/07/2026,25/07/2026,t,24/06/2026,01/09/2024,21/06/2026,7.0,6.0,3.0,6.0,2.0,45.0,-75.0,2.0,1.0,2.0,1.0,103.0,1626.0,103.0,30.0,365.0,12.0,29.0,53.0,235.5,22.0,1.0,1.0,4.0,4.0,4.0,4.0,4.0,4.0,1.0,2.0,1.0
1696,24/06/2026,city scrape,Perfect Room for Work & Travel in Quiet Ottawa,Sudie,"Ottawa, Canada",f,t,Kanata North,Private room in home,Private room,30/06/2026,01/07/2026,t,24/06/2026,09/08/2024,16/04/2026,9.0,4.0,1.0,10.0,2.0,45.0,-75.0,2.0,1.0,1.0,1.0,126.0,126.0,126.0,1.0,365.0,24.0,54.0,84.0,359.0,22.0,8.0,12.0,4.0,4.0,4.0,4.0,4.0,4.0,0.0,2.0,0.0
1697,24/06/2026,city scrape,Nice room to rent student/worker,Seynabou,"Ottawa, Canada",f,t,Beacon Hill-Cyrville,Private room in rental unit,Private room,24/06/2026,24/07/2026,t,24/06/2026,10,10,7.0,6.0,3.0,6.0,2.0,45.0,-75.0,2.0,1.0,2.0,1.0,103.0,1626.0,103.0,30.0,365.0,12.0,29.0,53.0,235.5,22.0,1.0,1.0,4.0,4.0,4.0,4.0,4.0,4.0,1.0,2.0,1.0
1698,24/06/2026,city scrape,Ottawa Garden View Queen&Twin Room,Wei,"Ottawa, Canada",t,t,Barrhaven,Private room in home,Private room,30/06/2026,01/07/2026,t,24/06/2026,01/08/2024,21/06/2026,7.0,6.0,3.0,6.0,2.0,45.0,-75.0,2.0,1.0,2.0,1.0,103.0,1626.0,103.0,30.0,365.0,12.0,29.0,53.0,235.5,22.0,1.0,1.0,4.0,4.0,4.0,4.0,4.0,4.0,1.0,2.0,1.0
1699,24/06/2026,city scrape,Comfortable room for rent,Seynabou,"Ottawa, Canada",f,t,Beacon Hill-Cyrville,Private room in rental unit,Private room,24/06/2026,24/07/2026,t,24/06/2026,10,10,7.0,6.0,3.0,6.0,2.0,45.0,-75.0,2.0,1.0,2.0,1.0,103.0,1626.0,103.0,30.0,365.0,12.0,29.0,53.0,235.5,22.0,1.0,1.0,4.0,4.0,4.0,4.0,4.0,4.0,1.0,2.0,1.0
1700,24/06/2026,city scrape,Sunny & Serene Bedroom,Adrienne,"Ottawa, Canada",t,t,College,Private room in home,Private room,28/06/2026,29/06/2026,t,24/06/2026,31/07/2024,21/06/2026,7.0,6.0,3.0,6.0,2.0,45.0,-75.0,2.0,1.0,2.0,1.0,103.0,1626.0,103.0,30.0,365.0,12.0,29.0,53.0,235.5,22.0,1.0,1.0,4.0,4.0,4.0,4.0,4.0,4.0,1.0,2.0,1.0
1701,02/07/2026,previous scrape,Hidden treasure - spacious Retreat w/Outdoor Oasis,Natalie,"Ottawa, Canada",f,t,Kitchissippi,Entire bungalow,Entire home/apt,0000-00-00,"""0000-00-00""",t,02/07/2026,18/08/2024,01/02/2025,7.0,6.0,3.0,6.0,2.0,45.0,-75.0,2.0,1.0,2.0,1.0,103.0,1626.0,103.0,30.0,365.0,12.0,29.0,53.0,235.5,22.0,1.0,1.0,4.0,4.0,4.0,4.0,4.0,4.0,1.0,2.0,1.0
1702,02/07/2026,previous scrape,heart of centretown free parking,Daniel,"Ottawa, Canada",f,t,Somerset,Entire rental unit,Entire home/apt,0000-00-00,"""0000-00-00""",t,02/07/2026,10,10,10.0,4.0,10.0,4.0,2.0,45.0,-75.0,6.0,1.0,3.0,2.0,173.0,2246.0,173.0,30.0,365.0,0.0,0.0,0.0,22.0,0.0,0.0,0.0,4.0,4.0,4.0,4.0,4.0,4.0,1.0,2.0,2.0
1703,24/06/2026,city scrape,Cozy room near Ottawa airport #2,Thao,"Ottawa, Canada",t,t,River,Private room in home,Private room,21/07/2026,20/08/2026,t,24/06/2026,31/01/2025,30/06/2025,7.0,6.0,3.0,6.0,2.0,45.0,-75.0,2.0,1.0,2.0,1.0,103.0,1626.0,103.0,30.0,365.0,12.0,29.0,53.0,235.5,22.0,1.0,1.0,4.0,4.0,4.0,4.0,4.0,4.0,1.0,2.0,1.0
1704,24/06/2026,city scrape,Mon logement attrayant!,Sandra,"Ottawa, Canada",f,t,Rideau-Vanier,Private room in rental unit,Private room,26/06/2026,03/07/2026,t,24/06/2026,10,10,2.0,2.0,1.0,10.0,1.0,45.0,-75.0,3.0,1.0,2.0,2.0,129.0,904.0,129.0,7.0,365.0,28.0,58.0,88.0,88.0,0.0,0.0,0.0,4.0,4.0,4.0,4.0,4.0,4.0,1.0,1.0,0.0
1705,24/06/2026,city scrape,Spacious 4 Bedroom Home | Office | Parking | W&D,Natalie,"Ottawa, Canada",f,t,Osgoode,Entire home,Entire home/apt,01/09/2026,01/10/2026,t,24/06/2026,25/08/2024,22/03/2026,7.0,6.0,3.0,6.0,2.0,45.0,-75.0,2.0,1.0,2.0,1.0,103.0,1626.0,103.0,30.0,365.0,12.0,29.0,53.0,235.5,22.0,1.0,1.0,4.0,4.0,4.0,4.0,4.0,4.0,1.0,2.0,1.0
1706,24/06/2026,city scrape,Independent Suite in Kanata,Al,"Ottawa, Canada",f,t,Kanata South,Entire guest suite,Entire home/apt,07/06/2027,11/06/2027,t,24/06/2026,08/08/2024,17/05/2026,1.0,10.0,1.0,10.0,1.0,45.0,-75.0,4.0,1.0,2.0,3.0,187.0,748.0,187.0,4.0,27.0,0.0,0.0,0.0,18.0,43.0,15.0,19.0,4.0,4.0,4.0,4.0,4.0,4.0,1.0,1.0,1.0
1707,24/06/2026,city scrape,Artistic & Trendy 4 Bedroom Home,Paraskevy,"Ottawa, Canada",t,t,College,Entire home,Entire home/apt,29/06/2026,30/06/2026,t,24/06/2026,10/08/2024,21/05/2026,7.0,6.0,3.0,6.0,2.0,45.0,-75.0,2.0,1.0,2.0,1.0,103.0,1626.0,103.0,30.0,365.0,12.0,29.0,53.0,235.5,22.0,1.0,1.0,4.0,4.0,4.0,4.0,4.0,4.0,1.0,2.0,1.0
1708,24/06/2026,city scrape,Comfort Style & Space Rideau River Retreat  Ottawa,Elvis,"Ottawa, Canada",f,t,Rideau-Goulbourn,Entire guest suite,Entire home/apt,01/08/2026,03/08/2026,t,24/06/2026,04/05/2026,02/06/2026,7.0,6.0,3.0,6.0,2.0,45.0,-75.0,2.0,1.0,2.0,1.0,103.0,1626.0,103.0,30.0,365.0,12.0,29.0,53.0,235.5,22.0,1.0,1.0,4.0,4.0,4.0,4.0,4.0,4.0,1.0,2.0,1.0
1709,24/06/2026,city scrape,Cozy 4BED Townhouse in Barrhaven,Jenny,"Ottawa, Canada",t,t,Rideau-Goulbourn,Entire home,Entire home/apt,12/07/2026,13/07/2026,t,24/06/2026,12/08/2024,10/06/2026,7.0,6.0,3.0,6.0,2.0,45.0,-75.0,2.0,1.0,2.0,1.0,103.0,1626.0,103.0,30.0,365.0,12.0,29.0,53.0,235.5,22.0,1.0,1.0,4.0,4.0,4.0,4.0,4.0,4.0,1.0,2.0,1.0
1710,24/06/2026,city scrape,Peaceful Room for Long-Term Stay,Seynabou,"Ottawa, Canada",f,t,Beacon Hill-Cyrville,Private room in rental unit,Private room,24/06/2026,24/07/2026,t,24/06/2026,10,10,7.0,6.0,3.0,6.0,2.0,45.0,-75.0,2.0,1.0,2.0,1.0,103.0,1626.0,103.0,30.0,365.0,12.0,29.0,53.0,235.5,22.0,1.0,1.0,4.0,4.0,4.0,4.0,4.0,4.0,1.0,2.0,1.0
1711,24/06/2026,city scrape,Entire 4 Bedroom House + Office in Ottawa,Anees,"Ottawa, Canada",t,t,Cumberland,Entire townhouse,Entire home/apt,25/06/2026,26/06/2026,t,24/06/2026,16/08/2024,22/06/2026,7.0,6.0,3.0,6.0,2.0,45.0,-75.0,2.0,1.0,2.0,1.0,103.0,1626.0,103.0,30.0,365.0,12.0,29.0,53.0,235.5,22.0,1.0,1.0,4.0,4.0,4.0,4.0,4.0,4.0,1.0,2.0,1.0
1712,24/06/2026,city scrape,One Bedroom (Private Kitchen & Bath),Victor,"Ottawa, Canada",f,t,Innes,Private room in home,Private room,24/06/2026,24/07/2026,t,24/06/2026,12/08/2024,22/08/2024,7.0,6.0,3.0,6.0,2.0,45.0,-75.0,2.0,1.0,2.0,1.0,103.0,1626.0,103.0,30.0,365.0,12.0,29.0,53.0,235.5,22.0,1.0,1.0,4.0,4.0,4.0,4.0,4.0,4.0,1.0,2.0,1.0
1713,24/06/2026,city scrape,"Safe, Clean Room, Central Area",Seynabou,"Ottawa, Canada",f,t,Beacon Hill-Cyrville,Private room in rental unit,Private room,24/06/2026,24/07/2026,t,24/06/2026,10,10,7.0,6.0,3.0,6.0,2.0,45.0,-75.0,2.0,1.0,2.0,1.0,103.0,1626.0,103.0,30.0,365.0,12.0,29.0,53.0,235.5,22.0,1.0,1.0,4.0,4.0,4.0,4.0,4.0,4.0,1.0,2.0,1.0
1714,24/06/2026,city scrape,Spa-Theme Urban Oasis w/Parking + Sauna,Thoma,"Ottawa, Canada",t,t,Beacon Hill-Cyrville,Entire guest suite,Entire home/apt,29/06/2026,30/06/2026,t,24/06/2026,01/10/2024,14/06/2026,7.0,6.0,3.0,6.0,2.0,45.0,-75.0,2.0,1.0,2.0,1.0,103.0,1626.0,103.0,30.0,365.0,12.0,29.0,53.0,235.5,22.0,1.0,1.0,4.0,4.0,4.0,4.0,4.0,4.0,1.0,2.0,1.0
1715,24/06/2026,city scrape,Cozy modern room with patio,Olusegun,"Ottawa, Canada",f,t,Barrhaven,Private room in home,Private room,24/06/2026,25/06/2026,t,24/06/2026,17/08/2024,06/06/2026,1.0,10.0,1.0,10.0,1.0,45.0,-75.0,2.0,1.0,1.0,1.0,97.0,97.0,97.0,1.0,365.0,16.0,46.0,76.0,351.0,11.0,8.0,0.0,4.0,4.0,4.0,4.0,4.0,4.0,0.0,1.0,0.0
1716,24/06/2026,city scrape,Private bedroom and washroom with free parking,Simran,"Ottawa, Canada",t,t,Rideau-Rockcliffe,Private room in home,Private room,24/06/2026,25/06/2026,t,24/06/2026,22/08/2024,21/06/2026,7.0,6.0,3.0,6.0,2.0,45.0,-75.0,2.0,1.0,2.0,1.0,103.0,1626.0,103.0,30.0,365.0,12.0,29.0,53.0,235.5,22.0,1.0,1.0,4.0,4.0,4.0,4.0,4.0,4.0,1.0,2.0,1.0
1717,24/06/2026,city scrape,Sophisticated & Warm 4BD | Near Intl Airport,Jasmine,"Ottawa, Canada",t,t,River,Entire home,Entire home/apt,04/08/2026,03/09/2026,t,24/06/2026,16/08/2024,05/04/2026,7.0,6.0,3.0,6.0,2.0,45.0,-75.0,2.0,1.0,2.0,1.0,103.0,1626.0,103.0,30.0,365.0,12.0,29.0,53.0,235.5,22.0,1.0,1.0,4.0,4.0,4.0,4.0,4.0,4.0,1.0,2.0,1.0
1718,24/06/2026,city scrape,Dynasty Home -Executive Home,Abimbola Oluwaseyi,"Ottawa, Canada",t,t,Barrhaven,Private room in home,Private room,19/07/2026,22/07/2026,t,24/06/2026,10,10,7.0,6.0,3.0,6.0,2.0,45.0,-75.0,2.0,1.0,2.0,1.0,103.0,1626.0,103.0,30.0,365.0,12.0,29.0,53.0,235.5,22.0,1.0,1.0,4.0,4.0,4.0,4.0,4.0,4.0,1.0,2.0,1.0
1719,02/07/2026,previous scrape,Wonderful & Spacious 2br Condo,Kondwani,"Montreal, Canada",f,t,Somerset,Entire rental unit,Entire home/apt,09/07/2026,05/01/2027,f,02/07/2026,10,10,7.0,6.0,3.0,6.0,2.0,45.0,-75.0,2.0,1.0,2.0,1.0,103.0,1626.0,103.0,30.0,365.0,12.0,29.0,53.0,235.5,22.0,1.0,1.0,4.0,4.0,4.0,4.0,4.0,4.0,1.0,2.0,1.0
1720,24/06/2026,city scrape,Ultra Modern Designer House,Dr Brown,"Ottawa, Canada",f,t,Bay,Entire home,Entire home/apt,29/06/2026,01/07/2026,t,24/06/2026,18/08/2024,19/04/2026,7.0,6.0,3.0,6.0,2.0,45.0,-75.0,2.0,1.0,2.0,1.0,103.0,1626.0,103.0,30.0,365.0,12.0,29.0,53.0,235.5,22.0,1.0,1.0,4.0,4.0,4.0,4.0,4.0,4.0,1.0,2.0,1.0
1721,24/06/2026,city scrape,Brand new one bed one bath condo,Amanda,"Toronto, Canada",t,t,Rideau-Vanier,Entire rental unit,Entire home/apt,01/08/2026,31/08/2026,t,24/06/2026,12/02/2025,28/12/2025,7.0,6.0,3.0,6.0,2.0,45.0,-75.0,2.0,1.0,2.0,1.0,103.0,1626.0,103.0,30.0,365.0,12.0,29.0,53.0,235.5,22.0,1.0,1.0,4.0,4.0,4.0,4.0,4.0,4.0,1.0,2.0,1.0
1722,24/06/2026,city scrape,private unit entire suite free parking,Othman,"Ottawa, Canada",t,t,Osgoode,Entire guesthouse,Entire home/apt,02/07/2026,03/07/2026,t,24/06/2026,15/02/2026,17/06/2026,7.0,1.0,2.0,6.0,1.0,45.0,-75.0,3.0,1.0,2.0,2.0,155.0,155.0,155.0,1.0,90.0,14.0,38.0,55.0,55.0,16.0,16.0,0.0,4.0,4.0,5.0,5.0,4.0,4.0,3.0,1.0,1.0
1723,24/06/2026,city scrape,Modern Master Retreat with Ensuite in Ottawa,Betty,"Ottawa, Canada",t,t,Rideau-Vanier,Private room in home,Private room,24/06/2026,26/06/2026,t,24/06/2026,10,10,12.0,9.0,7.0,8.0,5.0,45.0,-75.0,2.0,1.0,2.0,1.0,205.0,411.0,205.0,2.0,365.0,20.0,33.0,55.0,328.0,0.0,0.0,0.0,4.0,4.0,4.0,4.0,4.0,4.0,1.0,5.0,1.0
1724,24/06/2026,city scrape,Modern Double Room with Ensuite in Ottawa,Betty,"Ottawa, Canada",t,t,Rideau-Vanier,Private room in home,Private room,25/06/2026,26/06/2026,t,24/06/2026,10,10,12.0,9.0,7.0,8.0,5.0,45.0,-75.0,1.0,1.0,2.0,1.0,136.0,136.0,136.0,1.0,365.0,19.0,32.0,54.0,327.0,0.0,0.0,0.0,4.0,4.0,4.0,4.0,4.0,4.0,1.0,5.0,1.0
1725,24/06/2026,city scrape,Modern and Bright Double Bedroom in Ottawa,Betty,"Ottawa, Canada",t,t,Rideau-Vanier,Private room in home,Private room,25/06/2026,26/06/2026,t,24/06/2026,28/09/2024,28/09/2024,7.0,6.0,3.0,6.0,2.0,45.0,-75.0,2.0,1.0,2.0,1.0,103.0,1626.0,103.0,30.0,365.0,12.0,29.0,53.0,235.5,22.0,1.0,1.0,4.0,4.0,4.0,4.0,4.0,4.0,1.0,2.0,1.0
1726,24/06/2026,city scrape,Modern Double Bedroom for Relaxation in Ottawa,Betty,"Ottawa, Canada",t,t,Rideau-Vanier,Private room in home,Private room,25/06/2026,26/06/2026,t,24/06/2026,27/09/2024,27/09/2024,7.0,6.0,3.0,6.0,2.0,45.0,-75.0,2.0,1.0,2.0,1.0,103.0,1626.0,103.0,30.0,365.0,12.0,29.0,53.0,235.5,22.0,1.0,1.0,4.0,4.0,4.0,4.0,4.0,4.0,1.0,2.0,1.0
1727,24/06/2026,city scrape,Sunny & Stylish Upper-Level 2BR,Valerie,"Ottawa, Canada",t,t,Rideau-Vanier,Entire rental unit,Entire home/apt,01/07/2026,31/07/2026,t,24/06/2026,01/01/2026,31/03/2026,7.0,6.0,3.0,6.0,2.0,45.0,-75.0,2.0,1.0,2.0,1.0,103.0,1626.0,103.0,30.0,365.0,12.0,29.0,53.0,235.5,22.0,1.0,1.0,4.0,4.0,4.0,4.0,4.0,4.0,1.0,2.0,1.0
1728,24/06/2026,city scrape,Modern 4Bdrm - Single Home in Ottawa with Parking,Amina,"Ottawa, Canada",t,t,Barrhaven,Entire home,Entire home/apt,17/07/2026,16/08/2026,t,24/06/2026,24/05/2025,24/05/2026,7.0,6.0,3.0,6.0,2.0,45.0,-75.0,2.0,1.0,2.0,1.0,103.0,1626.0,103.0,30.0,365.0,12.0,29.0,53.0,235.5,22.0,1.0,1.0,4.0,4.0,4.0,4.0,4.0,4.0,1.0,2.0,1.0
1729,24/06/2026,city scrape,The Dow’s retreat with 2 car driveway,France,"Ottawa, Canada",f,t,Capital,Entire home,Entire home/apt,02/11/2026,02/12/2026,t,24/06/2026,28/02/2025,20/06/2026,7.0,6.0,3.0,6.0,2.0,45.0,-75.0,2.0,1.0,2.0,1.0,103.0,1626.0,103.0,30.0,365.0,12.0,29.0,53.0,235.5,22.0,1.0,1.0,4.0,4.0,4.0,4.0,4.0,4.0,1.0,2.0,1.0
1730,24/06/2026,city scrape,Central Modern 3BR Canal | Dog-Friendly Home,Heather,"Ottawa, Canada",t,t,Capital,Entire rental unit,Entire home/apt,12/09/2026,12/10/2026,t,24/06/2026,26/08/2025,03/06/2026,7.0,6.0,3.0,6.0,2.0,45.0,-75.0,2.0,1.0,2.0,1.0,103.0,1626.0,103.0,30.0,365.0,12.0,29.0,53.0,235.5,22.0,1.0,1.0,4.0,4.0,4.0,4.0,4.0,4.0,1.0,2.0,1.0
1731,24/06/2026,city scrape,Marché Suites The Atelier 1 Bed,Jenny,"Ottawa, Canada",t,t,Rideau-Vanier,Entire rental unit,Entire home/apt,25/06/2026,25/07/2026,t,24/06/2026,10,10,7.0,6.0,3.0,6.0,2.0,45.0,-75.0,2.0,1.0,2.0,1.0,103.0,1626.0,103.0,30.0,365.0,12.0,29.0,53.0,235.5,22.0,1.0,1.0,4.0,4.0,4.0,4.0,4.0,4.0,1.0,2.0,1.0
1732,24/06/2026,city scrape,Apartment with Big Lounge,Simran,"Ottawa, Canada",t,t,Rideau-Goulbourn,Entire rental unit,Entire home/apt,25/06/2026,26/06/2026,t,24/06/2026,07/11/2024,23/06/2026,7.0,6.0,3.0,6.0,2.0,45.0,-75.0,2.0,1.0,2.0,1.0,103.0,1626.0,103.0,30.0,365.0,12.0,29.0,53.0,235.5,22.0,1.0,1.0,4.0,4.0,4.0,4.0,4.0,4.0,1.0,2.0,1.0
1733,24/06/2026,city scrape,4 BDRM with Waterfront & Hot Tub,Corry,"Ottawa, Canada",f,t,Rideau-Vanier,Entire home,Entire home/apt,10/08/2026,14/08/2026,t,24/06/2026,29/11/2024,17/05/2026,7.0,6.0,3.0,6.0,2.0,45.0,-75.0,2.0,1.0,2.0,1.0,103.0,1626.0,103.0,30.0,365.0,12.0,29.0,53.0,235.5,22.0,1.0,1.0,4.0,4.0,4.0,4.0,4.0,4.0,1.0,2.0,1.0
1734,24/06/2026,city scrape,The Crownhill Lagoon,Charles,"Ottawa, Canada",t,t,Beacon Hill-Cyrville,Entire home,Entire home/apt,29/06/2026,01/07/2026,t,24/06/2026,27/11/2024,09/06/2026,9.0,9.0,1.0,7.0,1.0,45.0,-75.0,4.0,1.0,1.0,2.0,342.0,685.0,342.0,1.0,60.0,11.0,21.0,51.0,141.0,67.0,36.0,42.0,4.0,4.0,4.0,4.0,4.0,4.0,3.0,1.0,1.0
1735,24/06/2026,city scrape,Marché Suites The Maya 1 Bed,Jenny,"Ottawa, Canada",t,t,Rideau-Vanier,Entire rental unit,Entire home/apt,24/06/2026,24/07/2026,t,24/06/2026,25/09/2024,18/12/2024,7.0,6.0,3.0,6.0,2.0,45.0,-75.0,2.0,1.0,2.0,1.0,103.0,1626.0,103.0,30.0,365.0,12.0,29.0,53.0,235.5,22.0,1.0,1.0,4.0,4.0,4.0,4.0,4.0,4.0,1.0,2.0,1.0
1736,24/06/2026,city scrape,Marché Suites The Amour 1 Bed,Jenny,"Ottawa, Canada",t,t,Rideau-Vanier,Entire rental unit,Entire home/apt,24/06/2026,24/07/2026,t,24/06/2026,10,10,7.0,6.0,3.0,6.0,2.0,45.0,-75.0,2.0,1.0,2.0,1.0,103.0,1626.0,103.0,30.0,365.0,12.0,29.0,53.0,235.5,22.0,1.0,1.0,4.0,4.0,4.0,4.0,4.0,4.0,1.0,2.0,1.0
1737,24/06/2026,city scrape,"Game Room, Theatre, King Bed, Private Patio",Sean,"Ottawa, Canada",t,t,Kanata South,Entire home,Entire home/apt,05/08/2026,04/09/2026,t,24/06/2026,26/08/2024,20/03/2026,7.0,6.0,3.0,6.0,2.0,45.0,-75.0,2.0,1.0,2.0,1.0,103.0,1626.0,103.0,30.0,365.0,12.0,29.0,53.0,235.5,22.0,1.0,1.0,4.0,4.0,4.0,4.0,4.0,4.0,1.0,2.0,1.0
1738,24/06/2026,city scrape,Serene Central 2 bedroom,Roxanne,"Ottawa, Canada",t,t,Rideau-Vanier,Entire townhouse,Entire home/apt,02/02/2027,04/03/2027,t,24/06/2026,20/10/2024,21/12/2025,5.0,1.0,3.0,11.0,7.0,45.0,-75.0,5.0,1.0,2.0,2.0,114.0,3422.0,114.0,30.0,1125.0,9.0,21.0,50.0,313.0,7.0,3.0,6.0,4.0,4.0,4.0,4.0,4.0,4.0,0.0,5.0,5.0
1739,24/06/2026,city scrape,Marché Suites The Terra 2 Bed,Jenny,"Ottawa, Canada",t,t,Rideau-Vanier,Entire rental unit,Entire home/apt,18/08/2026,17/09/2026,t,24/06/2026,10,10,7.0,6.0,3.0,6.0,2.0,45.0,-75.0,2.0,1.0,2.0,1.0,103.0,1626.0,103.0,30.0,365.0,12.0,29.0,53.0,235.5,22.0,1.0,1.0,4.0,4.0,4.0,4.0,4.0,4.0,1.0,2.0,1.0
1740,24/06/2026,city scrape,Charming Getaway yet near Everything,Corey & Olga,"Ottawa, Canada",t,t,Kitchissippi,Entire home,Entire home/apt,09/09/2026,16/09/2026,t,24/06/2026,31/12/2024,06/06/2026,7.0,6.0,3.0,6.0,2.0,45.0,-75.0,2.0,1.0,2.0,1.0,103.0,1626.0,103.0,30.0,365.0,12.0,29.0,53.0,235.5,22.0,1.0,1.0,4.0,4.0,4.0,4.0,4.0,4.0,1.0,2.0,1.0
1741,24/06/2026,city scrape,4 Bedroom Luxury Barrhaven House,Daulton,"Ottawa, Canada",f,t,Barrhaven,Entire home,Entire home/apt,24/06/2026,24/07/2026,t,24/06/2026,05/01/2025,05/01/2025,7.0,6.0,3.0,6.0,2.0,45.0,-75.0,2.0,1.0,2.0,1.0,103.0,1626.0,103.0,30.0,365.0,12.0,29.0,53.0,235.5,22.0,1.0,1.0,4.0,4.0,4.0,4.0,4.0,4.0,1.0,2.0,1.0
1742,24/06/2026,city scrape,Marché Suite | The Aria Two Bed,Sovannara,"Ottawa, Canada",t,t,Rideau-Vanier,Room in hotel,Private room,24/06/2026,25/06/2026,t,24/06/2026,31/08/2024,20/06/2026,7.0,6.0,3.0,6.0,2.0,45.0,-75.0,2.0,1.0,2.0,1.0,103.0,1626.0,103.0,30.0,365.0,12.0,29.0,53.0,235.5,22.0,1.0,1.0,4.0,4.0,4.0,4.0,4.0,4.0,1.0,2.0,1.0
1743,24/06/2026,city scrape,Marché Suites | The Maya One Bed,Sovannara,"Ottawa, Canada",t,t,Rideau-Vanier,Room in hotel,Private room,29/06/2026,30/06/2026,t,24/06/2026,27/09/2024,21/06/2026,7.0,6.0,3.0,6.0,2.0,45.0,-75.0,2.0,1.0,2.0,1.0,103.0,1626.0,103.0,30.0,365.0,12.0,29.0,53.0,235.5,22.0,1.0,1.0,4.0,4.0,4.0,4.0,4.0,4.0,1.0,2.0,1.0
1744,24/06/2026,city scrape,Bright Private Spacious Unit with FREE Parking,Michael,"Ottawa, Canada",t,t,Innes,Entire home,Entire home/apt,15/07/2026,19/07/2026,t,24/06/2026,22/09/2024,27/05/2026,1.0,10.0,1.0,9.0,2.0,45.0,-75.0,2.0,1.0,1.0,2.0,150.0,603.0,150.0,2.0,365.0,5.0,17.0,41.0,316.0,55.0,26.0,32.0,4.0,4.0,4.0,4.0,4.0,4.0,2.0,2.0,2.0
1745,24/06/2026,city scrape,Marché Suites | The Terra 2 Bed,Sovannara,"Ottawa, Canada",t,t,Rideau-Vanier,Room in hotel,Private room,24/06/2026,25/06/2026,t,24/06/2026,01/09/2024,06/06/2026,7.0,6.0,3.0,6.0,2.0,45.0,-75.0,2.0,1.0,2.0,1.0,103.0,1626.0,103.0,30.0,365.0,12.0,29.0,53.0,235.5,22.0,1.0,1.0,4.0,4.0,4.0,4.0,4.0,4.0,1.0,2.0,1.0
1746,24/06/2026,city scrape,Marché Suites | Atelier One Bed,Sovannara,"Ottawa, Canada",t,t,Rideau-Vanier,Room in hotel,Private room,25/06/2026,26/06/2026,t,24/06/2026,29/09/2024,31/05/2026,11.0,6.0,7.0,5.0,10.0,45.0,-75.0,2.0,1.0,1.0,1.0,246.0,246.0,246.0,1.0,365.0,23.0,53.0,83.0,358.0,53.0,34.0,38.0,4.0,4.0,4.0,4.0,4.0,4.0,2.0,5.0,0.0
1747,24/06/2026,city scrape,Marché Suites | Amour One Bed,Sovannara,"Ottawa, Canada",t,t,Rideau-Vanier,Room in hotel,Private room,24/06/2026,25/06/2026,t,24/06/2026,01/09/2024,18/06/2026,7.0,6.0,3.0,6.0,2.0,45.0,-75.0,2.0,1.0,2.0,1.0,103.0,1626.0,103.0,30.0,365.0,12.0,29.0,53.0,235.5,22.0,1.0,1.0,4.0,4.0,4.0,4.0,4.0,4.0,1.0,2.0,1.0
1748,24/06/2026,city scrape,*LUXE* 3BR Stay | Designer Touches + Private Patio,Mai,"Toronto, Canada",t,t,Barrhaven,Entire home,Entire home/apt,29/06/2026,01/07/2026,t,24/06/2026,29/09/2024,12/06/2026,7.0,6.0,3.0,6.0,2.0,45.0,-75.0,2.0,1.0,2.0,1.0,103.0,1626.0,103.0,30.0,365.0,12.0,29.0,53.0,235.5,22.0,1.0,1.0,4.0,4.0,4.0,4.0,4.0,4.0,1.0,2.0,1.0
1749,24/06/2026,city scrape,Small Private Room Steps University Of Ottawa,Carlos,"Ottawa, Canada",f,t,Rideau-Vanier,Private room in rental unit,Private room,24/06/2026,24/07/2026,t,24/06/2026,10,10,7.0,6.0,3.0,6.0,2.0,45.0,-75.0,2.0,1.0,2.0,1.0,103.0,1626.0,103.0,30.0,365.0,12.0,29.0,53.0,235.5,22.0,1.0,1.0,4.0,4.0,4.0,4.0,4.0,4.0,1.0,2.0,1.0
1750,24/06/2026,city scrape,Marché Suites | The Aria 2 Bed,Jenny,"Ottawa, Canada",t,t,Rideau-Vanier,Entire rental unit,Entire home/apt,18/08/2026,17/09/2026,t,24/06/2026,10,10,7.0,6.0,3.0,6.0,2.0,45.0,-75.0,2.0,1.0,2.0,1.0,103.0,1626.0,103.0,30.0,365.0,12.0,29.0,53.0,235.5,22.0,1.0,1.0,4.0,4.0,4.0,4.0,4.0,4.0,1.0,2.0,1.0
1751,24/06/2026,city scrape,New Cozy Luxury House Hostel in Ottawa,Hong Tao,"Ottawa, Canada",t,t,Gloucester-South Nepean,Entire townhouse,Entire home/apt,30/09/2026,30/10/2026,t,24/06/2026,30/08/2024,25/04/2026,7.0,6.0,3.0,6.0,2.0,45.0,-75.0,2.0,1.0,2.0,1.0,103.0,1626.0,103.0,30.0,365.0,12.0,29.0,53.0,235.5,22.0,1.0,1.0,4.0,4.0,4.0,4.0,4.0,4.0,1.0,2.0,1.0
1752,24/06/2026,city scrape,New Cozy Luxury house 3BDR +free parking in Ottawa,Hong Tao,"Ottawa, Canada",t,t,Gloucester-South Nepean,Entire home,Entire home/apt,30/09/2026,31/10/2026,t,24/06/2026,26/09/2024,05/11/2024,7.0,6.0,3.0,6.0,2.0,45.0,-75.0,2.0,1.0,2.0,1.0,103.0,1626.0,103.0,30.0,365.0,12.0,29.0,53.0,235.5,22.0,1.0,1.0,4.0,4.0,4.0,4.0,4.0,4.0,1.0,2.0,1.0
1753,02/07/2026,previous scrape,"Clean, executive-style apartment",Louise,"Ottawa, Canada",f,t,Innes,Entire rental unit,Entire home/apt,01/10/2026,30/12/2026,t,02/07/2026,10,10,7.0,6.0,3.0,6.0,2.0,45.0,-75.0,2.0,1.0,2.0,1.0,103.0,1626.0,103.0,30.0,365.0,12.0,29.0,53.0,235.5,22.0,1.0,1.0,4.0,4.0,4.0,4.0,4.0,4.0,1.0,2.0,1.0
1754,24/06/2026,city scrape,Charming Room in Ideal Location,Seynabou,"Ottawa, Canada",f,t,Beacon Hill-Cyrville,Private room in rental unit,Private room,24/06/2026,24/07/2026,t,24/06/2026,10,10,7.0,6.0,3.0,6.0,2.0,45.0,-75.0,2.0,1.0,2.0,1.0,103.0,1626.0,103.0,30.0,365.0,12.0,29.0,53.0,235.5,22.0,1.0,1.0,4.0,4.0,4.0,4.0,4.0,4.0,1.0,2.0,1.0
1755,24/06/2026,city scrape,Spacious Room Close to Amenities,Seynabou,"Ottawa, Canada",f,t,Beacon Hill-Cyrville,Private room in rental unit,Private room,24/06/2026,24/07/2026,t,24/06/2026,10,10,7.0,6.0,3.0,6.0,2.0,45.0,-75.0,2.0,1.0,2.0,1.0,103.0,1626.0,103.0,30.0,365.0,12.0,29.0,53.0,235.5,22.0,1.0,1.0,4.0,4.0,4.0,4.0,4.0,4.0,1.0,2.0,1.0
1756,24/06/2026,city scrape,"2 Bedrooms, Private forest view",Manoocher,"Ottawa, Canada",t,t,Stittsville-Kanata West,Entire rental unit,Entire home/apt,26/06/2026,27/06/2026,t,24/06/2026,12/09/2024,14/06/2026,7.0,6.0,3.0,6.0,2.0,45.0,-75.0,2.0,1.0,2.0,1.0,103.0,1626.0,103.0,30.0,365.0,12.0,29.0,53.0,235.5,22.0,1.0,1.0,4.0,4.0,4.0,4.0,4.0,4.0,1.0,2.0,1.0
1757,24/06/2026,city scrape,Temporary Housing Solution - Ottawa East & West,Louise,"Ottawa, Canada",f,t,Innes,Entire rental unit,Entire home/apt,01/10/2026,31/10/2026,t,24/06/2026,01/10/2025,01/10/2025,7.0,6.0,3.0,6.0,2.0,45.0,-75.0,2.0,1.0,2.0,1.0,103.0,1626.0,103.0,30.0,365.0,12.0,29.0,53.0,235.5,22.0,1.0,1.0,4.0,4.0,4.0,4.0,4.0,4.0,1.0,2.0,1.0
1758,24/06/2026,city scrape,Corporate and Crew Housing - Ottawa East & West,Louise,"Ottawa, Canada",f,t,Stittsville-Kanata West,Entire rental unit,Entire home/apt,23/07/2026,22/08/2026,t,24/06/2026,24/08/2025,18/10/2025,7.0,6.0,3.0,6.0,2.0,45.0,-75.0,2.0,1.0,2.0,1.0,103.0,1626.0,103.0,30.0,365.0,12.0,29.0,53.0,235.5,22.0,1.0,1.0,4.0,4.0,4.0,4.0,4.0,4.0,1.0,2.0,1.0
1759,24/06/2026,city scrape,Entire Home With Smart TV in all rooms,Akpevweoghene Glory,"Ottawa, Canada",f,t,Rideau-Goulbourn,Entire home,Entire home/apt,01/09/2026,01/10/2026,t,24/06/2026,29/09/2024,05/08/2025,7.0,6.0,3.0,6.0,2.0,45.0,-75.0,2.0,1.0,2.0,1.0,103.0,1626.0,103.0,30.0,365.0,12.0,29.0,53.0,235.5,22.0,1.0,1.0,4.0,4.0,4.0,4.0,4.0,4.0,1.0,2.0,1.0
1760,02/07/2026,previous scrape,Luxe with Fire Pit: 2 Min to Canadian Tire Center,Mohsen,"Ottawa, Canada",f,t,Kanata North,Entire home,Entire home/apt,05/11/2026,07/11/2026,t,02/07/2026,05/10/2024,25/01/2026,8.0,10.0,1.0,9.0,1.0,45.0,-75.0,5.0,1.0,2.0,2.0,308.0,616.0,308.0,2.0,1125.0,0.0,0.0,0.0,58.0,32.0,7.0,15.0,4.0,4.0,4.0,4.0,4.0,4.0,1.0,1.0,1.0
1761,24/06/2026,city scrape,2Bed | Little Italy Living,Jasmine,"Ottawa, Canada",t,t,Somerset,Entire rental unit,Entire home/apt,24/07/2026,23/08/2026,t,24/06/2026,05/09/2024,21/04/2026,7.0,6.0,3.0,6.0,2.0,45.0,-75.0,2.0,1.0,2.0,1.0,103.0,1626.0,103.0,30.0,365.0,12.0,29.0,53.0,235.5,22.0,1.0,1.0,4.0,4.0,4.0,4.0,4.0,4.0,1.0,2.0,1.0
1762,24/06/2026,city scrape,Luxury Home:Barrhaven12 min-Downtown 28 min-River,Mohammad,"Ottawa, Canada",t,t,Rideau-Goulbourn,Entire villa,Entire home/apt,20/08/2026,20/09/2026,t,24/06/2026,21/10/2024,03/05/2026,7.0,6.0,3.0,6.0,2.0,45.0,-75.0,2.0,1.0,2.0,1.0,103.0,1626.0,103.0,30.0,365.0,12.0,29.0,53.0,235.5,22.0,1.0,1.0,4.0,4.0,4.0,4.0,4.0,4.0,1.0,2.0,1.0
1763,24/06/2026,city scrape,Urban Haven | Private 2-BR Ottawa Suite,Mihika,"Ottawa, Canada",f,t,Gloucester-South Nepean,Entire guest suite,Entire home/apt,02/07/2026,03/07/2026,t,24/06/2026,28/08/2025,09/06/2026,7.0,6.0,3.0,6.0,2.0,45.0,-75.0,2.0,1.0,2.0,1.0,103.0,1626.0,103.0,30.0,365.0,12.0,29.0,53.0,235.5,22.0,1.0,1.0,4.0,4.0,4.0,4.0,4.0,4.0,1.0,2.0,1.0
1764,24/06/2026,city scrape,Lovely App Downtown Ottawa 24D,Sam,"Ottawa, Canada",f,t,Rideau-Vanier,Entire rental unit,Entire home/apt,29/06/2026,30/06/2026,t,24/06/2026,02/09/2024,08/06/2026,7.0,6.0,3.0,6.0,2.0,45.0,-75.0,2.0,1.0,2.0,1.0,103.0,1626.0,103.0,30.0,365.0,12.0,29.0,53.0,235.5,22.0,1.0,1.0,4.0,4.0,4.0,4.0,4.0,4.0,1.0,2.0,1.0
1765,24/06/2026,city scrape,Lovely App Downtown Ottawa 210D,Sam,"Ottawa, Canada",f,t,Rideau-Vanier,Entire rental unit,Entire home/apt,29/06/2026,30/06/2026,t,24/06/2026,11/09/2024,21/06/2026,7.0,6.0,3.0,6.0,2.0,45.0,-75.0,2.0,1.0,2.0,1.0,103.0,1626.0,103.0,30.0,365.0,12.0,29.0,53.0,235.5,22.0,1.0,1.0,4.0,4.0,4.0,4.0,4.0,4.0,1.0,2.0,1.0
1766,24/06/2026,city scrape,Entire App Downtown Ottawa 23D,Sam,"Ottawa, Canada",f,t,Rideau-Vanier,Entire rental unit,Entire home/apt,29/06/2026,30/06/2026,t,24/06/2026,11/09/2024,06/06/2026,7.0,6.0,3.0,6.0,2.0,45.0,-75.0,2.0,1.0,2.0,1.0,103.0,1626.0,103.0,30.0,365.0,12.0,29.0,53.0,235.5,22.0,1.0,1.0,4.0,4.0,4.0,4.0,4.0,4.0,1.0,2.0,1.0
1767,24/06/2026,city scrape,Lovely App Downtown Ottawa 33D,Sam,"Ottawa, Canada",f,t,Rideau-Vanier,Entire rental unit,Entire home/apt,24/06/2026,25/06/2026,t,24/06/2026,07/09/2024,07/06/2026,7.0,6.0,3.0,6.0,2.0,45.0,-75.0,2.0,1.0,2.0,1.0,103.0,1626.0,103.0,30.0,365.0,12.0,29.0,53.0,235.5,22.0,1.0,1.0,4.0,4.0,4.0,4.0,4.0,4.0,1.0,2.0,1.0
1768,24/06/2026,city scrape,Lovely Place Downtown Ottawa 32D,Sam,"Ottawa, Canada",f,t,Rideau-Vanier,Entire rental unit,Entire home/apt,24/06/2026,25/06/2026,t,24/06/2026,04/10/2024,21/06/2026,7.0,6.0,3.0,6.0,2.0,45.0,-75.0,2.0,1.0,2.0,1.0,103.0,1626.0,103.0,30.0,365.0,12.0,29.0,53.0,235.5,22.0,1.0,1.0,4.0,4.0,4.0,4.0,4.0,4.0,1.0,2.0,1.0
1769,24/06/2026,city scrape,Lovely App Downtown Ottawa 25D,Sam,"Ottawa, Canada",f,t,Rideau-Vanier,Entire rental unit,Entire home/apt,04/07/2026,05/07/2026,t,24/06/2026,12/09/2024,17/06/2026,7.0,6.0,3.0,6.0,2.0,45.0,-75.0,2.0,1.0,2.0,1.0,103.0,1626.0,103.0,30.0,365.0,12.0,29.0,53.0,235.5,22.0,1.0,1.0,4.0,4.0,4.0,4.0,4.0,4.0,1.0,2.0,1.0
1770,24/06/2026,city scrape,1-bed App Downtown Ottawa 27D,Sam,"Ottawa, Canada",f,t,Rideau-Vanier,Entire rental unit,Entire home/apt,05/07/2026,06/07/2026,t,24/06/2026,08/10/2024,26/05/2026,7.0,6.0,3.0,6.0,2.0,45.0,-75.0,2.0,1.0,2.0,1.0,103.0,1626.0,103.0,30.0,365.0,12.0,29.0,53.0,235.5,22.0,1.0,1.0,4.0,4.0,4.0,4.0,4.0,4.0,1.0,2.0,1.0
1771,02/07/2026,previous scrape,1 Room with Workspace+TV,Elvis,"Ottawa, Canada",f,t,Innes,Private room in townhouse,Private room,0000-00-00,"""0000-00-00""",t,02/07/2026,05/09/2024,27/10/2025,2.0,1.0,1.0,9.0,4.0,45.0,-75.0,2.0,1.0,2.0,2.0,173.0,2246.0,173.0,1.0,365.0,0.0,0.0,0.0,0.0,11.0,1.0,2.0,4.0,4.0,4.0,4.0,4.0,4.0,0.0,4.0,0.0
1772,24/06/2026,city scrape,Lovely Place Downtown Ottawa 35D,Sam,"Ottawa, Canada",f,t,Rideau-Vanier,Entire rental unit,Entire home/apt,05/07/2026,06/07/2026,t,24/06/2026,15/09/2024,21/06/2026,7.0,6.0,3.0,6.0,2.0,45.0,-75.0,2.0,1.0,2.0,1.0,103.0,1626.0,103.0,30.0,365.0,12.0,29.0,53.0,235.5,22.0,1.0,1.0,4.0,4.0,4.0,4.0,4.0,4.0,1.0,2.0,1.0
1773,24/06/2026,city scrape,Bright Spacious Personal Oasis,Marenglena,"Ottawa, Canada",t,t,Rideau-Goulbourn,Entire home,Entire home/apt,01/07/2026,02/07/2026,t,24/06/2026,16/09/2024,30/05/2026,3.0,11.0,1.0,9.0,2.0,45.0,-75.0,2.0,1.0,1.0,1.0,249.0,249.0,249.0,1.0,365.0,19.0,46.0,76.0,166.0,18.0,9.0,10.0,4.0,4.0,5.0,5.0,4.0,4.0,0.0,1.0,1.0
1774,24/06/2026,city scrape,Entire Exclusive Townhouse 2 bedroom 1.5 bathroom,Calvin,"Ottawa, Canada",f,t,Barrhaven,Entire home,Entire home/apt,25/06/2026,26/06/2026,t,24/06/2026,05/11/2024,03/03/2026,7.0,6.0,3.0,6.0,2.0,45.0,-75.0,2.0,1.0,2.0,1.0,103.0,1626.0,103.0,30.0,365.0,12.0,29.0,53.0,235.5,22.0,1.0,1.0,4.0,4.0,4.0,4.0,4.0,4.0,1.0,2.0,1.0
1775,24/06/2026,city scrape,Private Basement For 2-4 People,Bennett,"Ottawa, Canada",t,t,Gloucester-South Nepean,Entire home,Entire home/apt,04/07/2026,06/07/2026,t,24/06/2026,27/09/2024,08/06/2026,2.0,0.0,1.0,9.0,1.0,45.0,-75.0,4.0,1.0,1.0,3.0,117.0,234.0,117.0,1.0,365.0,12.0,27.0,33.0,71.0,53.0,38.0,24.0,4.0,4.0,4.0,4.0,4.0,4.0,2.0,1.0,1.0
1776,24/06/2026,city scrape,2-Bed App Downtown Ottawa 36D,Sam,"Ottawa, Canada",f,t,Rideau-Vanier,Entire rental unit,Entire home/apt,02/07/2026,03/07/2026,t,24/06/2026,10/09/2024,16/06/2026,7.0,6.0,3.0,6.0,2.0,45.0,-75.0,2.0,1.0,2.0,1.0,103.0,1626.0,103.0,30.0,365.0,12.0,29.0,53.0,235.5,22.0,1.0,1.0,4.0,4.0,4.0,4.0,4.0,4.0,1.0,2.0,1.0
1777,24/06/2026,city scrape,Lovely Apt Downtown Ottawa 28D,Sam,"Ottawa, Canada",f,t,Rideau-Vanier,Entire rental unit,Entire home/apt,28/06/2026,29/06/2026,t,24/06/2026,06/09/2024,15/06/2026,7.0,6.0,3.0,6.0,2.0,45.0,-75.0,2.0,1.0,2.0,1.0,103.0,1626.0,103.0,30.0,365.0,12.0,29.0,53.0,235.5,22.0,1.0,1.0,4.0,4.0,4.0,4.0,4.0,4.0,1.0,2.0,1.0
1778,24/06/2026,city scrape,Cozy New Edinburgh Retreat,Pilar,"Ottawa, Canada",t,t,Rideau-Rockcliffe,Entire rental unit,Entire home/apt,04/07/2026,06/07/2026,t,24/06/2026,12/09/2024,20/10/2025,7.0,6.0,3.0,6.0,2.0,45.0,-75.0,2.0,1.0,2.0,1.0,103.0,1626.0,103.0,30.0,365.0,12.0,29.0,53.0,235.5,22.0,1.0,1.0,4.0,4.0,4.0,4.0,4.0,4.0,1.0,2.0,1.0
1779,24/06/2026,city scrape,Peaceful Room,Ademola,"Ottawa, Canada",t,t,Innes,Private room in home,Private room,01/07/2026,02/07/2026,t,24/06/2026,25/11/2024,09/06/2026,7.0,6.0,3.0,6.0,2.0,45.0,-75.0,2.0,1.0,2.0,1.0,103.0,1626.0,103.0,30.0,365.0,12.0,29.0,53.0,235.5,22.0,1.0,1.0,4.0,4.0,4.0,4.0,4.0,4.0,1.0,2.0,1.0
1780,24/06/2026,city scrape,Westboro Private Room + Ensuite,Shannon,"Ottawa, Canada",t,t,Kitchissippi,Private room in home,Private room,28/06/2026,03/07/2026,t,24/06/2026,30/09/2024,15/06/2026,7.0,6.0,3.0,6.0,2.0,45.0,-75.0,2.0,1.0,2.0,1.0,103.0,1626.0,103.0,30.0,365.0,12.0,29.0,53.0,235.5,22.0,1.0,1.0,4.0,4.0,4.0,4.0,4.0,4.0,1.0,2.0,1.0
1781,24/06/2026,city scrape,Goodness Room,Ademola,"Ottawa, Canada",t,t,Innes,Private room in home,Private room,01/07/2026,02/07/2026,t,24/06/2026,25/11/2024,04/12/2025,1.0,9.0,1.0,7.0,4.0,45.0,-75.0,1.0,1.0,2.0,1.0,60.0,60.0,60.0,1.0,365.0,23.0,44.0,71.0,346.0,30.0,24.0,27.0,4.0,4.0,4.0,4.0,4.0,4.0,1.0,4.0,0.0
1782,24/06/2026,city scrape,Brand New Spacious 3BDR Suite,Stefania,"Ottawa, Canada",f,t,College,Entire rental unit,Entire home/apt,01/08/2026,31/08/2026,t,24/06/2026,01/10/2025,31/12/2025,12.0,11.0,0.0,10.0,2.0,45.0,-75.0,5.0,1.0,3.0,3.0,127.0,3817.0,127.0,30.0,365.0,0.0,22.0,52.0,327.0,3.0,3.0,3.0,4.0,4.0,5.0,5.0,4.0,4.0,0.0,2.0,2.0
1783,24/06/2026,city scrape,2BR Downtown Escape: House w Hot Tub + Pool,Kathy,"Cabarete, Dominican Republic",t,t,Somerset,Entire home,Entire home/apt,27/07/2026,31/07/2026,t,24/06/2026,03/08/2025,15/05/2026,7.0,6.0,3.0,6.0,2.0,45.0,-75.0,2.0,1.0,2.0,1.0,103.0,1626.0,103.0,30.0,365.0,12.0,29.0,53.0,235.5,22.0,1.0,1.0,4.0,4.0,4.0,4.0,4.0,4.0,1.0,2.0,1.0
1784,24/06/2026,city scrape,Cozy Two Room Suite With Workspace,Elvis,"Ottawa, Canada",f,t,Innes,Private room in home,Private room,29/06/2026,30/06/2026,t,24/06/2026,29/09/2024,31/05/2026,2.0,1.0,1.0,9.0,4.0,45.0,-75.0,4.0,1.0,2.0,2.0,206.0,206.0,206.0,1.0,1125.0,4.0,23.0,53.0,143.0,14.0,12.0,2.0,4.0,4.0,4.0,4.0,4.0,4.0,0.0,4.0,0.0
1785,24/06/2026,city scrape,1 Bedroom for rent,Saleh,"Ottawa, Canada",f,t,Alta Vista,Private room in rental unit,Private room,24/06/2026,25/06/2026,t,24/06/2026,10,10,1.0,9.0,1.0,9.0,2.0,45.0,-75.0,2.0,1.0,2.0,1.0,77.0,77.0,77.0,1.0,365.0,25.0,55.0,85.0,360.0,0.0,0.0,0.0,4.0,4.0,4.0,4.0,4.0,4.0,1.0,2.0,0.0
1786,24/06/2026,city scrape,Guest suite in Ottawa,Sobia,"Ottawa, Canada",t,t,Cumberland,Private room in home,Private room,06/07/2026,07/07/2026,t,24/06/2026,08/09/2024,21/06/2026,2.0,1.0,1.0,9.0,3.0,45.0,-75.0,2.0,1.0,2.0,1.0,169.0,169.0,169.0,1.0,28.0,18.0,48.0,78.0,132.0,41.0,22.0,31.0,4.0,4.0,4.0,4.0,4.0,4.0,1.0,3.0,0.0
1787,02/07/2026,previous scrape,Room for rent,Comfort,"Ottawa, Canada",f,t,Gloucester-South Nepean,Private room in home,Private room,0000-00-00,"""0000-00-00""",t,02/07/2026,21/09/2024,31/08/2025,7.0,6.0,3.0,6.0,2.0,45.0,-75.0,2.0,1.0,2.0,1.0,103.0,1626.0,103.0,30.0,365.0,12.0,29.0,53.0,235.5,22.0,1.0,1.0,4.0,4.0,4.0,4.0,4.0,4.0,1.0,2.0,1.0
1788,24/06/2026,city scrape,Downtown Ottawa ByWard Apartment,Lilly,"Ottawa, Canada",f,t,Rideau-Vanier,Entire rental unit,Entire home/apt,16/09/2026,14/10/2026,t,24/06/2026,15/12/2024,01/05/2026,1.0,9.0,1.0,9.0,1.0,45.0,-75.0,3.0,1.0,1.0,1.0,98.0,2750.0,98.0,28.0,1125.0,0.0,0.0,6.0,281.0,5.0,3.0,3.0,4.0,4.0,4.0,4.0,4.0,4.0,0.0,1.0,1.0
1789,24/06/2026,city scrape,Cozy apartment close to HW 417,Vlad,"Ottawa, Canada",t,t,River,Entire condo,Entire home/apt,05/07/2026,06/07/2026,t,24/06/2026,02/12/2024,17/06/2026,9.0,10.0,9.0,3.0,1.0,45.0,-75.0,2.0,1.0,1.0,1.0,160.0,160.0,160.0,1.0,180.0,5.0,20.0,29.0,273.0,65.0,37.0,37.0,4.0,4.0,4.0,4.0,4.0,4.0,3.0,1.0,1.0
1790,24/06/2026,city scrape,The Elegant Five-Bedroom Retreat,Allegria,"Ottawa, Canada",f,t,Alta Vista,Entire home,Entire home/apt,05/07/2026,07/07/2026,t,24/06/2026,22/12/2024,12/06/2026,7.0,6.0,3.0,6.0,2.0,45.0,-75.0,2.0,1.0,2.0,1.0,103.0,1626.0,103.0,30.0,365.0,12.0,29.0,53.0,235.5,22.0,1.0,1.0,4.0,4.0,4.0,4.0,4.0,4.0,1.0,2.0,1.0
1791,02/07/2026,previous scrape,Comfortable Bedroom & Workspace,Ditah,"Clarence-Rockland, Canada",f,t,Orleans,Private room in rental unit,Private room,0000-00-00,"""0000-00-00""",t,02/07/2026,13/09/2024,30/09/2024,7.0,6.0,3.0,6.0,2.0,45.0,-75.0,2.0,1.0,2.0,1.0,103.0,1626.0,103.0,30.0,365.0,12.0,29.0,53.0,235.5,22.0,1.0,1.0,4.0,4.0,4.0,4.0,4.0,4.0,1.0,2.0,1.0
1792,24/06/2026,city scrape,Bedrooom w/ bath + living room,Faraz,"Ottawa, Canada",t,t,Cumberland,Private room in home,Private room,30/06/2026,01/07/2026,t,24/06/2026,16/10/2024,22/06/2026,7.0,6.0,3.0,6.0,2.0,45.0,-75.0,2.0,1.0,2.0,1.0,103.0,1626.0,103.0,30.0,365.0,12.0,29.0,53.0,235.5,22.0,1.0,1.0,4.0,4.0,4.0,4.0,4.0,4.0,1.0,2.0,1.0
1793,24/06/2026,city scrape,Cozy room in secure building,Seynabou,"Ottawa, Canada",f,t,Beacon Hill-Cyrville,Private room in rental unit,Private room,24/06/2026,24/07/2026,t,24/06/2026,10,10,7.0,6.0,3.0,6.0,2.0,45.0,-75.0,2.0,1.0,2.0,1.0,103.0,1626.0,103.0,30.0,365.0,12.0,29.0,53.0,235.5,22.0,1.0,1.0,4.0,4.0,4.0,4.0,4.0,4.0,1.0,2.0,1.0
1794,24/06/2026,city scrape,"Secure, Convenient Room for Rent",Seynabou,"Ottawa, Canada",f,t,Beacon Hill-Cyrville,Private room in rental unit,Private room,30/06/2026,05/07/2026,t,24/06/2026,10,10,7.0,6.0,3.0,6.0,2.0,45.0,-75.0,2.0,1.0,2.0,1.0,103.0,1626.0,103.0,30.0,365.0,12.0,29.0,53.0,235.5,22.0,1.0,1.0,4.0,4.0,4.0,4.0,4.0,4.0,1.0,2.0,1.0
1795,24/06/2026,city scrape,Peaceful Queen Room • Desk • Near Downtown Ottawa,Eissa,"Ottawa, Canada",f,t,Alta Vista,Private room in home,Private room,25/06/2026,26/06/2026,t,24/06/2026,22/09/2024,26/05/2026,7.0,6.0,3.0,6.0,2.0,45.0,-75.0,2.0,1.0,2.0,1.0,103.0,1626.0,103.0,30.0,365.0,12.0,29.0,53.0,235.5,22.0,1.0,1.0,4.0,4.0,4.0,4.0,4.0,4.0,1.0,2.0,1.0
1796,24/06/2026,city scrape,Relaxing Queen Room Work Space Minutes to-DTown,Eissa,"Ottawa, Canada",f,t,Alta Vista,Private room in home,Private room,24/06/2026,25/06/2026,t,24/06/2026,22/09/2024,09/06/2026,7.0,6.0,3.0,6.0,2.0,45.0,-75.0,2.0,1.0,2.0,1.0,103.0,1626.0,103.0,30.0,365.0,12.0,29.0,53.0,235.5,22.0,1.0,1.0,4.0,4.0,4.0,4.0,4.0,4.0,1.0,2.0,1.0
1797,24/06/2026,city scrape,Spacious Queen Room • Projector • Near DT Ottawa,Eissa,"Ottawa, Canada",f,t,Alta Vista,Private room in home,Private room,06/07/2026,07/07/2026,t,24/06/2026,15/09/2024,08/06/2026,7.0,6.0,3.0,6.0,2.0,45.0,-75.0,2.0,1.0,2.0,1.0,103.0,1626.0,103.0,30.0,365.0,12.0,29.0,53.0,235.5,22.0,1.0,1.0,4.0,4.0,4.0,4.0,4.0,4.0,1.0,2.0,1.0
1798,24/06/2026,city scrape,Contemporary Private Studio Space,Aldeep,"Ottawa, Canada",f,t,Kanata North,Entire rental unit,Entire home/apt,23/08/2026,22/09/2026,t,24/06/2026,19/02/2025,25/04/2026,7.0,6.0,3.0,6.0,2.0,45.0,-75.0,2.0,1.0,2.0,1.0,103.0,1626.0,103.0,30.0,365.0,12.0,29.0,53.0,235.5,22.0,1.0,1.0,4.0,4.0,4.0,4.0,4.0,4.0,1.0,2.0,1.0
1799,24/06/2026,city scrape,apartment-Tina's Gem  walk to  Parliament Hill,Tina,"Ottawa, Canada",f,t,Somerset,Entire guest suite,Entire home/apt,24/06/2026,25/06/2026,t,24/06/2026,13/10/2024,13/06/2026,8.0,11.0,2.0,8.0,2.0,45.0,-75.0,2.0,1.0,1.0,1.0,170.0,170.0,170.0,1.0,365.0,1.0,5.0,18.0,185.0,56.0,37.0,38.0,4.0,4.0,4.0,4.0,4.0,4.0,2.0,2.0,2.0
1800,24/06/2026,city scrape,apartment-Tina's place walk to  Parliament Hill,Tina,"Ottawa, Canada",f,t,Somerset,Entire guest suite,Entire home/apt,29/06/2026,30/06/2026,t,24/06/2026,29/09/2024,18/06/2026,8.0,11.0,2.0,8.0,2.0,45.0,-75.0,2.0,1.0,1.0,1.0,175.0,175.0,175.0,1.0,365.0,3.0,12.0,35.0,208.0,47.0,32.0,23.0,4.0,4.0,4.0,4.0,4.0,4.0,2.0,2.0,2.0
1801,24/06/2026,city scrape,Boho Retreat close to Downtown,Sneha,"Ottawa, Canada",t,t,Kitchissippi,Entire home,Entire home/apt,25/06/2026,26/06/2026,t,24/06/2026,01/11/2024,21/12/2025,7.0,6.0,3.0,6.0,2.0,45.0,-75.0,2.0,1.0,2.0,1.0,103.0,1626.0,103.0,30.0,365.0,12.0,29.0,53.0,235.5,22.0,1.0,1.0,4.0,4.0,4.0,4.0,4.0,4.0,1.0,2.0,1.0
1802,02/07/2026,previous scrape,Charming 3BRM Bungalow- Barrhaven/Kanata near 416,Jessica,"Sarasota, FL",f,t,Rideau-Goulbourn,Entire home,Entire home/apt,20/08/2026,19/09/2026,t,02/07/2026,31/01/2025,07/08/2025,7.0,6.0,3.0,6.0,2.0,45.0,-75.0,2.0,1.0,2.0,1.0,103.0,1626.0,103.0,30.0,365.0,12.0,29.0,53.0,235.5,22.0,1.0,1.0,4.0,4.0,4.0,4.0,4.0,4.0,1.0,2.0,1.0
1803,24/06/2026,city scrape,Cozy Comfy Bachelor Pad,Korosh,"Ottawa, Canada",f,t,Capital,Private room in bed and breakfast,Private room,18/10/2026,17/11/2026,t,24/06/2026,13/05/2026,13/05/2026,7.0,6.0,3.0,6.0,2.0,45.0,-75.0,2.0,1.0,2.0,1.0,103.0,1626.0,103.0,30.0,365.0,12.0,29.0,53.0,235.5,22.0,1.0,1.0,4.0,4.0,4.0,4.0,4.0,4.0,1.0,2.0,1.0
1804,02/07/2026,previous scrape,Alterra - Sandy Hill,Christopher,"Ottawa, Canada",f,t,Rideau-Vanier,Entire rental unit,Entire home/apt,0000-00-00,"""0000-00-00""",t,02/07/2026,05/11/2024,30/04/2026,7.0,6.0,3.0,6.0,2.0,45.0,-75.0,2.0,1.0,2.0,1.0,103.0,1626.0,103.0,30.0,365.0,12.0,29.0,53.0,235.5,22.0,1.0,1.0,4.0,4.0,4.0,4.0,4.0,4.0,1.0,2.0,1.0
1805,24/06/2026,city scrape,Private Room 3 mins walk Uottawa,Carlos,"Ottawa, Canada",f,t,Rideau-Vanier,Private room in rental unit,Private room,24/06/2026,24/07/2026,t,24/06/2026,10/08/2025,10/08/2025,7.0,6.0,3.0,6.0,2.0,45.0,-75.0,2.0,1.0,2.0,1.0,103.0,1626.0,103.0,30.0,365.0,12.0,29.0,53.0,235.5,22.0,1.0,1.0,4.0,4.0,4.0,4.0,4.0,4.0,1.0,2.0,1.0
1806,24/06/2026,city scrape,Westboro Private Getaway Room + Bath,Shannon,"Ottawa, Canada",t,t,Kitchissippi,Private room in home,Private room,04/08/2026,09/08/2026,t,24/06/2026,05/11/2024,15/11/2025,7.0,6.0,3.0,6.0,2.0,45.0,-75.0,2.0,1.0,2.0,1.0,103.0,1626.0,103.0,30.0,365.0,12.0,29.0,53.0,235.5,22.0,1.0,1.0,4.0,4.0,4.0,4.0,4.0,4.0,1.0,2.0,1.0
1807,24/06/2026,city scrape,Downtown Ottawa Apartment,Lara,"Toronto, Canada",f,t,Capital,Entire rental unit,Entire home/apt,24/06/2026,24/07/2026,t,24/06/2026,10,10,8.0,8.0,2.0,1.0,1.0,45.0,-75.0,2.0,1.0,1.0,1.0,110.0,3319.0,110.0,30.0,200.0,30.0,60.0,90.0,365.0,0.0,0.0,0.0,4.0,4.0,4.0,4.0,4.0,4.0,1.0,1.0,1.0
1808,24/06/2026,city scrape,Elegant Spacious Private Unit with free parking,Michael,"Ottawa, Canada",t,t,Innes,Entire home,Entire home/apt,02/07/2026,05/07/2026,t,24/06/2026,22/09/2024,14/06/2026,1.0,10.0,1.0,9.0,2.0,45.0,-75.0,2.0,1.0,1.0,2.0,133.0,399.0,133.0,3.0,365.0,16.0,38.0,62.0,337.0,45.0,28.0,26.0,4.0,4.0,4.0,4.0,4.0,4.0,2.0,2.0,2.0
1809,24/06/2026,city scrape,Clean Bedroom beside College Square-YoyoCozyStay,Yoyo Cozy Stay,"Ottawa, Canada",f,t,College,Private room in home,Private room,31/10/2026,30/11/2026,t,24/06/2026,05/10/2024,20/12/2025,7.0,6.0,3.0,6.0,2.0,45.0,-75.0,2.0,1.0,2.0,1.0,103.0,1626.0,103.0,30.0,365.0,12.0,29.0,53.0,235.5,22.0,1.0,1.0,4.0,4.0,4.0,4.0,4.0,4.0,1.0,2.0,1.0
1810,24/06/2026,city scrape,Dream room students/workers,Seynabou,"Ottawa, Canada",f,t,Beacon Hill-Cyrville,Private room in rental unit,Private room,24/06/2026,24/07/2026,t,24/06/2026,26/09/2024,06/10/2024,7.0,6.0,3.0,6.0,2.0,45.0,-75.0,2.0,1.0,2.0,1.0,103.0,1626.0,103.0,30.0,365.0,12.0,29.0,53.0,235.5,22.0,1.0,1.0,4.0,4.0,4.0,4.0,4.0,4.0,1.0,2.0,1.0
1811,02/07/2026,previous scrape,Grand large King size bedroom&Private bathroom,Yoyo Cozy Stay,"Ottawa, Canada",f,t,College,Private room in home,Private room,31/07/2026,30/08/2026,t,02/07/2026,03/10/2024,05/09/2025,5.0,7.0,3.0,8.0,4.0,45.0,-75.0,2.0,1.0,1.0,2.0,50.0,1520.0,50.0,30.0,365.0,1.0,31.0,61.0,336.0,54.0,10.0,33.0,4.0,4.0,4.0,4.0,4.0,4.0,2.0,4.0,0.0
1812,24/06/2026,city scrape,Steps to University of Ottawa and Rideau Center,Carlos,"Ottawa, Canada",f,t,Rideau-Vanier,Private room in rental unit,Private room,24/06/2026,24/07/2026,t,24/06/2026,10,10,7.0,6.0,3.0,6.0,2.0,45.0,-75.0,2.0,1.0,2.0,1.0,103.0,1626.0,103.0,30.0,365.0,12.0,29.0,53.0,235.5,22.0,1.0,1.0,4.0,4.0,4.0,4.0,4.0,4.0,1.0,2.0,1.0
1813,24/06/2026,city scrape,E-Single bedroom in cozy house-YoyoCozyStay,Yoyo Cozy Stay,"Ottawa, Canada",f,t,College,Private room in home,Private room,01/10/2026,31/10/2026,t,24/06/2026,12/10/2024,01/12/2025,5.0,7.0,3.0,8.0,4.0,45.0,-75.0,1.0,1.0,1.0,1.0,33.0,996.0,33.0,30.0,365.0,6.0,14.0,14.0,280.0,48.0,9.0,38.0,4.0,4.0,4.0,4.0,4.0,4.0,2.0,4.0,0.0
1814,24/06/2026,city scrape,Cozy 2 Bedroom in Centretown,Short And Suite BnB,"Ottawa, Canada",t,t,Somerset,Entire rental unit,Entire home/apt,07/07/2026,09/07/2026,t,24/06/2026,22/01/2025,22/06/2026,7.0,6.0,3.0,6.0,2.0,45.0,-75.0,2.0,1.0,2.0,1.0,103.0,1626.0,103.0,30.0,365.0,12.0,29.0,53.0,235.5,22.0,1.0,1.0,4.0,4.0,4.0,4.0,4.0,4.0,1.0,2.0,1.0
1815,24/06/2026,city scrape,Charming 3bdrm Home in Centretown w Free Parking,Kareem Sami,"Toronto, Canada",f,t,Kitchissippi,Entire home,Entire home/apt,24/06/2026,25/06/2026,t,24/06/2026,25/01/2025,11/06/2026,7.0,6.0,3.0,6.0,2.0,45.0,-75.0,2.0,1.0,2.0,1.0,103.0,1626.0,103.0,30.0,365.0,12.0,29.0,53.0,235.5,22.0,1.0,1.0,4.0,4.0,4.0,4.0,4.0,4.0,1.0,2.0,1.0
1816,24/06/2026,city scrape,Cozy retreat - Beechwood Village,Kevin,"Ottawa, Canada",f,t,Rideau-Vanier,Entire rental unit,Entire home/apt,31/10/2026,01/12/2026,t,24/06/2026,04/11/2024,31/07/2025,7.0,6.0,3.0,6.0,2.0,45.0,-75.0,2.0,1.0,2.0,1.0,103.0,1626.0,103.0,30.0,365.0,12.0,29.0,53.0,235.5,22.0,1.0,1.0,4.0,4.0,4.0,4.0,4.0,4.0,1.0,2.0,1.0
1817,24/06/2026,city scrape,Room in Ottawa,Sobia,"Ottawa, Canada",t,t,Cumberland,Private room in home,Private room,26/06/2026,27/06/2026,t,24/06/2026,02/10/2024,19/06/2026,2.0,1.0,1.0,9.0,3.0,45.0,-75.0,1.0,1.0,2.0,1.0,112.0,112.0,112.0,1.0,28.0,28.0,58.0,88.0,88.0,44.0,20.0,27.0,4.0,4.0,4.0,4.0,4.0,4.0,2.0,3.0,0.0
1818,24/06/2026,city scrape,"Centretown: Clean, room w/private bath + balcony",Rym,"Ottawa, Canada",f,t,Somerset,Private room in home,Private room,13/07/2026,15/07/2026,t,24/06/2026,15/10/2024,09/06/2026,7.0,6.0,3.0,6.0,2.0,45.0,-75.0,2.0,1.0,2.0,1.0,103.0,1626.0,103.0,30.0,365.0,12.0,29.0,53.0,235.5,22.0,1.0,1.0,4.0,4.0,4.0,4.0,4.0,4.0,1.0,2.0,1.0
1819,24/06/2026,city scrape,"Centretown: Clean, Private Room in Heritage Home",Rym,"Ottawa, Canada",f,t,Somerset,Private room in home,Private room,17/07/2026,18/07/2026,t,24/06/2026,05/12/2024,06/06/2026,10.0,4.0,10.0,4.0,8.0,45.0,-75.0,2.0,1.0,2.0,1.0,129.0,129.0,129.0,1.0,1125.0,1.0,27.0,30.0,106.0,59.0,35.0,38.0,4.0,4.0,4.0,4.0,4.0,4.0,3.0,5.0,3.0
1820,24/06/2026,city scrape,The Como Hideaway | Orleans Townhouse,The Como Hideaway,"Ottawa, Canada",t,t,Orleans,Entire townhouse,Entire home/apt,25/06/2026,28/06/2026,t,24/06/2026,26/12/2024,17/05/2026,8.0,10.0,1.0,6.0,1.0,45.0,-75.0,4.0,1.0,2.0,2.0,264.0,794.0,264.0,3.0,365.0,14.0,14.0,16.0,16.0,27.0,20.0,16.0,4.0,4.0,4.0,4.0,4.0,4.0,1.0,1.0,1.0
1821,24/06/2026,city scrape,Cozy Room with Workspace and TV,Elvis,"Ottawa, Canada",f,t,Innes,Private room in home,Private room,29/06/2026,30/06/2026,t,24/06/2026,13/10/2024,10/06/2026,2.0,1.0,1.0,9.0,4.0,45.0,-75.0,2.0,1.0,2.0,1.0,92.0,92.0,92.0,1.0,365.0,8.0,27.0,57.0,147.0,38.0,22.0,21.0,4.0,4.0,4.0,4.0,4.0,4.0,1.0,4.0,0.0
1822,24/06/2026,city scrape,Apartment Ensuite near Airport & DT - Free Parking,Shruti,"Ottawa, Canada",t,t,Gloucester-South Nepean,Private room in townhouse,Private room,05/07/2026,06/07/2026,t,24/06/2026,03/12/2024,21/06/2026,7.0,6.0,3.0,6.0,2.0,45.0,-75.0,2.0,1.0,2.0,1.0,103.0,1626.0,103.0,30.0,365.0,12.0,29.0,53.0,235.5,22.0,1.0,1.0,4.0,4.0,4.0,4.0,4.0,4.0,1.0,2.0,1.0
1823,24/06/2026,city scrape,Bright comfy Room with desk,Margaret,"Toronto, Canada",f,t,Barrhaven,Private room in home,Private room,01/08/2026,31/08/2026,t,24/06/2026,09/01/2026,01/05/2026,7.0,6.0,3.0,6.0,2.0,45.0,-75.0,2.0,1.0,2.0,1.0,103.0,1626.0,103.0,30.0,365.0,12.0,29.0,53.0,235.5,22.0,1.0,1.0,4.0,4.0,4.0,4.0,4.0,4.0,1.0,2.0,1.0
1824,24/06/2026,city scrape,Ultimate Cozy Corner,Kayla,Canada,t,t,Knoxdale-Merivale,Entire home,Entire home/apt,0000-00-00,"""0000-00-00""",t,24/06/2026,02/05/2025,03/06/2026,7.0,6.0,3.0,6.0,2.0,45.0,-75.0,2.0,1.0,2.0,1.0,103.0,1626.0,103.0,30.0,365.0,12.0,29.0,53.0,235.5,22.0,1.0,1.0,4.0,4.0,4.0,4.0,4.0,4.0,1.0,2.0,1.0
1825,24/06/2026,city scrape,"Executive Town Home, 3 Bedrooms, 1 King Size Bed",Ferdinand,"Ottawa, Canada",t,t,West Carleton-March,Entire home,Entire home/apt,19/07/2026,21/07/2026,t,24/06/2026,14/10/2024,21/06/2026,7.0,6.0,3.0,6.0,2.0,45.0,-75.0,2.0,1.0,2.0,1.0,103.0,1626.0,103.0,30.0,365.0,12.0,29.0,53.0,235.5,22.0,1.0,1.0,4.0,4.0,4.0,4.0,4.0,4.0,1.0,2.0,1.0
1826,24/06/2026,city scrape,Serene & Charming room (R1),Daniel,"Ottawa, Canada",f,t,Barrhaven,Private room in home,Private room,24/06/2026,24/07/2026,t,24/06/2026,17/03/2025,04/05/2026,1.0,8.0,1.0,8.0,4.0,45.0,-75.0,2.0,1.0,2.0,1.0,50.0,1526.0,50.0,30.0,365.0,30.0,60.0,90.0,365.0,24.0,13.0,21.0,4.0,4.0,4.0,4.0,4.0,4.0,1.0,4.0,0.0
1827,24/06/2026,city scrape,Serene & Cozy room (R3),Daniel,"Ottawa, Canada",f,t,Barrhaven,Private room in home,Private room,24/06/2026,24/07/2026,t,24/06/2026,05/01/2025,05/01/2025,7.0,6.0,3.0,6.0,2.0,45.0,-75.0,2.0,1.0,2.0,1.0,103.0,1626.0,103.0,30.0,365.0,12.0,29.0,53.0,235.5,22.0,1.0,1.0,4.0,4.0,4.0,4.0,4.0,4.0,1.0,2.0,1.0
1828,24/06/2026,city scrape,Serene & Spacious room (R5),Daniel,"Ottawa, Canada",f,t,Barrhaven,Private room in home,Private room,01/01/2027,31/01/2027,t,24/06/2026,22/12/2024,29/12/2024,7.0,6.0,3.0,6.0,2.0,45.0,-75.0,2.0,1.0,2.0,1.0,103.0,1626.0,103.0,30.0,365.0,12.0,29.0,53.0,235.5,22.0,1.0,1.0,4.0,4.0,4.0,4.0,4.0,4.0,1.0,2.0,1.0
1829,24/06/2026,city scrape,FamilyHome in Barrhaven-Shops 8 min-Monthly Rental,Rally,"Ottawa, Canada",t,t,Barrhaven,Entire townhouse,Entire home/apt,17/09/2026,18/10/2026,t,24/06/2026,12/10/2024,14/05/2026,7.0,6.0,3.0,6.0,2.0,45.0,-75.0,2.0,1.0,2.0,1.0,103.0,1626.0,103.0,30.0,365.0,12.0,29.0,53.0,235.5,22.0,1.0,1.0,4.0,4.0,4.0,4.0,4.0,4.0,1.0,2.0,1.0
1830,24/06/2026,city scrape,Fully Furnished Room long term,Seynabou,"Ottawa, Canada",f,t,Beacon Hill-Cyrville,Private room in rental unit,Private room,24/06/2026,24/07/2026,t,24/06/2026,10,10,7.0,6.0,3.0,6.0,2.0,45.0,-75.0,2.0,1.0,2.0,1.0,103.0,1626.0,103.0,30.0,365.0,12.0,29.0,53.0,235.5,22.0,1.0,1.0,4.0,4.0,4.0,4.0,4.0,4.0,1.0,2.0,1.0
1831,02/07/2026,previous scrape,Private 1 BR/1 BA (Shared) Kanata High-Tech Park,Patrick,"Toronto, Canada",t,t,West Carleton-March,Private room in home,Private room,0000-00-00,"""0000-00-00""",t,02/07/2026,27/04/2025,15/06/2025,7.0,6.0,3.0,6.0,2.0,45.0,-75.0,2.0,1.0,2.0,1.0,103.0,1626.0,103.0,30.0,365.0,12.0,29.0,53.0,235.5,22.0,1.0,1.0,4.0,4.0,4.0,4.0,4.0,4.0,1.0,2.0,1.0
1832,24/06/2026,city scrape,Private Bath-10min train Carleton Uni-30min bus DT,Terry,"Ottawa, Canada",f,t,Capital,Private room in home,Private room,01/11/2026,29/11/2026,t,24/06/2026,26/10/2024,21/05/2025,7.0,6.0,3.0,6.0,2.0,45.0,-75.0,2.0,1.0,2.0,1.0,103.0,1626.0,103.0,30.0,365.0,12.0,29.0,53.0,235.5,22.0,1.0,1.0,4.0,4.0,4.0,4.0,4.0,4.0,1.0,2.0,1.0
1833,24/06/2026,city scrape,Traditional Farmhouse Experience,⁨Jan Property Management & Rentals Inc.⁩,"Carleton Place, Canada",t,t,Rideau-Goulbourn,Farm stay,Entire home/apt,24/06/2026,26/06/2026,t,24/06/2026,26/05/2025,31/05/2026,7.0,6.0,3.0,6.0,2.0,45.0,-75.0,2.0,1.0,2.0,1.0,103.0,1626.0,103.0,30.0,365.0,12.0,29.0,53.0,235.5,22.0,1.0,1.0,4.0,4.0,4.0,4.0,4.0,4.0,1.0,2.0,1.0
1834,02/07/2026,previous scrape,Room in Ottawa,Avan,"Ottawa, Canada",f,t,Barrhaven,Private room in home,Private room,0000-00-00,"""0000-00-00""",t,02/07/2026,13/10/2024,15/06/2025,2.0,10.0,1.0,8.0,3.0,45.0,-75.0,2.0,1.0,2.0,2.0,173.0,2246.0,173.0,1.0,365.0,0.0,0.0,0.0,0.0,44.0,0.0,31.0,4.0,4.0,4.0,4.0,4.0,4.0,2.0,3.0,0.0
1835,24/06/2026,city scrape,Private Above-Ground Guest Suite,Adib,"Ottawa, Canada",t,t,Barrhaven,Entire home,Entire home/apt,29/06/2026,30/06/2026,t,24/06/2026,16/01/2025,31/05/2026,7.0,6.0,3.0,6.0,2.0,45.0,-75.0,2.0,1.0,2.0,1.0,103.0,1626.0,103.0,30.0,365.0,12.0,29.0,53.0,235.5,22.0,1.0,1.0,4.0,4.0,4.0,4.0,4.0,4.0,1.0,2.0,1.0
1836,02/07/2026,previous scrape,Room in Ottawa,Avan,"Ottawa, Canada",f,t,Barrhaven,Private room in home,Private room,0000-00-00,"""0000-00-00""",t,02/07/2026,12/10/2024,13/06/2025,2.0,10.0,1.0,8.0,3.0,45.0,-75.0,2.0,1.0,2.0,2.0,173.0,2246.0,173.0,1.0,365.0,0.0,0.0,0.0,0.0,64.0,0.0,30.0,4.0,4.0,4.0,4.0,4.0,4.0,3.0,3.0,0.0
1837,02/07/2026,previous scrape,Room in Ottawa with private bathroom washer&dryer,Avan,"Ottawa, Canada",f,t,Barrhaven,Private room in home,Private room,0000-00-00,"""0000-00-00""",t,02/07/2026,27/10/2024,22/06/2025,2.0,10.0,1.0,8.0,3.0,45.0,-75.0,2.0,1.0,2.0,2.0,173.0,2246.0,173.0,1.0,365.0,0.0,0.0,0.0,0.0,56.0,0.0,37.0,4.0,4.0,4.0,4.0,4.0,4.0,2.0,3.0,0.0
1838,24/06/2026,city scrape,Modern 8Bed 4 Bedroom•Orléans | Near DT & Shops,Mike,"Ottawa, Canada",t,t,Innes,Entire home,Entire home/apt,04/08/2026,28/08/2026,t,24/06/2026,08/11/2024,01/06/2026,7.0,6.0,3.0,6.0,2.0,45.0,-75.0,2.0,1.0,2.0,1.0,103.0,1626.0,103.0,30.0,365.0,12.0,29.0,53.0,235.5,22.0,1.0,1.0,4.0,4.0,4.0,4.0,4.0,4.0,1.0,2.0,1.0
1839,24/06/2026,city scrape,Luxury Quiet Area 5 bedroom Home with Office & Gym,Iryna,"Ottawa, Canada",t,t,Kanata South,Entire home,Entire home/apt,01/08/2026,31/08/2026,t,24/06/2026,29/07/2025,29/07/2025,7.0,6.0,3.0,6.0,2.0,45.0,-75.0,2.0,1.0,2.0,1.0,103.0,1626.0,103.0,30.0,365.0,12.0,29.0,53.0,235.5,22.0,1.0,1.0,4.0,4.0,4.0,4.0,4.0,4.0,1.0,2.0,1.0
1840,02/07/2026,previous scrape,Modern home Steps from Canal with parking,Kelly,"Ottawa, Canada",t,t,Capital,Entire townhouse,Entire home/apt,0000-00-00,"""0000-00-00""",t,02/07/2026,18/12/2024,02/02/2026,7.0,6.0,3.0,6.0,2.0,45.0,-75.0,2.0,1.0,2.0,1.0,103.0,1626.0,103.0,30.0,365.0,12.0,29.0,53.0,235.5,22.0,1.0,1.0,4.0,4.0,4.0,4.0,4.0,4.0,1.0,2.0,1.0
1841,24/06/2026,city scrape,Mini space plus daily contents,Toyin,"Ottawa, Canada",t,t,Stittsville-Kanata West,Entire home,Entire home/apt,05/08/2026,04/09/2026,t,24/06/2026,08/04/2026,22/05/2026,7.0,6.0,3.0,6.0,2.0,45.0,-75.0,2.0,1.0,2.0,1.0,103.0,1626.0,103.0,30.0,365.0,12.0,29.0,53.0,235.5,22.0,1.0,1.0,4.0,4.0,4.0,4.0,4.0,4.0,1.0,2.0,1.0
1842,24/06/2026,city scrape,Executive King Suite | Private Bath & Parking,Kaustubh,"Ottawa, Canada",f,t,Rideau-Goulbourn,Private room in townhouse,Private room,25/06/2026,26/06/2026,t,24/06/2026,13/04/2025,21/06/2026,7.0,6.0,3.0,6.0,2.0,45.0,-75.0,2.0,1.0,2.0,1.0,103.0,1626.0,103.0,30.0,365.0,12.0,29.0,53.0,235.5,22.0,1.0,1.0,4.0,4.0,4.0,4.0,4.0,4.0,1.0,2.0,1.0
1843,24/06/2026,city scrape,New Luxury Condo Hostel in Ottawa Downtown,Hong Tao,"Ottawa, Canada",t,t,Rideau-Rockcliffe,Entire condo,Entire home/apt,14/09/2026,14/10/2026,t,24/06/2026,31/03/2025,18/11/2025,7.0,6.0,3.0,6.0,2.0,45.0,-75.0,2.0,1.0,2.0,1.0,103.0,1626.0,103.0,30.0,365.0,12.0,29.0,53.0,235.5,22.0,1.0,1.0,4.0,4.0,4.0,4.0,4.0,4.0,1.0,2.0,1.0
1844,24/06/2026,city scrape,Queens Room 1,Tracey Angela,"Ottawa, Canada",f,t,Knoxdale-Merivale,Private room in home,Private room,24/06/2026,25/06/2026,t,24/06/2026,21/10/2024,23/06/2026,1.0,11.0,1.0,11.0,3.0,45.0,-75.0,1.0,1.0,2.0,1.0,92.0,92.0,92.0,1.0,365.0,29.0,37.0,43.0,318.0,54.0,34.0,37.0,4.0,4.0,4.0,4.0,4.0,4.0,2.0,3.0,0.0
1845,24/06/2026,city scrape,Queens Room 2,Tracey Angela,"Ottawa, Canada",f,t,Knoxdale-Merivale,Private room in home,Private room,29/06/2026,30/06/2026,t,24/06/2026,26/10/2024,07/06/2026,1.0,11.0,1.0,11.0,3.0,45.0,-75.0,1.0,1.0,2.0,1.0,92.0,92.0,92.0,1.0,365.0,21.0,29.0,35.0,310.0,46.0,30.0,25.0,4.0,4.0,4.0,4.0,4.0,4.0,2.0,3.0,0.0
1846,24/06/2026,city scrape,Queens Room 3,Tracey Angela,"Ottawa, Canada",f,t,Knoxdale-Merivale,Private room in home,Private room,24/06/2026,25/06/2026,t,24/06/2026,04/11/2024,26/05/2026,1.0,11.0,1.0,11.0,3.0,45.0,-75.0,1.0,1.0,2.0,1.0,92.0,92.0,92.0,1.0,365.0,26.0,34.0,40.0,220.0,35.0,20.0,23.0,4.0,4.0,4.0,4.0,4.0,4.0,1.0,3.0,0.0
1847,02/07/2026,previous scrape,"Modern 1BR w/Balcony, Rooftop Gym near ByWard",Corporate Stays,"Montreal, Canada",f,f,Rideau-Vanier,Entire rental unit,Entire home/apt,0000-00-00,"""0000-00-00""",t,02/07/2026,10,10,7.0,6.0,3.0,6.0,2.0,45.0,-75.0,2.0,1.0,2.0,1.0,103.0,1626.0,103.0,30.0,365.0,12.0,29.0,53.0,235.5,22.0,1.0,1.0,4.0,4.0,4.0,4.0,4.0,4.0,1.0,2.0,1.0
1848,24/06/2026,city scrape,Appartement de luxe,Walid,"Ottawa, Canada",f,t,Alta Vista,Entire rental unit,Entire home/apt,24/06/2026,24/07/2026,t,24/06/2026,10,10,7.0,6.0,3.0,6.0,2.0,45.0,-75.0,2.0,1.0,2.0,1.0,103.0,1626.0,103.0,30.0,365.0,12.0,29.0,53.0,235.5,22.0,1.0,1.0,4.0,4.0,4.0,4.0,4.0,4.0,1.0,2.0,1.0
1849,24/06/2026,city scrape,Private Suite Separate Entrance & Ensuite Bathroom,Jason,"Ottawa, Canada",t,t,Cumberland,Private room in bungalow,Private room,05/07/2026,06/07/2026,t,24/06/2026,18/03/2026,08/06/2026,7.0,6.0,3.0,6.0,2.0,45.0,-75.0,2.0,1.0,2.0,1.0,103.0,1626.0,103.0,30.0,365.0,12.0,29.0,53.0,235.5,22.0,1.0,1.0,4.0,4.0,4.0,4.0,4.0,4.0,1.0,2.0,1.0
1850,24/06/2026,city scrape,ByWard Market! - Downtown Ottawa,Gino,"Ottawa, Canada",f,t,Rideau-Vanier,Entire rental unit,Entire home/apt,31/12/2026,30/01/2027,t,24/06/2026,10,10,9.0,5.0,1.0,8.0,2.0,45.0,-75.0,4.0,1.0,1.0,2.0,81.0,2448.0,81.0,30.0,365.0,0.0,0.0,0.0,175.0,0.0,0.0,0.0,4.0,4.0,4.0,4.0,4.0,4.0,1.0,2.0,2.0
1851,24/06/2026,city scrape,Luxury stay,Festus,"Ottawa, Canada",f,t,Rideau-Rockcliffe,Entire rental unit,Entire home/apt,01/11/2026,01/12/2026,t,24/06/2026,07/03/2025,26/12/2025,7.0,6.0,3.0,6.0,2.0,45.0,-75.0,2.0,1.0,2.0,1.0,103.0,1626.0,103.0,30.0,365.0,12.0,29.0,53.0,235.5,22.0,1.0,1.0,4.0,4.0,4.0,4.0,4.0,4.0,1.0,2.0,1.0
1852,24/06/2026,city scrape,Lovely Modern 4 bedroom Townhome,Sola,"Montreal, Canada",t,t,Rideau-Goulbourn,Entire home,Entire home/apt,29/06/2026,01/07/2026,t,24/06/2026,05/01/2025,31/05/2026,7.0,6.0,3.0,6.0,2.0,45.0,-75.0,2.0,1.0,2.0,1.0,103.0,1626.0,103.0,30.0,365.0,12.0,29.0,53.0,235.5,22.0,1.0,1.0,4.0,4.0,4.0,4.0,4.0,4.0,1.0,2.0,1.0
1853,24/06/2026,city scrape,Cozy renovated apartment in Centretown,Natasha,"Ottawa, Canada",t,t,Somerset,Entire rental unit,Entire home/apt,22/08/2026,21/09/2026,t,24/06/2026,10,10,9.0,11.0,3.0,4.0,2.0,45.0,-75.0,2.0,1.0,1.0,1.0,103.0,3119.0,103.0,30.0,365.0,11.0,17.0,47.0,47.0,0.0,0.0,0.0,4.0,4.0,4.0,4.0,4.0,4.0,1.0,2.0,2.0
1854,24/06/2026,city scrape,"Full Private Basement – Warm, Peaceful & Welcoming",Farbod,"Ottawa, Canada",t,t,College,Entire home,Entire home/apt,25/06/2026,26/06/2026,t,24/06/2026,28/05/2025,19/06/2026,7.0,6.0,3.0,6.0,2.0,45.0,-75.0,2.0,1.0,2.0,1.0,103.0,1626.0,103.0,30.0,365.0,12.0,29.0,53.0,235.5,22.0,1.0,1.0,4.0,4.0,4.0,4.0,4.0,4.0,1.0,2.0,1.0
1855,24/06/2026,city scrape,Serene & Homey room (R2),Daniel,"Ottawa, Canada",f,t,Barrhaven,Private room in home,Private room,24/06/2026,24/07/2026,t,24/06/2026,14/12/2024,06/04/2026,1.0,8.0,1.0,8.0,4.0,45.0,-75.0,2.0,1.0,2.0,1.0,37.0,1110.0,37.0,30.0,365.0,30.0,60.0,90.0,365.0,17.0,13.0,10.0,4.0,4.0,4.0,4.0,4.0,4.0,0.0,4.0,0.0
1856,02/07/2026,previous scrape,Cozy N' Nice Getaway,Amarachi,"Ottawa, Canada",f,t,Rideau-Goulbourn,Private room in rental unit,Private room,0000-00-00,"""0000-00-00""",t,02/07/2026,05/11/2024,02/07/2025,6.0,0.0,1.0,7.0,3.0,45.0,-75.0,2.0,1.0,2.0,2.0,173.0,2246.0,173.0,30.0,30.0,0.0,0.0,0.0,1.0,8.0,1.0,4.0,4.0,4.0,4.0,5.0,4.0,4.0,0.0,3.0,0.0
1857,24/06/2026,city scrape,The Blissville,Amarachi,"Ottawa, Canada",f,t,Rideau-Goulbourn,Private room in rental unit,Private room,12/03/2027,11/04/2027,t,24/06/2026,27/12/2024,25/06/2025,6.0,0.0,1.0,7.0,3.0,45.0,-75.0,2.0,1.0,2.0,1.0,94.0,2843.0,94.0,30.0,365.0,0.0,0.0,0.0,104.0,9.0,1.0,8.0,4.0,4.0,4.0,4.0,4.0,4.0,0.0,3.0,0.0
1858,24/06/2026,city scrape,Pretty bedroom near airport and bank street,Ryan,"Ottawa, Canada",f,t,River,Private room in home,Private room,01/10/2026,31/10/2026,t,24/06/2026,05/12/2024,30/07/2025,7.0,6.0,3.0,6.0,2.0,45.0,-75.0,2.0,1.0,2.0,1.0,103.0,1626.0,103.0,30.0,365.0,12.0,29.0,53.0,235.5,22.0,1.0,1.0,4.0,4.0,4.0,4.0,4.0,4.0,1.0,2.0,1.0
1859,24/06/2026,city scrape,Cozy room with Separate entrance,Salman,"Ottawa, Canada",f,t,Knoxdale-Merivale,Private room in home,Private room,29/06/2026,30/06/2026,t,24/06/2026,28/11/2024,29/05/2026,11.0,7.0,3.0,8.0,9.0,45.0,-75.0,2.0,1.0,2.0,1.0,92.0,92.0,92.0,1.0,365.0,15.0,45.0,75.0,350.0,18.0,15.0,1.0,4.0,4.0,4.0,4.0,4.0,4.0,0.0,7.0,0.0
1860,24/06/2026,city scrape,Single House,Akram,Canada,f,t,Barrhaven,Entire home,Entire home/apt,25/06/2026,26/06/2026,t,24/06/2026,10,10,7.0,6.0,3.0,6.0,2.0,45.0,-75.0,2.0,1.0,2.0,1.0,103.0,1626.0,103.0,30.0,365.0,12.0,29.0,53.0,235.5,22.0,1.0,1.0,4.0,4.0,4.0,4.0,4.0,4.0,1.0,2.0,1.0
1861,24/06/2026,city scrape,Riverfront Retreat in Manotick.,Ajaywant,"Ottawa, Canada",f,t,Rideau-Goulbourn,Entire home,Entire home/apt,26/06/2026,26/07/2026,t,24/06/2026,10,10,7.0,6.0,3.0,6.0,2.0,45.0,-75.0,2.0,1.0,2.0,1.0,103.0,1626.0,103.0,30.0,365.0,12.0,29.0,53.0,235.5,22.0,1.0,1.0,4.0,4.0,4.0,4.0,4.0,4.0,1.0,2.0,1.0
1862,24/06/2026,city scrape,Room in Ottawa Nearby Airport,Budhi,"Ottawa, Canada",t,t,Gloucester-South Nepean,Private room in home,Private room,25/06/2026,26/06/2026,t,24/06/2026,03/11/2024,21/06/2026,7.0,6.0,3.0,6.0,2.0,45.0,-75.0,2.0,1.0,2.0,1.0,103.0,1626.0,103.0,30.0,365.0,12.0,29.0,53.0,235.5,22.0,1.0,1.0,4.0,4.0,4.0,4.0,4.0,4.0,1.0,2.0,1.0
1863,24/06/2026,city scrape,Private Suite for couple/family of 4 persons stay,Ismat,"Ottawa, Canada",t,t,Stittsville-Kanata West,Private room in home,Private room,05/07/2026,06/07/2026,t,24/06/2026,08/12/2024,21/06/2026,7.0,6.0,3.0,6.0,2.0,45.0,-75.0,2.0,1.0,2.0,1.0,103.0,1626.0,103.0,30.0,365.0,12.0,29.0,53.0,235.5,22.0,1.0,1.0,4.0,4.0,4.0,4.0,4.0,4.0,1.0,2.0,1.0
1864,24/06/2026,city scrape,Totally Private 1-bedroom Apt Downtown Ottawa 284D,Sam,"Ottawa, Canada",f,t,Rideau-Vanier,Entire rental unit,Entire home/apt,05/07/2026,06/07/2026,t,24/06/2026,08/02/2026,14/06/2026,7.0,6.0,3.0,6.0,2.0,45.0,-75.0,2.0,1.0,2.0,1.0,103.0,1626.0,103.0,30.0,365.0,12.0,29.0,53.0,235.5,22.0,1.0,1.0,4.0,4.0,4.0,4.0,4.0,4.0,1.0,2.0,1.0
1865,24/06/2026,city scrape,Modern 3BR 1BATH Apartment in Sandyhill W. Parking,Jaybird,"Ottawa, Canada",t,t,Rideau-Vanier,Entire rental unit,Entire home/apt,24/06/2026,26/06/2026,t,24/06/2026,20/12/2024,09/09/2025,7.0,6.0,3.0,6.0,2.0,45.0,-75.0,2.0,1.0,2.0,1.0,103.0,1626.0,103.0,30.0,365.0,12.0,29.0,53.0,235.5,22.0,1.0,1.0,4.0,4.0,4.0,4.0,4.0,4.0,1.0,2.0,1.0
1866,24/06/2026,city scrape,"""Cabin in the Glebe"" 5-star 2-Bdrm + BBQ + Parking",Rym,"Ottawa, Canada",f,t,Capital,Entire rental unit,Entire home/apt,20/08/2026,23/08/2026,t,24/06/2026,22/11/2024,22/05/2026,7.0,6.0,3.0,6.0,2.0,45.0,-75.0,2.0,1.0,2.0,1.0,103.0,1626.0,103.0,30.0,365.0,12.0,29.0,53.0,235.5,22.0,1.0,1.0,4.0,4.0,4.0,4.0,4.0,4.0,1.0,2.0,1.0
1867,24/06/2026,city scrape,"""Modern Glebe"" 5-star 2-bdrm w/Parking, Porch, BBQ",Rym,"Ottawa, Canada",f,t,Capital,Entire rental unit,Entire home/apt,03/08/2026,06/08/2026,t,24/06/2026,24/11/2024,09/06/2026,7.0,6.0,3.0,6.0,2.0,45.0,-75.0,2.0,1.0,2.0,1.0,103.0,1626.0,103.0,30.0,365.0,12.0,29.0,53.0,235.5,22.0,1.0,1.0,4.0,4.0,4.0,4.0,4.0,4.0,1.0,2.0,1.0
1868,24/06/2026,city scrape,Modern 2-Story Glebe Retreat w/ Deck,Rym,"Ottawa, Canada",f,t,Capital,Entire rental unit,Entire home/apt,09/08/2026,12/08/2026,t,24/06/2026,18/11/2024,06/06/2026,7.0,6.0,3.0,6.0,2.0,45.0,-75.0,2.0,1.0,2.0,1.0,103.0,1626.0,103.0,30.0,365.0,12.0,29.0,53.0,235.5,22.0,1.0,1.0,4.0,4.0,4.0,4.0,4.0,4.0,1.0,2.0,1.0
1869,24/06/2026,city scrape,Master bedroom,Robson,"Ottawa, Canada",f,t,Barrhaven,Private room in home,Private room,24/06/2026,25/07/2026,t,24/06/2026,01/01/2025,19/05/2026,7.0,6.0,3.0,6.0,2.0,45.0,-75.0,2.0,1.0,2.0,1.0,103.0,1626.0,103.0,30.0,365.0,12.0,29.0,53.0,235.5,22.0,1.0,1.0,4.0,4.0,4.0,4.0,4.0,4.0,1.0,2.0,1.0
1870,02/07/2026,previous scrape,Budget Studio in Glebe,Atef,"Ottawa, Canada",f,t,Capital,Entire rental unit,Entire home/apt,0000-00-00,"""0000-00-00""",t,02/07/2026,10,10,1.0,7.0,1.0,7.0,1.0,45.0,-75.0,2.0,1.0,2.0,2.0,173.0,2246.0,173.0,30.0,45.0,0.0,0.0,0.0,0.0,0.0,0.0,0.0,4.0,4.0,4.0,4.0,4.0,4.0,1.0,1.0,1.0
1871,24/06/2026,city scrape,Corporate and Family Temporary Housing,Louise,"Ottawa, Canada",f,t,Innes,Entire rental unit,Entire home/apt,01/10/2026,31/10/2026,t,24/06/2026,10,10,7.0,6.0,3.0,6.0,2.0,45.0,-75.0,2.0,1.0,2.0,1.0,103.0,1626.0,103.0,30.0,365.0,12.0,29.0,53.0,235.5,22.0,1.0,1.0,4.0,4.0,4.0,4.0,4.0,4.0,1.0,2.0,1.0
1872,02/07/2026,previous scrape,Turn-Key & All-Inclusive 35B,Louise,"Ottawa, Canada",f,t,Stittsville-Kanata West,Entire rental unit,Entire home/apt,31/10/2026,29/01/2027,t,02/07/2026,10,10,7.0,6.0,3.0,6.0,2.0,45.0,-75.0,2.0,1.0,2.0,1.0,103.0,1626.0,103.0,30.0,365.0,12.0,29.0,53.0,235.5,22.0,1.0,1.0,4.0,4.0,4.0,4.0,4.0,4.0,1.0,2.0,1.0
1873,24/06/2026,city scrape,Lynn's Cozy Nest,Lynn & Ini,"Ottawa, Canada",t,t,Gloucester-South Nepean,Entire rental unit,Entire home/apt,26/06/2026,27/06/2026,t,24/06/2026,08/01/2025,22/06/2026,7.0,6.0,3.0,6.0,2.0,45.0,-75.0,2.0,1.0,2.0,1.0,103.0,1626.0,103.0,30.0,365.0,12.0,29.0,53.0,235.5,22.0,1.0,1.0,4.0,4.0,4.0,4.0,4.0,4.0,1.0,2.0,1.0
1874,24/06/2026,city scrape,Rural Upper Apartment,Amy,"Ottawa, Canada",t,t,West Carleton-March,Entire home,Entire home/apt,31/10/2026,30/11/2026,t,24/06/2026,09/08/2025,07/11/2025,7.0,6.0,3.0,6.0,2.0,45.0,-75.0,2.0,1.0,2.0,1.0,103.0,1626.0,103.0,30.0,365.0,12.0,29.0,53.0,235.5,22.0,1.0,1.0,4.0,4.0,4.0,4.0,4.0,4.0,1.0,2.0,1.0
1875,24/06/2026,city scrape,Cozy 1BR w/ Queen Bed & Park View,Haseeb,"Ottawa, Canada",t,t,Cumberland,Private room in home,Private room,13/10/2026,14/10/2026,t,24/06/2026,13/02/2025,14/06/2026,7.0,6.0,3.0,6.0,2.0,45.0,-75.0,2.0,1.0,2.0,1.0,103.0,1626.0,103.0,30.0,365.0,12.0,29.0,53.0,235.5,22.0,1.0,1.0,4.0,4.0,4.0,4.0,4.0,4.0,1.0,2.0,1.0
1876,24/06/2026,city scrape,Single bedroom near airport and bank street,Ryan,"Ottawa, Canada",f,t,River,Private room in home,Private room,01/10/2026,31/10/2026,t,24/06/2026,23/11/2024,25/05/2026,7.0,6.0,3.0,6.0,2.0,45.0,-75.0,2.0,1.0,2.0,1.0,103.0,1626.0,103.0,30.0,365.0,12.0,29.0,53.0,235.5,22.0,1.0,1.0,4.0,4.0,4.0,4.0,4.0,4.0,1.0,2.0,1.0
1877,24/06/2026,city scrape,Cozy private suite + parking,Saif,"Ottawa, Canada",t,t,Orleans,Entire guest suite,Entire home/apt,01/07/2026,02/07/2026,t,24/06/2026,18/03/2025,07/06/2026,7.0,6.0,3.0,6.0,2.0,45.0,-75.0,2.0,1.0,2.0,1.0,103.0,1626.0,103.0,30.0,365.0,12.0,29.0,53.0,235.5,22.0,1.0,1.0,4.0,4.0,4.0,4.0,4.0,4.0,1.0,2.0,1.0
1878,24/06/2026,city scrape,Unique pet-friendly home with office and backyard,Stacie,"Ottawa, Canada",t,t,Rideau-Rockcliffe,Entire home,Entire home/apt,14/09/2026,16/09/2026,t,24/06/2026,18/11/2024,13/06/2026,7.0,6.0,3.0,6.0,2.0,45.0,-75.0,2.0,1.0,2.0,1.0,103.0,1626.0,103.0,30.0,365.0,12.0,29.0,53.0,235.5,22.0,1.0,1.0,4.0,4.0,4.0,4.0,4.0,4.0,1.0,2.0,1.0
1879,24/06/2026,city scrape,Cozy room with Private entrance,Salman,"Ottawa, Canada",f,t,Knoxdale-Merivale,Private room in home,Private room,01/07/2026,03/07/2026,t,24/06/2026,03/01/2025,24/05/2026,11.0,7.0,3.0,8.0,9.0,45.0,-75.0,2.0,1.0,2.0,1.0,80.0,160.0,80.0,2.0,365.0,12.0,35.0,65.0,340.0,34.0,25.0,16.0,4.0,4.0,4.0,4.0,4.0,4.0,1.0,7.0,0.0
1880,24/06/2026,city scrape,Lovely Basement apartment.,Olivia,"Ottawa, Canada",t,t,Kanata South,Entire rental unit,Entire home/apt,01/07/2026,31/07/2026,t,24/06/2026,02/05/2025,31/05/2026,7.0,6.0,3.0,6.0,2.0,45.0,-75.0,2.0,1.0,2.0,1.0,103.0,1626.0,103.0,30.0,365.0,12.0,29.0,53.0,235.5,22.0,1.0,1.0,4.0,4.0,4.0,4.0,4.0,4.0,1.0,2.0,1.0
1881,24/06/2026,city scrape,Brand New Byward Market Townhome,Short And Suite BnB,"Ottawa, Canada",t,t,Rideau-Vanier,Entire rental unit,Entire home/apt,29/07/2026,28/08/2026,t,24/06/2026,18/02/2025,06/01/2026,7.0,6.0,3.0,6.0,2.0,45.0,-75.0,2.0,1.0,2.0,1.0,103.0,1626.0,103.0,30.0,365.0,12.0,29.0,53.0,235.5,22.0,1.0,1.0,4.0,4.0,4.0,4.0,4.0,4.0,1.0,2.0,1.0
1882,02/07/2026,previous scrape,3BR in Ottawa | Unique | Free parking,Dwello Homes,"Ottawa, Canada",f,t,Rideau-Vanier,Entire rental unit,Entire home/apt,0000-00-00,"""0000-00-00""",t,02/07/2026,25/05/2025,09/11/2025,1.0,9.0,1.0,7.0,1.0,45.0,-75.0,6.0,1.0,3.0,2.0,173.0,2246.0,173.0,1.0,365.0,0.0,0.0,0.0,0.0,20.0,18.0,20.0,4.0,4.0,4.0,4.0,4.0,4.0,1.0,1.0,1.0
1883,24/06/2026,city scrape,Upscale 2 Bedroom near DT,Yumna,"Ottawa, Canada",f,t,Rideau-Rockcliffe,Entire rental unit,Entire home/apt,31/07/2026,30/08/2026,t,24/06/2026,24/11/2024,06/12/2025,6.0,11.0,1.0,7.0,1.0,45.0,-75.0,4.0,1.0,2.0,2.0,158.0,4742.0,158.0,30.0,1125.0,0.0,23.0,53.0,143.0,28.0,12.0,25.0,4.0,4.0,4.0,4.0,4.0,4.0,1.0,1.0,1.0
1884,24/06/2026,city scrape,Ottawa River Waterfront.,Sabrena,"Ottawa, Canada",t,t,West Carleton-March,Entire cottage,Entire home/apt,24/06/2026,26/06/2026,t,24/06/2026,18/03/2025,15/06/2026,7.0,6.0,3.0,6.0,2.0,45.0,-75.0,2.0,1.0,2.0,1.0,103.0,1626.0,103.0,30.0,365.0,12.0,29.0,53.0,235.5,22.0,1.0,1.0,4.0,4.0,4.0,4.0,4.0,4.0,1.0,2.0,1.0
1885,24/06/2026,city scrape,A cozy home one bedroom apartment in Ottawa,Jay,"Ottawa, Canada",f,t,Rideau-Vanier,Entire rental unit,Entire home/apt,29/06/2026,30/06/2026,t,24/06/2026,17/11/2024,06/06/2026,7.0,6.0,3.0,6.0,2.0,45.0,-75.0,2.0,1.0,2.0,1.0,103.0,1626.0,103.0,30.0,365.0,12.0,29.0,53.0,235.5,22.0,1.0,1.0,4.0,4.0,4.0,4.0,4.0,4.0,1.0,2.0,1.0
1886,24/06/2026,city scrape,Rural Lower Level Apartment,Amy,"Ottawa, Canada",t,t,West Carleton-March,Entire home,Entire home/apt,24/06/2026,24/07/2026,t,24/06/2026,10/11/2025,10/11/2025,7.0,6.0,3.0,6.0,2.0,45.0,-75.0,2.0,1.0,2.0,1.0,103.0,1626.0,103.0,30.0,365.0,12.0,29.0,53.0,235.5,22.0,1.0,1.0,4.0,4.0,4.0,4.0,4.0,4.0,1.0,2.0,1.0
1887,24/06/2026,city scrape,Mid-Century Studio,Jenny,"Ottawa, Canada",t,t,Rideau-Vanier,Entire rental unit,Entire home/apt,25/06/2026,25/07/2026,t,24/06/2026,10,10,7.0,6.0,3.0,6.0,2.0,45.0,-75.0,2.0,1.0,2.0,1.0,103.0,1626.0,103.0,30.0,365.0,12.0,29.0,53.0,235.5,22.0,1.0,1.0,4.0,4.0,4.0,4.0,4.0,4.0,1.0,2.0,1.0
1888,24/06/2026,city scrape,Modern unit steps from Dows Lake | Free Parking,Emma,"Ottawa, Canada",t,t,Capital,Entire guest suite,Entire home/apt,10/07/2026,12/07/2026,t,24/06/2026,15/12/2024,21/06/2026,7.0,6.0,3.0,6.0,2.0,45.0,-75.0,2.0,1.0,2.0,1.0,103.0,1626.0,103.0,30.0,365.0,12.0,29.0,53.0,235.5,22.0,1.0,1.0,4.0,4.0,4.0,4.0,4.0,4.0,1.0,2.0,1.0
1889,24/06/2026,city scrape,Private Entrance Basement Apartment- Free Parking,Stephane,"Ottawa, Canada",t,t,Gloucester-Southgate,Entire rental unit,Entire home/apt,27/08/2026,26/09/2026,t,24/06/2026,02/12/2025,02/12/2025,7.0,6.0,3.0,6.0,2.0,45.0,-75.0,2.0,1.0,2.0,1.0,103.0,1626.0,103.0,30.0,365.0,12.0,29.0,53.0,235.5,22.0,1.0,1.0,4.0,4.0,4.0,4.0,4.0,4.0,1.0,2.0,1.0
1890,02/07/2026,previous scrape,Park view room near airport 15min to downtown,Tuan,"Ottawa, Canada",f,t,River,Private room in home,Private room,0000-00-00,"""0000-00-00""",t,02/07/2026,02/01/2025,02/01/2025,7.0,6.0,3.0,6.0,2.0,45.0,-75.0,2.0,1.0,2.0,1.0,103.0,1626.0,103.0,30.0,365.0,12.0,29.0,53.0,235.5,22.0,1.0,1.0,4.0,4.0,4.0,4.0,4.0,4.0,1.0,2.0,1.0
1891,02/07/2026,previous scrape,3 BR Bungalow Central West,Nima,"Ottawa, Canada",f,t,Bay,Entire home,Entire home/apt,0000-00-00,"""0000-00-00""",t,02/07/2026,10,10,1.0,7.0,1.0,7.0,1.0,45.0,-75.0,4.0,1.0,3.0,2.0,173.0,2246.0,173.0,30.0,90.0,0.0,0.0,0.0,0.0,0.0,0.0,0.0,4.0,4.0,4.0,4.0,4.0,4.0,1.0,1.0,1.0
1892,24/06/2026,city scrape,Secluded Riverside Getaway on 10 Private Acres,Narjis,"Ottawa, Canada",f,t,Osgoode,Entire guest suite,Entire home/apt,28/06/2026,30/06/2026,t,24/06/2026,17/05/2026,27/05/2026,7.0,6.0,3.0,6.0,2.0,45.0,-75.0,2.0,1.0,2.0,1.0,103.0,1626.0,103.0,30.0,365.0,12.0,29.0,53.0,235.5,22.0,1.0,1.0,4.0,4.0,4.0,4.0,4.0,4.0,1.0,2.0,1.0
1893,24/06/2026,city scrape,Brand New Home in Ottawa with a private bath,Victor,"Ottawa, Canada",f,t,Innes,Private room in townhouse,Private room,24/06/2026,24/07/2026,t,24/06/2026,21/12/2024,05/03/2026,7.0,6.0,3.0,6.0,2.0,45.0,-75.0,2.0,1.0,2.0,1.0,103.0,1626.0,103.0,30.0,365.0,12.0,29.0,53.0,235.5,22.0,1.0,1.0,4.0,4.0,4.0,4.0,4.0,4.0,1.0,2.0,1.0
1894,24/06/2026,city scrape,2 Bedroom w Parking Downtown,Kit,"Wolfville, Canada",f,t,Somerset,Entire rental unit,Entire home/apt,30/09/2026,30/10/2026,t,24/06/2026,10,10,7.0,6.0,3.0,6.0,2.0,45.0,-75.0,2.0,1.0,2.0,1.0,103.0,1626.0,103.0,30.0,365.0,12.0,29.0,53.0,235.5,22.0,1.0,1.0,4.0,4.0,4.0,4.0,4.0,4.0,1.0,2.0,1.0
1895,24/06/2026,city scrape,Beautiful 1 bedroom space,Calvin,"Ottawa, Canada",f,t,Barrhaven,Private room in home,Private room,24/06/2026,25/06/2026,t,24/06/2026,21/12/2024,24/05/2026,7.0,6.0,3.0,6.0,2.0,45.0,-75.0,2.0,1.0,2.0,1.0,103.0,1626.0,103.0,30.0,365.0,12.0,29.0,53.0,235.5,22.0,1.0,1.0,4.0,4.0,4.0,4.0,4.0,4.0,1.0,2.0,1.0
1896,24/06/2026,city scrape,*Viewmount Drive* A modern & centrally-located gem,Toby,"Ottawa, Canada",t,t,Knoxdale-Merivale,Entire guest suite,Entire home/apt,24/06/2026,25/06/2026,t,24/06/2026,13/12/2024,25/05/2026,7.0,6.0,3.0,6.0,2.0,45.0,-75.0,2.0,1.0,2.0,1.0,103.0,1626.0,103.0,30.0,365.0,12.0,29.0,53.0,235.5,22.0,1.0,1.0,4.0,4.0,4.0,4.0,4.0,4.0,1.0,2.0,1.0
1897,24/06/2026,city scrape,New Private Unit with Garage in Prime Location,Houssein,"Ottawa, Canada",t,t,Gloucester-South Nepean,Entire home,Entire home/apt,25/10/2026,24/11/2026,t,24/06/2026,20/01/2025,03/06/2026,7.0,6.0,3.0,6.0,2.0,45.0,-75.0,2.0,1.0,2.0,1.0,103.0,1626.0,103.0,30.0,365.0,12.0,29.0,53.0,235.5,22.0,1.0,1.0,4.0,4.0,4.0,4.0,4.0,4.0,1.0,2.0,1.0
1898,24/06/2026,city scrape,Comfy Large Bed + Workstation *Viewmount Drive*,Toby,"Ottawa, Canada",t,t,Knoxdale-Merivale,Private room in guest suite,Private room,24/06/2026,26/06/2026,t,24/06/2026,24/11/2024,24/11/2024,7.0,6.0,3.0,6.0,2.0,45.0,-75.0,2.0,1.0,2.0,1.0,103.0,1626.0,103.0,30.0,365.0,12.0,29.0,53.0,235.5,22.0,1.0,1.0,4.0,4.0,4.0,4.0,4.0,4.0,1.0,2.0,1.0
1899,24/06/2026,city scrape,Travelers Haven,Tia And Ed,"Ottawa, Canada",f,t,Kanata South,Private room in home,Private room,25/06/2026,25/07/2026,t,24/06/2026,10,10,5.0,1.0,5.0,0.0,1.0,45.0,-75.0,2.0,1.0,2.0,1.0,53.0,1592.0,53.0,30.0,365.0,29.0,59.0,89.0,364.0,0.0,0.0,0.0,4.0,4.0,4.0,4.0,4.0,4.0,1.0,1.0,0.0
1900,24/06/2026,city scrape,Walk to Parliament from this high-end condo w/gym,Luis,"Gatineau, Canada",t,t,Somerset,Entire condo,Entire home/apt,13/10/2026,12/11/2026,t,24/06/2026,15/02/2025,17/06/2026,7.0,6.0,3.0,6.0,2.0,45.0,-75.0,2.0,1.0,2.0,1.0,103.0,1626.0,103.0,30.0,365.0,12.0,29.0,53.0,235.5,22.0,1.0,1.0,4.0,4.0,4.0,4.0,4.0,4.0,1.0,2.0,1.0
1901,24/06/2026,city scrape,Comfy Double bed + Workstation on Viewmount Drive,Toby,"Ottawa, Canada",t,t,Knoxdale-Merivale,Private room in guest suite,Private room,24/06/2026,25/06/2026,t,24/06/2026,08/02/2025,15/09/2025,7.0,6.0,3.0,6.0,2.0,45.0,-75.0,2.0,1.0,2.0,1.0,103.0,1626.0,103.0,30.0,365.0,12.0,29.0,53.0,235.5,22.0,1.0,1.0,4.0,4.0,4.0,4.0,4.0,4.0,1.0,2.0,1.0
1902,24/06/2026,city scrape,Hidden Gem: Peace & Comfort,Funmi,"Ottawa, Canada",t,t,Stittsville-Kanata West,Private room in home,Private room,25/06/2026,28/06/2026,t,24/06/2026,06/12/2024,15/09/2025,7.0,6.0,3.0,6.0,2.0,45.0,-75.0,2.0,1.0,2.0,1.0,103.0,1626.0,103.0,30.0,365.0,12.0,29.0,53.0,235.5,22.0,1.0,1.0,4.0,4.0,4.0,4.0,4.0,4.0,1.0,2.0,1.0
1903,24/06/2026,city scrape,Room in Orleans,Sobia,"Ottawa, Canada",t,t,Cumberland,Private room in home,Private room,24/06/2026,25/06/2026,t,24/06/2026,11/01/2025,23/06/2026,2.0,1.0,1.0,9.0,3.0,45.0,-75.0,1.0,1.0,2.0,1.0,77.0,77.0,77.0,1.0,28.0,28.0,58.0,88.0,178.0,42.0,25.0,31.0,4.0,4.0,4.0,4.0,4.0,4.0,2.0,3.0,0.0
1904,24/06/2026,city scrape,Comfort Meets Value: Weekly Stay,Funmi,"Ottawa, Canada",t,t,Stittsville-Kanata West,Private room in home,Private room,01/07/2026,08/07/2026,t,24/06/2026,30/07/2025,31/05/2026,7.0,6.0,3.0,6.0,2.0,45.0,-75.0,2.0,1.0,2.0,1.0,103.0,1626.0,103.0,30.0,365.0,12.0,29.0,53.0,235.5,22.0,1.0,1.0,4.0,4.0,4.0,4.0,4.0,4.0,1.0,2.0,1.0
1905,02/07/2026,previous scrape,Alterra - York Gateaway,Christopher,"Ottawa, Canada",f,t,Rideau-Vanier,Entire rental unit,Entire home/apt,0000-00-00,"""0000-00-00""",t,02/07/2026,10,10,8.0,10.0,8.0,6.0,5.0,45.0,-75.0,4.0,1.0,1.0,2.0,173.0,2246.0,173.0,30.0,365.0,0.0,0.0,0.0,0.0,0.0,0.0,0.0,4.0,4.0,4.0,4.0,4.0,4.0,1.0,3.0,3.0
1906,24/06/2026,city scrape,Studio apartment in Ottawa,Jay,"Ottawa, Canada",f,t,Rideau-Vanier,Entire rental unit,Entire home/apt,29/06/2026,30/06/2026,t,24/06/2026,24/12/2024,26/05/2026,7.0,6.0,3.0,6.0,2.0,45.0,-75.0,2.0,1.0,2.0,1.0,103.0,1626.0,103.0,30.0,365.0,12.0,29.0,53.0,235.5,22.0,1.0,1.0,4.0,4.0,4.0,4.0,4.0,4.0,1.0,2.0,1.0
1907,24/06/2026,city scrape,Quiet private space in Orleans,Veronique,"Ottawa, Canada",t,t,Orleans,Private room in home,Private room,29/06/2026,30/06/2026,t,24/06/2026,19/04/2025,20/06/2026,7.0,6.0,3.0,6.0,2.0,45.0,-75.0,2.0,1.0,2.0,1.0,103.0,1626.0,103.0,30.0,365.0,12.0,29.0,53.0,235.5,22.0,1.0,1.0,4.0,4.0,4.0,4.0,4.0,4.0,1.0,2.0,1.0
1908,24/06/2026,city scrape,Warm and Inviting Room to Stay,Seynabou,"Ottawa, Canada",f,t,Beacon Hill-Cyrville,Private room in rental unit,Private room,24/06/2026,24/07/2026,t,24/06/2026,10,10,7.0,6.0,3.0,6.0,2.0,45.0,-75.0,2.0,1.0,2.0,1.0,103.0,1626.0,103.0,30.0,365.0,12.0,29.0,53.0,235.5,22.0,1.0,1.0,4.0,4.0,4.0,4.0,4.0,4.0,1.0,2.0,1.0
1909,24/06/2026,city scrape,Paris Home Away From Home Studio,Lillian,"Windsor, Canada",f,t,Rideau-Vanier,Entire rental unit,Entire home/apt,24/06/2026,24/07/2026,f,24/06/2026,10,10,9.0,11.0,1.0,6.0,1.0,45.0,-75.0,2.0,1.0,2.0,1.0,173.0,2246.0,173.0,30.0,45.0,30.0,60.0,90.0,180.0,0.0,0.0,0.0,4.0,4.0,4.0,4.0,4.0,4.0,1.0,1.0,1.0
1910,24/06/2026,city scrape,End-unit Town in Stonebridge,Maggie,"Ottawa, Canada",t,t,Barrhaven,Entire home,Entire home/apt,02/10/2026,01/11/2026,t,24/06/2026,20/04/2025,28/02/2026,7.0,6.0,3.0,6.0,2.0,45.0,-75.0,2.0,1.0,2.0,1.0,103.0,1626.0,103.0,30.0,365.0,12.0,29.0,53.0,235.5,22.0,1.0,1.0,4.0,4.0,4.0,4.0,4.0,4.0,1.0,2.0,1.0
1911,24/06/2026,city scrape,2bed2bath in Kanata Stittsville,Maggie,"Ottawa, Canada",t,t,Kanata South,Entire home,Entire home/apt,24/06/2026,24/07/2026,t,24/06/2026,17/02/2025,03/04/2026,7.0,6.0,3.0,6.0,2.0,45.0,-75.0,2.0,1.0,2.0,1.0,103.0,1626.0,103.0,30.0,365.0,12.0,29.0,53.0,235.5,22.0,1.0,1.0,4.0,4.0,4.0,4.0,4.0,4.0,1.0,2.0,1.0
1912,02/07/2026,previous scrape,Private spacious beautiful room,Thao,"Ottawa, Canada",t,t,Barrhaven,Private room in home,Private room,0000-00-00,"""0000-00-00""",t,02/07/2026,17/08/2025,17/08/2025,7.0,6.0,3.0,6.0,2.0,45.0,-75.0,2.0,1.0,2.0,1.0,103.0,1626.0,103.0,30.0,365.0,12.0,29.0,53.0,235.5,22.0,1.0,1.0,4.0,4.0,4.0,4.0,4.0,4.0,1.0,2.0,1.0
1913,24/06/2026,city scrape,"10 min from airport,",Manuchehar,"Ottawa, Canada",f,t,Gloucester-South Nepean,Private room in home,Private room,24/06/2026,24/07/2026,t,24/06/2026,10,10,4.0,8.0,1.0,6.0,1.0,45.0,-75.0,2.0,1.0,2.0,1.0,65.0,1964.0,65.0,30.0,365.0,30.0,60.0,90.0,365.0,0.0,0.0,0.0,4.0,4.0,4.0,4.0,4.0,4.0,1.0,1.0,0.0
1914,24/06/2026,city scrape,Room for rent - Ottawa,Xiaolan,"Ottawa, Canada",f,t,College,Private room in home,Private room,26/06/2026,26/07/2026,t,24/06/2026,10,10,11.0,1.0,11.0,1.0,3.0,45.0,-75.0,1.0,1.0,2.0,1.0,57.0,1726.0,57.0,30.0,365.0,28.0,58.0,88.0,363.0,0.0,0.0,0.0,4.0,4.0,4.0,4.0,4.0,4.0,1.0,3.0,0.0
1915,24/06/2026,city scrape,Room - Ottawa - Algonquin,Xiaolan,"Ottawa, Canada",f,t,College,Private room in home,Private room,26/06/2026,26/07/2026,t,24/06/2026,10,10,11.0,1.0,11.0,1.0,3.0,45.0,-75.0,1.0,1.0,2.0,1.0,82.0,2489.0,82.0,30.0,365.0,28.0,58.0,88.0,363.0,0.0,0.0,0.0,4.0,4.0,4.0,4.0,4.0,4.0,1.0,3.0,0.0
1916,24/06/2026,city scrape,2 Rooms-Kitchen and living room,Xiaolan,"Ottawa, Canada",f,t,College,Private room in home,Private room,26/06/2026,26/07/2026,t,24/06/2026,10,10,11.0,1.0,11.0,1.0,3.0,45.0,-75.0,2.0,1.0,2.0,2.0,110.0,3319.0,110.0,30.0,365.0,28.0,58.0,88.0,363.0,0.0,0.0,0.0,4.0,4.0,4.0,4.0,4.0,4.0,1.0,3.0,0.0
1917,02/07/2026,previous scrape,Central funky century suite,Phedra,"Ottawa, Canada",t,t,Somerset,Entire rental unit,Entire home/apt,0000-00-00,"""0000-00-00""",t,02/07/2026,16/03/2025,10/04/2026,7.0,6.0,3.0,6.0,2.0,45.0,-75.0,2.0,1.0,2.0,1.0,103.0,1626.0,103.0,30.0,365.0,12.0,29.0,53.0,235.5,22.0,1.0,1.0,4.0,4.0,4.0,4.0,4.0,4.0,1.0,2.0,1.0
1918,02/07/2026,previous scrape,Bungalow with private backyard near airport,Mihai,"Ottawa, Canada",f,t,Gloucester-Southgate,Entire home,Entire home/apt,30/09/2026,03/10/2026,t,02/07/2026,06/01/2025,29/06/2026,7.0,6.0,3.0,6.0,2.0,45.0,-75.0,2.0,1.0,2.0,1.0,103.0,1626.0,103.0,30.0,365.0,12.0,29.0,53.0,235.5,22.0,1.0,1.0,4.0,4.0,4.0,4.0,4.0,4.0,1.0,2.0,1.0
1919,24/06/2026,city scrape,"Luxurious 2BR Apt with Gym, Near Remic Rapids Park",Corporate Stays,"Montreal, Canada",f,f,Kitchissippi,Entire rental unit,Entire home/apt,14/08/2026,13/09/2026,t,24/06/2026,20/12/2025,02/01/2026,7.0,6.0,3.0,6.0,2.0,45.0,-75.0,2.0,1.0,2.0,1.0,103.0,1626.0,103.0,30.0,365.0,12.0,29.0,53.0,235.5,22.0,1.0,1.0,4.0,4.0,4.0,4.0,4.0,4.0,1.0,2.0,1.0
1920,24/06/2026,city scrape,Furnished rooms close to dt,Vijitharan,"Ottawa, Canada",f,t,Rideau-Rockcliffe,Private room in rental unit,Private room,24/06/2026,24/07/2026,t,24/06/2026,10,10,4.0,4.0,4.0,4.0,1.0,45.0,-75.0,6.0,1.0,3.0,3.0,61.0,1858.0,61.0,30.0,365.0,30.0,60.0,90.0,365.0,0.0,0.0,0.0,4.0,4.0,4.0,4.0,4.0,4.0,1.0,1.0,0.0
1921,24/06/2026,city scrape,Apartment in Ottawa,Alechia,"Ottawa, Canada",f,t,Gloucester-South Nepean,Entire home,Entire home/apt,24/06/2026,25/06/2026,t,24/06/2026,26/01/2025,19/06/2026,2.0,6.0,2.0,6.0,1.0,45.0,-75.0,4.0,1.0,2.0,3.0,229.0,229.0,229.0,1.0,365.0,19.0,47.0,77.0,352.0,38.0,27.0,27.0,4.0,4.0,4.0,4.0,4.0,4.0,2.0,1.0,1.0
1922,24/06/2026,city scrape,Beautiful Modern End Unit Townhome,Salma,"Ottawa, Canada",t,t,Kanata North,Entire townhouse,Entire home/apt,06/07/2026,09/07/2026,t,24/06/2026,02/01/2025,28/05/2026,7.0,6.0,3.0,6.0,2.0,45.0,-75.0,2.0,1.0,2.0,1.0,103.0,1626.0,103.0,30.0,365.0,12.0,29.0,53.0,235.5,22.0,1.0,1.0,4.0,4.0,4.0,4.0,4.0,4.0,1.0,2.0,1.0
1923,24/06/2026,city scrape,Apartment unit in the country,Asim,"Ottawa, Canada",t,t,Rideau-Goulbourn,Entire guest suite,Entire home/apt,09/07/2026,10/07/2026,t,24/06/2026,18/05/2025,02/03/2026,7.0,6.0,3.0,6.0,2.0,45.0,-75.0,2.0,1.0,2.0,1.0,103.0,1626.0,103.0,30.0,365.0,12.0,29.0,53.0,235.5,22.0,1.0,1.0,4.0,4.0,4.0,4.0,4.0,4.0,1.0,2.0,1.0
1924,24/06/2026,city scrape,Private Cozy Suite w/ Sauna & Espresso,Miles,"Ottawa, Canada",t,t,College,Entire rental unit,Entire home/apt,24/06/2026,25/06/2026,t,24/06/2026,19/04/2025,15/06/2026,7.0,6.0,3.0,6.0,2.0,45.0,-75.0,2.0,1.0,2.0,1.0,103.0,1626.0,103.0,30.0,365.0,12.0,29.0,53.0,235.5,22.0,1.0,1.0,4.0,4.0,4.0,4.0,4.0,4.0,1.0,2.0,1.0
1925,24/06/2026,city scrape,Cozy Room Tokyo - Shared Bath,Will,"Ottawa, Canada",t,t,Rideau-Goulbourn,Private room in home,Private room,03/07/2026,04/07/2026,t,24/06/2026,23/12/2024,21/06/2026,7.0,6.0,3.0,6.0,2.0,45.0,-75.0,2.0,1.0,2.0,1.0,103.0,1626.0,103.0,30.0,365.0,12.0,29.0,53.0,235.5,22.0,1.0,1.0,4.0,4.0,4.0,4.0,4.0,4.0,1.0,2.0,1.0
1926,24/06/2026,city scrape,Single Room - Ottawa Centre Area,Zhi Qing Xie,"Toronto, Canada",t,t,Rideau-Rockcliffe,Private room in home,Private room,31/10/2026,30/11/2026,t,24/06/2026,18/04/2025,27/02/2026,3.0,5.0,2.0,10.0,3.0,45.0,-75.0,1.0,1.0,2.0,1.0,43.0,1308.0,43.0,30.0,365.0,13.0,21.0,21.0,257.0,5.0,4.0,4.0,4.0,4.0,4.0,4.0,4.0,4.0,0.0,2.0,0.0
1927,02/07/2026,previous scrape,Newly Renovated Modern Studio,Prea,"Toronto, Canada",t,t,College,Entire home,Entire home/apt,0000-00-00,"""0000-00-00""",t,02/07/2026,01/03/2025,01/03/2025,7.0,6.0,3.0,6.0,2.0,45.0,-75.0,2.0,1.0,2.0,1.0,103.0,1626.0,103.0,30.0,365.0,12.0,29.0,53.0,235.5,22.0,1.0,1.0,4.0,4.0,4.0,4.0,4.0,4.0,1.0,2.0,1.0
1928,24/06/2026,city scrape,Stittsville's Walkout BSM Suite,Trudy,"Ottawa, Canada",t,t,Rideau-Goulbourn,Entire rental unit,Entire home/apt,29/06/2026,01/07/2026,t,24/06/2026,01/01/2025,31/05/2026,7.0,6.0,3.0,6.0,2.0,45.0,-75.0,2.0,1.0,2.0,1.0,103.0,1626.0,103.0,30.0,365.0,12.0,29.0,53.0,235.5,22.0,1.0,1.0,4.0,4.0,4.0,4.0,4.0,4.0,1.0,2.0,1.0
1929,24/06/2026,city scrape,Luxury Single Home Near Airport & Downtown,Rizy Fareed,"Ottawa, Canada",f,t,Gloucester-South Nepean,Entire home,Entire home/apt,24/06/2026,25/06/2026,t,24/06/2026,23/12/2024,21/06/2026,7.0,6.0,3.0,6.0,2.0,45.0,-75.0,2.0,1.0,2.0,1.0,103.0,1626.0,103.0,30.0,365.0,12.0,29.0,53.0,235.5,22.0,1.0,1.0,4.0,4.0,4.0,4.0,4.0,4.0,1.0,2.0,1.0
1930,24/06/2026,city scrape,Private room (#1) in the heart of Ottawa THE GLEBE,Maysa,"Ottawa, Canada",t,t,Capital,Private room in home,Private room,04/07/2026,07/07/2026,t,24/06/2026,06/05/2025,13/06/2026,7.0,6.0,3.0,6.0,2.0,45.0,-75.0,2.0,1.0,2.0,1.0,103.0,1626.0,103.0,30.0,365.0,12.0,29.0,53.0,235.5,22.0,1.0,1.0,4.0,4.0,4.0,4.0,4.0,4.0,1.0,2.0,1.0
1931,24/06/2026,city scrape,Hintonburg Hidden Gem!,Michael,"Ottawa, Canada",t,t,Kitchissippi,Entire home,Entire home/apt,19/09/2026,19/10/2026,t,24/06/2026,01/04/2025,03/01/2026,7.0,6.0,3.0,6.0,2.0,45.0,-75.0,2.0,1.0,2.0,1.0,103.0,1626.0,103.0,30.0,365.0,12.0,29.0,53.0,235.5,22.0,1.0,1.0,4.0,4.0,4.0,4.0,4.0,4.0,1.0,2.0,1.0
1932,24/06/2026,city scrape,Charming Room (#2) by the CANAL in the GLEBE,Maysa,"Ottawa, Canada",t,t,Capital,Private room in home,Private room,08/08/2026,13/08/2026,t,24/06/2026,29/04/2025,04/06/2026,8.0,10.0,2.0,0.0,4.0,45.0,-75.0,2.0,1.0,2.0,1.0,75.0,377.0,75.0,5.0,365.0,0.0,13.0,13.0,47.0,27.0,25.0,10.0,4.0,4.0,4.0,5.0,4.0,4.0,1.0,3.0,0.0
1933,24/06/2026,city scrape,Central Canal 2 Bdr parking,Tatiana,"Ottawa, Canada",t,t,Capital,Entire rental unit,Entire home/apt,25/12/2026,24/01/2027,t,24/06/2026,09/05/2025,09/05/2025,7.0,6.0,3.0,6.0,2.0,45.0,-75.0,2.0,1.0,2.0,1.0,103.0,1626.0,103.0,30.0,365.0,12.0,29.0,53.0,235.5,22.0,1.0,1.0,4.0,4.0,4.0,4.0,4.0,4.0,1.0,2.0,1.0
1934,24/06/2026,city scrape,KS03 Home-King size Bed -15min to downtown Ottawa,Santa,"Ottawa, Canada",t,t,Orleans,Entire guesthouse,Entire home/apt,02/07/2026,03/07/2026,t,24/06/2026,29/12/2024,15/06/2026,7.0,6.0,3.0,6.0,2.0,45.0,-75.0,2.0,1.0,2.0,1.0,103.0,1626.0,103.0,30.0,365.0,12.0,29.0,53.0,235.5,22.0,1.0,1.0,4.0,4.0,4.0,4.0,4.0,4.0,1.0,2.0,1.0
1935,24/06/2026,city scrape,Joyous Room,Ademola,"Ottawa, Canada",t,t,Innes,Private room in home,Private room,25/06/2026,26/06/2026,t,24/06/2026,01/01/2025,21/06/2026,7.0,6.0,3.0,6.0,2.0,45.0,-75.0,2.0,1.0,2.0,1.0,103.0,1626.0,103.0,30.0,365.0,12.0,29.0,53.0,235.5,22.0,1.0,1.0,4.0,4.0,4.0,4.0,4.0,4.0,1.0,2.0,1.0
1936,24/06/2026,city scrape,"Cozy Room(#3) in the GLEBE, in the heart of Ottawa",Maysa,"Ottawa, Canada",t,t,Capital,Private room in home,Private room,02/07/2026,04/07/2026,t,24/06/2026,01/05/2025,16/06/2026,8.0,10.0,2.0,0.0,4.0,45.0,-75.0,2.0,1.0,2.0,1.0,120.0,241.0,120.0,2.0,365.0,8.0,30.0,60.0,141.0,46.0,40.0,28.0,4.0,4.0,4.0,4.0,4.0,4.0,3.0,3.0,0.0
1937,02/07/2026,previous scrape,3BR Cozy Home Near General hospital/CHEO,Daniel,"Ottawa, Canada",f,t,Alta Vista,Entire home,Entire home/apt,0000-00-00,"""0000-00-00""",t,02/07/2026,11/04/2025,05/04/2026,1.0,6.0,1.0,6.0,1.0,45.0,-75.0,5.0,1.0,3.0,2.0,173.0,2246.0,173.0,2.0,90.0,0.0,0.0,0.0,0.0,19.0,16.0,13.0,4.0,4.0,4.0,4.0,4.0,4.0,1.0,1.0,1.0
1938,24/06/2026,city scrape,Single bedroom with private bath,Hitee,"Ottawa, Canada",t,t,Gloucester-South Nepean,Private room in condo,Private room,03/08/2026,04/08/2026,t,24/06/2026,20/01/2025,21/05/2026,7.0,6.0,3.0,6.0,2.0,45.0,-75.0,2.0,1.0,2.0,1.0,103.0,1626.0,103.0,30.0,365.0,12.0,29.0,53.0,235.5,22.0,1.0,1.0,4.0,4.0,4.0,4.0,4.0,4.0,1.0,2.0,1.0
1939,02/07/2026,previous scrape,Beautiful room besides college,Yoyo Cozy Stay,"Ottawa, Canada",f,t,College,Private room in townhouse,Private room,04/08/2026,03/09/2026,t,02/07/2026,10,10,5.0,7.0,3.0,8.0,4.0,45.0,-75.0,1.0,1.0,1.0,2.0,30.0,907.0,30.0,30.0,365.0,0.0,27.0,57.0,182.0,0.0,0.0,0.0,4.0,4.0,4.0,4.0,4.0,4.0,1.0,4.0,0.0
1940,24/06/2026,city scrape,luxury 2 bedrooms suite close to Rideau canal,David,"Ottawa, Canada",f,t,River,Entire rental unit,Entire home/apt,08/07/2026,07/08/2026,t,24/06/2026,10,10,10.0,9.0,10.0,7.0,1.0,45.0,-75.0,3.0,1.0,2.0,2.0,120.0,3601.0,120.0,30.0,1125.0,16.0,46.0,76.0,351.0,0.0,0.0,0.0,4.0,4.0,4.0,4.0,4.0,4.0,1.0,1.0,1.0
1941,24/06/2026,city scrape,Cozy 2-Bedroom Home in Ottawa.,Bareq,"Ottawa, Canada",f,t,Gloucester-Southgate,Private room in home,Private room,24/06/2026,25/07/2026,t,24/06/2026,10,10,2.0,9.0,1.0,5.0,1.0,45.0,-75.0,3.0,1.0,2.0,2.0,97.0,3022.0,97.0,31.0,365.0,30.0,60.0,90.0,365.0,0.0,0.0,0.0,4.0,4.0,4.0,4.0,4.0,4.0,1.0,1.0,0.0
1942,24/06/2026,city scrape,The New Eddy - 2 BR apartment,Sunny,"Ottawa, Canada",f,t,Rideau-Rockcliffe,Entire rental unit,Entire home/apt,24/06/2026,24/07/2026,t,24/06/2026,10,10,14.0,3.0,11.0,11.0,1.0,45.0,-75.0,5.0,1.0,2.0,2.0,145.0,4353.0,145.0,30.0,365.0,30.0,60.0,90.0,365.0,0.0,0.0,0.0,4.0,4.0,4.0,4.0,4.0,4.0,1.0,1.0,1.0
1943,24/06/2026,city scrape,"Quiet Area, Beautiful Room View",Nitin,"Ottawa, Canada",f,t,Rideau-Goulbourn,Private room in home,Private room,26/06/2026,26/07/2026,f,24/06/2026,10,10,9.0,1.0,1.0,4.0,1.0,45.0,-75.0,2.0,1.0,2.0,1.0,173.0,2246.0,173.0,30.0,40.0,28.0,58.0,88.0,363.0,0.0,0.0,0.0,4.0,4.0,4.0,4.0,4.0,4.0,1.0,1.0,0.0
1944,24/06/2026,city scrape,Mildness Room,Ademola,"Ottawa, Canada",t,t,Innes,Private room in home,Private room,24/06/2026,25/06/2026,t,24/06/2026,03/02/2025,12/06/2026,7.0,6.0,3.0,6.0,2.0,45.0,-75.0,2.0,1.0,2.0,1.0,103.0,1626.0,103.0,30.0,365.0,12.0,29.0,53.0,235.5,22.0,1.0,1.0,4.0,4.0,4.0,4.0,4.0,4.0,1.0,2.0,1.0
1945,24/06/2026,city scrape,Brandnew Townhome,Short And Suite BnB,"Ottawa, Canada",t,t,Rideau-Vanier,Entire rental unit,Entire home/apt,12/10/2026,11/11/2026,t,24/06/2026,07/08/2025,17/01/2026,7.0,6.0,3.0,6.0,2.0,45.0,-75.0,2.0,1.0,2.0,1.0,103.0,1626.0,103.0,30.0,365.0,12.0,29.0,53.0,235.5,22.0,1.0,1.0,4.0,4.0,4.0,4.0,4.0,4.0,1.0,2.0,1.0
1946,24/06/2026,city scrape,2bd Apartment w/ parking&laundry,Herbert,"Ottawa, Canada",t,t,Rideau-Rockcliffe,Entire rental unit,Entire home/apt,01/10/2026,31/10/2026,t,24/06/2026,30/03/2025,29/08/2025,7.0,6.0,3.0,6.0,2.0,45.0,-75.0,2.0,1.0,2.0,1.0,103.0,1626.0,103.0,30.0,365.0,12.0,29.0,53.0,235.5,22.0,1.0,1.0,4.0,4.0,4.0,4.0,4.0,4.0,1.0,2.0,1.0
1947,24/06/2026,city scrape,Santa Maria Suites | Pure Comfort,Joe,"Ottawa, Canada",t,t,Beacon Hill-Cyrville,Entire guest suite,Entire home/apt,24/06/2026,26/06/2026,t,24/06/2026,17/02/2025,17/06/2026,7.0,6.0,3.0,6.0,2.0,45.0,-75.0,2.0,1.0,2.0,1.0,103.0,1626.0,103.0,30.0,365.0,12.0,29.0,53.0,235.5,22.0,1.0,1.0,4.0,4.0,4.0,4.0,4.0,4.0,1.0,2.0,1.0
1948,24/06/2026,city scrape,Centretown Penthouse | Private Rooftop | Home Gym,Tracey & Aahil,"Toronto, Canada",t,t,Somerset,Entire condo,Entire home/apt,15/09/2026,18/09/2026,t,24/06/2026,27/02/2025,28/05/2026,7.0,6.0,3.0,6.0,2.0,45.0,-75.0,2.0,1.0,2.0,1.0,103.0,1626.0,103.0,30.0,365.0,12.0,29.0,53.0,235.5,22.0,1.0,1.0,4.0,4.0,4.0,4.0,4.0,4.0,1.0,2.0,1.0
1949,24/06/2026,city scrape,Ottawa/Nepean Private Room 1 (book at least 30 n),Khanh,"Ottawa, Canada",f,t,Knoxdale-Merivale,Private room in home,Private room,24/06/2026,24/07/2026,t,24/06/2026,05/06/2026,05/06/2026,7.0,6.0,3.0,6.0,2.0,45.0,-75.0,2.0,1.0,2.0,1.0,103.0,1626.0,103.0,30.0,365.0,12.0,29.0,53.0,235.5,22.0,1.0,1.0,4.0,4.0,4.0,4.0,4.0,4.0,1.0,2.0,1.0
1950,24/06/2026,city scrape,Central Ottawa One Bedroom with Private Balcony,Angela,"Ottawa, Canada",f,t,Somerset,Entire rental unit,Entire home/apt,09/08/2026,08/09/2026,t,24/06/2026,09/04/2025,11/10/2025,7.0,6.0,3.0,6.0,2.0,45.0,-75.0,2.0,1.0,2.0,1.0,103.0,1626.0,103.0,30.0,365.0,12.0,29.0,53.0,235.5,22.0,1.0,1.0,4.0,4.0,4.0,4.0,4.0,4.0,1.0,2.0,1.0
1951,02/07/2026,previous scrape,Downtown Basement Studio + Parking,Hang,"Ottawa, Canada",t,t,Somerset,Entire rental unit,Entire home/apt,07/07/2026,08/07/2026,t,02/07/2026,27/01/2025,26/06/2026,7.0,6.0,3.0,6.0,2.0,45.0,-75.0,2.0,1.0,2.0,1.0,103.0,1626.0,103.0,30.0,365.0,12.0,29.0,53.0,235.5,22.0,1.0,1.0,4.0,4.0,4.0,4.0,4.0,4.0,1.0,2.0,1.0
1952,24/06/2026,city scrape,Luxe Apt | KING SIZE BED | near CHEO & TrainYards,Eduji,"Ottawa, Canada",t,t,Alta Vista,Entire condo,Entire home/apt,24/06/2026,26/06/2026,t,24/06/2026,06/03/2025,07/06/2026,7.0,6.0,3.0,6.0,2.0,45.0,-75.0,2.0,1.0,2.0,1.0,103.0,1626.0,103.0,30.0,365.0,12.0,29.0,53.0,235.5,22.0,1.0,1.0,4.0,4.0,4.0,4.0,4.0,4.0,1.0,2.0,1.0
1953,24/06/2026,city scrape,"2 beds+ rooftop, 1 parking and 1 bath + laundry",Omar,"Ottawa, Canada",t,t,Rideau-Vanier,Entire rental unit,Entire home/apt,08/07/2026,07/08/2026,t,24/06/2026,01/09/2025,29/04/2026,7.0,6.0,3.0,6.0,2.0,45.0,-75.0,2.0,1.0,2.0,1.0,103.0,1626.0,103.0,30.0,365.0,12.0,29.0,53.0,235.5,22.0,1.0,1.0,4.0,4.0,4.0,4.0,4.0,4.0,1.0,2.0,1.0
1954,24/06/2026,city scrape,3bd 2.5bt Single family home,STR Hosting,"Ottawa, Canada",f,t,Gloucester-Southgate,Entire home,Entire home/apt,05/07/2026,07/07/2026,t,24/06/2026,06/04/2025,19/06/2026,7.0,6.0,3.0,6.0,2.0,45.0,-75.0,2.0,1.0,2.0,1.0,103.0,1626.0,103.0,30.0,365.0,12.0,29.0,53.0,235.5,22.0,1.0,1.0,4.0,4.0,4.0,4.0,4.0,4.0,1.0,2.0,1.0
1955,24/06/2026,city scrape,Shared Home - Room in Prime Area,Mehnaz,"Ottawa, Canada",f,t,Gloucester-Southgate,Private room in home,Private room,27/06/2026,27/07/2026,t,24/06/2026,10,10,1.0,5.0,1.0,5.0,3.0,45.0,-75.0,1.0,1.0,2.0,1.0,33.0,996.0,33.0,30.0,365.0,27.0,57.0,87.0,267.0,0.0,0.0,0.0,4.0,4.0,4.0,4.0,4.0,4.0,1.0,2.0,0.0
1956,24/06/2026,city scrape,Orleans cozy corner,Chantal,"Ottawa, Canada",t,t,Orleans,Entire rental unit,Entire home/apt,22/09/2026,24/09/2026,t,24/06/2026,22/02/2025,23/06/2026,7.0,6.0,3.0,6.0,2.0,45.0,-75.0,2.0,1.0,2.0,1.0,103.0,1626.0,103.0,30.0,365.0,12.0,29.0,53.0,235.5,22.0,1.0,1.0,4.0,4.0,4.0,4.0,4.0,4.0,1.0,2.0,1.0
1957,24/06/2026,city scrape,Cozy Modern Studio: Little Italy,Short And Suite BnB,"Ottawa, Canada",t,t,Somerset,Entire rental unit,Entire home/apt,25/06/2026,25/07/2026,t,24/06/2026,09/03/2025,13/12/2025,7.0,6.0,3.0,6.0,2.0,45.0,-75.0,2.0,1.0,2.0,1.0,103.0,1626.0,103.0,30.0,365.0,12.0,29.0,53.0,235.5,22.0,1.0,1.0,4.0,4.0,4.0,4.0,4.0,4.0,1.0,2.0,1.0
1958,24/06/2026,city scrape,Spacious Room in Ottawa Centre,Mehnaz,"Ottawa, Canada",f,t,Gloucester-Southgate,Entire home,Entire home/apt,24/06/2026,24/07/2026,t,24/06/2026,10,10,8.0,7.0,1.0,5.0,4.0,45.0,-75.0,1.0,1.0,1.0,1.0,36.0,1097.0,36.0,30.0,365.0,30.0,60.0,90.0,90.0,0.0,0.0,0.0,4.0,4.0,4.0,4.0,4.0,4.0,1.0,2.0,1.0
1959,24/06/2026,city scrape,Luxury 1 bed 1 bath apartment.,Omar,"Ottawa, Canada",t,t,Rideau-Vanier,Entire rental unit,Entire home/apt,31/07/2026,30/08/2026,t,24/06/2026,01/09/2025,01/09/2025,7.0,6.0,3.0,6.0,2.0,45.0,-75.0,2.0,1.0,2.0,1.0,103.0,1626.0,103.0,30.0,365.0,12.0,29.0,53.0,235.5,22.0,1.0,1.0,4.0,4.0,4.0,4.0,4.0,4.0,1.0,2.0,1.0
1960,24/06/2026,city scrape,Private room steps Uottawa Walk Downtown,Carlos,"Ottawa, Canada",f,t,Rideau-Vanier,Private room in home,Private room,24/06/2026,24/07/2026,t,24/06/2026,11/05/2025,25/05/2025,7.0,6.0,3.0,6.0,2.0,45.0,-75.0,2.0,1.0,2.0,1.0,103.0,1626.0,103.0,30.0,365.0,12.0,29.0,53.0,235.5,22.0,1.0,1.0,4.0,4.0,4.0,4.0,4.0,4.0,1.0,2.0,1.0
1961,24/06/2026,city scrape,Small Room Steps UOttawa 7 Mins Walk Rideau Center,Frits,"Mexicali, Mexico",f,t,Rideau-Vanier,Private room in rental unit,Private room,24/06/2026,24/07/2026,t,24/06/2026,25/08/2025,25/08/2025,7.0,6.0,3.0,6.0,2.0,45.0,-75.0,2.0,1.0,2.0,1.0,103.0,1626.0,103.0,30.0,365.0,12.0,29.0,53.0,235.5,22.0,1.0,1.0,4.0,4.0,4.0,4.0,4.0,4.0,1.0,2.0,1.0
1962,24/06/2026,city scrape,Cozy Private Bedroom En-suite,Nimish,"Ottawa, Canada",f,t,River,Private room in home,Private room,24/06/2026,24/07/2026,t,24/06/2026,10,10,4.0,0.0,1.0,4.0,2.0,45.0,-75.0,1.0,1.0,2.0,1.0,108.0,3245.0,108.0,30.0,365.0,30.0,60.0,90.0,365.0,0.0,0.0,0.0,4.0,4.0,4.0,4.0,4.0,4.0,1.0,2.0,0.0
1963,24/06/2026,city scrape,Coral Sunset,Shanda,"Ottawa, Canada",t,t,Barrhaven,Entire home,Entire home/apt,08/11/2026,08/12/2026,t,24/06/2026,01/04/2025,01/06/2026,7.0,6.0,3.0,6.0,2.0,45.0,-75.0,2.0,1.0,2.0,1.0,103.0,1626.0,103.0,30.0,365.0,12.0,29.0,53.0,235.5,22.0,1.0,1.0,4.0,4.0,4.0,4.0,4.0,4.0,1.0,2.0,1.0
1964,24/06/2026,city scrape,Suite Caroline,Donna,"Ottawa, Canada",f,t,Kitchissippi,Entire rental unit,Entire home/apt,01/09/2026,03/09/2026,t,24/06/2026,10/10/2025,18/04/2026,7.0,6.0,3.0,6.0,2.0,45.0,-75.0,2.0,1.0,2.0,1.0,103.0,1626.0,103.0,30.0,365.0,12.0,29.0,53.0,235.5,22.0,1.0,1.0,4.0,4.0,4.0,4.0,4.0,4.0,1.0,2.0,1.0
1965,24/06/2026,city scrape,"New, Stylish One Bedroom Retreat",Andrea,"Ottawa, Canada",t,t,Alta Vista,Entire guest suite,Entire home/apt,18/07/2026,20/07/2026,t,24/06/2026,30/09/2025,22/06/2026,3.0,11.0,1.0,2.0,1.0,45.0,-75.0,2.0,1.0,1.0,1.0,160.0,321.0,160.0,2.0,180.0,6.0,12.0,12.0,183.0,22.0,22.0,9.0,4.0,4.0,5.0,5.0,4.0,4.0,2.0,1.0,1.0
1966,24/06/2026,city scrape,Feel At Home,Idowu,"Ottawa, Canada",f,t,Alta Vista,Entire home,Entire home/apt,27/07/2026,26/08/2026,t,24/06/2026,10,10,9.0,7.0,1.0,4.0,1.0,45.0,-75.0,6.0,1.0,3.0,3.0,139.0,4187.0,139.0,30.0,365.0,3.0,30.0,60.0,335.0,0.0,0.0,0.0,4.0,4.0,4.0,4.0,4.0,4.0,1.0,1.0,1.0
1967,24/06/2026,city scrape,Calm Oasis: 2 Beds Ensuite Master Bedroom +TV,Funmi,"Ottawa, Canada",t,t,Stittsville-Kanata West,Private room in home,Private room,29/06/2026,01/07/2026,t,24/06/2026,16/02/2025,27/05/2026,7.0,6.0,3.0,6.0,2.0,45.0,-75.0,2.0,1.0,2.0,1.0,103.0,1626.0,103.0,30.0,365.0,12.0,29.0,53.0,235.5,22.0,1.0,1.0,4.0,4.0,4.0,4.0,4.0,4.0,1.0,2.0,1.0
1968,24/06/2026,city scrape,Family house perfect for newcomers,Amina,"Ottawa, Canada",f,t,Beacon Hill-Cyrville,Entire home,Entire home/apt,20/09/2026,20/10/2026,t,24/06/2026,10,10,7.0,6.0,3.0,6.0,2.0,45.0,-75.0,2.0,1.0,2.0,1.0,103.0,1626.0,103.0,30.0,365.0,12.0,29.0,53.0,235.5,22.0,1.0,1.0,4.0,4.0,4.0,4.0,4.0,4.0,1.0,2.0,1.0
1969,24/06/2026,city scrape,3 bedroom Home in Ottawa,Cheran,"Ottawa, Canada",t,t,Gloucester-South Nepean,Entire townhouse,Entire home/apt,29/06/2026,30/06/2026,t,24/06/2026,28/02/2025,31/05/2026,7.0,6.0,3.0,6.0,2.0,45.0,-75.0,2.0,1.0,2.0,1.0,103.0,1626.0,103.0,30.0,365.0,12.0,29.0,53.0,235.5,22.0,1.0,1.0,4.0,4.0,4.0,4.0,4.0,4.0,1.0,2.0,1.0
1970,24/06/2026,city scrape,Spacious detached house,Claire,"Ottawa, Canada",t,t,Cumberland,Entire home,Entire home/apt,18/07/2026,17/08/2026,t,24/06/2026,31/05/2025,28/05/2026,7.0,6.0,3.0,6.0,2.0,45.0,-75.0,2.0,1.0,2.0,1.0,103.0,1626.0,103.0,30.0,365.0,12.0,29.0,53.0,235.5,22.0,1.0,1.0,4.0,4.0,4.0,4.0,4.0,4.0,1.0,2.0,1.0
1971,24/06/2026,city scrape,Private Centretown 1BD Suite | 5MINS to Parliament,Jasmine,"Ottawa, Canada",t,t,Somerset,Entire home,Entire home/apt,30/07/2026,29/08/2026,t,24/06/2026,13/04/2025,30/11/2025,7.0,6.0,3.0,6.0,2.0,45.0,-75.0,2.0,1.0,2.0,1.0,103.0,1626.0,103.0,30.0,365.0,12.0,29.0,53.0,235.5,22.0,1.0,1.0,4.0,4.0,4.0,4.0,4.0,4.0,1.0,2.0,1.0
1972,24/06/2026,city scrape,Entire 4br Home| 15mn to DT,Nadine,Canada,t,t,Orleans,Entire home,Entire home/apt,29/06/2026,01/07/2026,t,24/06/2026,17/02/2025,22/06/2026,7.0,6.0,3.0,6.0,2.0,45.0,-75.0,2.0,1.0,2.0,1.0,103.0,1626.0,103.0,30.0,365.0,12.0,29.0,53.0,235.5,22.0,1.0,1.0,4.0,4.0,4.0,4.0,4.0,4.0,1.0,2.0,1.0
1973,24/06/2026,city scrape,Fosterbrook Parkside Retreat,Julie,"Ottawa, Canada",f,t,Barrhaven,Private room in home,Private room,02/07/2026,03/07/2026,t,24/06/2026,09/03/2025,24/12/2025,7.0,6.0,3.0,6.0,2.0,45.0,-75.0,2.0,1.0,2.0,1.0,103.0,1626.0,103.0,30.0,365.0,12.0,29.0,53.0,235.5,22.0,1.0,1.0,4.0,4.0,4.0,4.0,4.0,4.0,1.0,2.0,1.0
1974,24/06/2026,city scrape,Abbey Road Guest House,David,"Ottawa, Canada",t,t,Alta Vista,Entire home,Entire home/apt,30/07/2026,01/08/2026,t,24/06/2026,16/02/2025,21/06/2026,7.0,6.0,3.0,6.0,2.0,45.0,-75.0,2.0,1.0,2.0,1.0,103.0,1626.0,103.0,30.0,365.0,12.0,29.0,53.0,235.5,22.0,1.0,1.0,4.0,4.0,4.0,4.0,4.0,4.0,1.0,2.0,1.0
1975,02/07/2026,previous scrape,1 bdrm overlooking Ottawa river,Rachel,"Ottawa, Canada",f,t,Somerset,Entire rental unit,Entire home/apt,0000-00-00,"""0000-00-00""",t,02/07/2026,10,10,10.0,4.0,10.0,4.0,1.0,45.0,-75.0,2.0,1.0,1.0,2.0,173.0,2246.0,173.0,31.0,150.0,0.0,0.0,0.0,0.0,0.0,0.0,0.0,4.0,4.0,4.0,4.0,4.0,4.0,1.0,1.0,1.0
1976,24/06/2026,city scrape,*NEW* Luxury & Cozy Home in Central Location,Mohand,"Ottawa, Canada",t,t,Gloucester-Southgate,Entire home,Entire home/apt,16/03/2027,15/04/2027,t,24/06/2026,12/04/2025,08/03/2026,7.0,6.0,3.0,6.0,2.0,45.0,-75.0,2.0,1.0,2.0,1.0,103.0,1626.0,103.0,30.0,365.0,12.0,29.0,53.0,235.5,22.0,1.0,1.0,4.0,4.0,4.0,4.0,4.0,4.0,1.0,2.0,1.0
1977,24/06/2026,city scrape,Beautiful 3 Bed 2.5 Bath,Calvin,"Ottawa, Canada",f,t,Barrhaven,Entire home,Entire home/apt,25/06/2026,26/06/2026,t,24/06/2026,21/08/2025,21/08/2025,7.0,6.0,3.0,6.0,2.0,45.0,-75.0,2.0,1.0,2.0,1.0,103.0,1626.0,103.0,30.0,365.0,12.0,29.0,53.0,235.5,22.0,1.0,1.0,4.0,4.0,4.0,4.0,4.0,4.0,1.0,2.0,1.0
1978,24/06/2026,city scrape,4 bdrm Townhouse near Byward Market!,Laura,"Gatineau, Canada",t,t,Rideau-Vanier,Entire home,Entire home/apt,20/12/2026,19/01/2027,t,24/06/2026,10,10,7.0,6.0,3.0,6.0,2.0,45.0,-75.0,2.0,1.0,2.0,1.0,103.0,1626.0,103.0,30.0,365.0,12.0,29.0,53.0,235.5,22.0,1.0,1.0,4.0,4.0,4.0,4.0,4.0,4.0,1.0,2.0,1.0
1979,02/07/2026,previous scrape,A private basement apartment for couple/family,Dipon,"Ottawa, Canada",f,t,Rideau-Goulbourn,Private room in townhouse,Private room,0000-00-00,"""0000-00-00""",t,02/07/2026,23/08/2025,09/10/2025,6.0,11.0,0.0,10.0,1.0,45.0,-75.0,2.0,1.0,2.0,2.0,173.0,2246.0,173.0,1.0,365.0,0.0,0.0,0.0,0.0,8.0,8.0,8.0,4.0,4.0,4.0,4.0,4.0,4.0,0.0,1.0,0.0
1980,02/07/2026,previous scrape,"4Bed Pool,5min to Hospital,10min Airport,Downtown",Walid,"Ottawa, Canada",f,t,Alta Vista,Entire home,Entire home/apt,0000-00-00,"""0000-00-00""",t,02/07/2026,01/05/2025,01/05/2025,7.0,6.0,3.0,6.0,2.0,45.0,-75.0,2.0,1.0,2.0,1.0,103.0,1626.0,103.0,30.0,365.0,12.0,29.0,53.0,235.5,22.0,1.0,1.0,4.0,4.0,4.0,4.0,4.0,4.0,1.0,2.0,1.0
1981,02/07/2026,previous scrape,Basement room with private bathroom,Wei,"Ottawa, Canada",t,t,Barrhaven,Private room in guesthouse,Private room,0000-00-00,"""0000-00-00""",t,02/07/2026,13/10/2025,03/05/2026,7.0,6.0,3.0,6.0,2.0,45.0,-75.0,2.0,1.0,2.0,1.0,103.0,1626.0,103.0,30.0,365.0,12.0,29.0,53.0,235.5,22.0,1.0,1.0,4.0,4.0,4.0,4.0,4.0,4.0,1.0,2.0,1.0
1982,24/06/2026,city scrape,Charming 1 Room in a Townhouse in Kanata - Ottawa,Wale,"Ottawa, Canada",t,t,West Carleton-March,Private room in townhouse,Private room,28/06/2026,29/06/2026,t,24/06/2026,10/08/2025,10/06/2026,7.0,6.0,3.0,6.0,2.0,45.0,-75.0,2.0,1.0,2.0,1.0,103.0,1626.0,103.0,30.0,365.0,12.0,29.0,53.0,235.5,22.0,1.0,1.0,4.0,4.0,4.0,4.0,4.0,4.0,1.0,2.0,1.0
1983,24/06/2026,city scrape,Stunning 3 BedroomTownhouse,Gisele,"Ottawa, Canada",t,t,Stittsville-Kanata West,Entire home,Entire home/apt,13/07/2026,15/07/2026,t,24/06/2026,14/06/2025,22/06/2026,7.0,6.0,3.0,6.0,2.0,45.0,-75.0,2.0,1.0,2.0,1.0,103.0,1626.0,103.0,30.0,365.0,12.0,29.0,53.0,235.5,22.0,1.0,1.0,4.0,4.0,4.0,4.0,4.0,4.0,1.0,2.0,1.0
1984,24/06/2026,city scrape,Hintonburg  Wellington Village,Mary,"Ottawa, Canada",t,t,Kitchissippi,Entire home,Entire home/apt,13/07/2026,28/07/2026,t,24/06/2026,08/11/2025,22/05/2026,7.0,6.0,3.0,6.0,2.0,45.0,-75.0,2.0,1.0,2.0,1.0,103.0,1626.0,103.0,30.0,365.0,12.0,29.0,53.0,235.5,22.0,1.0,1.0,4.0,4.0,4.0,4.0,4.0,4.0,1.0,2.0,1.0
1985,24/06/2026,city scrape,Cozy Urban Escape - 3 Bedroom West End Home,Richa,"Ottawa, Canada",f,t,Stittsville-Kanata West,Entire home,Entire home/apt,31/07/2026,30/08/2026,t,24/06/2026,26/09/2025,26/09/2025,7.0,6.0,3.0,6.0,2.0,45.0,-75.0,2.0,1.0,2.0,1.0,103.0,1626.0,103.0,30.0,365.0,12.0,29.0,53.0,235.5,22.0,1.0,1.0,4.0,4.0,4.0,4.0,4.0,4.0,1.0,2.0,1.0
1986,02/07/2026,previous scrape,Charming Private Queen Room (BR2) - Kanata,Lakshya,"Ottawa, Canada",t,t,West Carleton-March,Private room in home,Private room,0000-00-00,"""0000-00-00""",t,02/07/2026,28/02/2025,15/05/2026,7.0,6.0,3.0,6.0,2.0,45.0,-75.0,2.0,1.0,2.0,1.0,103.0,1626.0,103.0,30.0,365.0,12.0,29.0,53.0,235.5,22.0,1.0,1.0,4.0,4.0,4.0,4.0,4.0,4.0,1.0,2.0,1.0
1987,24/06/2026,city scrape,Charming Private Double Bedroom (BR3) - Kanata,Lakshya,"Ottawa, Canada",t,t,West Carleton-March,Private room in home,Private room,13/09/2026,14/09/2026,t,24/06/2026,27/02/2025,15/05/2026,8.0,1.0,1.0,4.0,4.0,45.0,-75.0,1.0,1.0,2.0,1.0,94.0,94.0,94.0,1.0,60.0,0.0,0.0,9.0,9.0,21.0,10.0,16.0,4.0,4.0,4.0,4.0,4.0,4.0,1.0,4.0,1.0
1988,02/07/2026,previous scrape,Charming 3 Bedroom House - Kanata,Lakshya,"Ottawa, Canada",t,t,West Carleton-March,Entire home,Entire home/apt,0000-00-00,"""0000-00-00""",t,02/07/2026,23/03/2025,09/05/2026,8.0,1.0,1.0,4.0,4.0,45.0,-75.0,6.0,1.0,3.0,2.0,173.0,2246.0,173.0,2.0,7.0,0.0,0.0,0.0,0.0,23.0,15.0,14.0,4.0,4.0,5.0,4.0,4.0,4.0,1.0,4.0,1.0
1989,24/06/2026,city scrape,"Spacious 3 Bedroom w/ Parking, Laundry and AC",Prabhukanth Daniel,"Ottawa, Canada",f,t,College,Entire bungalow,Entire home/apt,05/07/2026,07/07/2026,t,24/06/2026,28/03/2025,11/06/2026,10.0,1.0,1.0,3.0,1.0,45.0,-75.0,5.0,1.0,3.0,3.0,298.0,597.0,298.0,2.0,1125.0,13.0,22.0,39.0,219.0,34.0,25.0,17.0,4.0,4.0,4.0,4.0,4.0,4.0,2.0,1.0,1.0
1990,24/06/2026,city scrape,Modern home|Game Room|2 Parking,Ajay,"Ottawa, Canada",t,t,Cumberland,Entire home,Entire home/apt,31/08/2026,30/09/2026,t,24/06/2026,06/05/2025,10/03/2026,7.0,6.0,3.0,6.0,2.0,45.0,-75.0,2.0,1.0,2.0,1.0,103.0,1626.0,103.0,30.0,365.0,12.0,29.0,53.0,235.5,22.0,1.0,1.0,4.0,4.0,4.0,4.0,4.0,4.0,1.0,2.0,1.0
1991,24/06/2026,city scrape,Cozy Downtown basement unit-1 bed-1 parking,Short And Suite BnB,"Ottawa, Canada",t,t,Rideau-Vanier,Entire home,Entire home/apt,02/01/2027,01/02/2027,t,24/06/2026,23/03/2025,01/10/2025,7.0,6.0,3.0,6.0,2.0,45.0,-75.0,2.0,1.0,2.0,1.0,103.0,1626.0,103.0,30.0,365.0,12.0,29.0,53.0,235.5,22.0,1.0,1.0,4.0,4.0,4.0,4.0,4.0,4.0,1.0,2.0,1.0
1992,24/06/2026,city scrape,Bright Cozy Furnished Studio,Stephanie,"Ottawa, Canada",t,t,Alta Vista,Entire home,Entire home/apt,02/08/2026,01/09/2026,t,24/06/2026,23/06/2025,26/01/2026,7.0,6.0,3.0,6.0,2.0,45.0,-75.0,2.0,1.0,2.0,1.0,103.0,1626.0,103.0,30.0,365.0,12.0,29.0,53.0,235.5,22.0,1.0,1.0,4.0,4.0,4.0,4.0,4.0,4.0,1.0,2.0,1.0
1993,24/06/2026,city scrape,Modern house with Smart T.V,Ajibola,"Ottawa, Canada",f,t,Rideau-Goulbourn,Private room in home,Private room,20/10/2026,21/10/2026,t,24/06/2026,01/03/2025,03/06/2026,7.0,6.0,3.0,6.0,2.0,45.0,-75.0,2.0,1.0,2.0,1.0,103.0,1626.0,103.0,30.0,365.0,12.0,29.0,53.0,235.5,22.0,1.0,1.0,4.0,4.0,4.0,4.0,4.0,4.0,1.0,2.0,1.0
1994,24/06/2026,city scrape,Cozy private room/ queen bed.,Anik,"Ottawa, Canada",f,t,Rideau-Rockcliffe,Private room in townhouse,Private room,24/06/2026,25/06/2026,t,24/06/2026,02/05/2025,29/05/2026,7.0,6.0,3.0,6.0,2.0,45.0,-75.0,2.0,1.0,2.0,1.0,103.0,1626.0,103.0,30.0,365.0,12.0,29.0,53.0,235.5,22.0,1.0,1.0,4.0,4.0,4.0,4.0,4.0,4.0,1.0,2.0,1.0
1995,24/06/2026,city scrape,Cozy double bed room,Anik,"Ottawa, Canada",f,t,Rideau-Rockcliffe,Private room in townhouse,Private room,24/06/2026,25/06/2026,t,24/06/2026,08/05/2025,17/06/2026,7.0,6.0,2.0,2.0,2.0,45.0,-75.0,2.0,1.0,2.0,1.0,143.0,143.0,143.0,1.0,90.0,30.0,60.0,90.0,90.0,17.0,11.0,12.0,4.0,4.0,4.0,4.0,4.0,4.0,1.0,2.0,0.0
1996,24/06/2026,city scrape,Echo - on the Canal,Joshua,"Ottawa, Canada",t,t,Capital,Entire rental unit,Entire home/apt,02/07/2026,04/07/2026,t,24/06/2026,05/03/2025,21/06/2026,7.0,6.0,3.0,6.0,2.0,45.0,-75.0,2.0,1.0,2.0,1.0,103.0,1626.0,103.0,30.0,365.0,12.0,29.0,53.0,235.5,22.0,1.0,1.0,4.0,4.0,4.0,4.0,4.0,4.0,1.0,2.0,1.0
1997,24/06/2026,city scrape,Perfect family gateway in Ottawa,Nabin,"Ottawa, Canada",f,t,Knoxdale-Merivale,Entire rental unit,Entire home/apt,24/06/2026,24/07/2026,t,24/06/2026,10,10,7.0,6.0,3.0,6.0,2.0,45.0,-75.0,2.0,1.0,2.0,1.0,103.0,1626.0,103.0,30.0,365.0,12.0,29.0,53.0,235.5,22.0,1.0,1.0,4.0,4.0,4.0,4.0,4.0,4.0,1.0,2.0,1.0
1998,24/06/2026,city scrape,*Ideal for Construction Crews * Temporary Housing,Natalie,"Ottawa, Canada",f,t,Cumberland,Entire home,Entire home/apt,30/09/2026,30/10/2026,t,24/06/2026,01/05/2025,27/03/2026,7.0,6.0,3.0,6.0,2.0,45.0,-75.0,2.0,1.0,2.0,1.0,103.0,1626.0,103.0,30.0,365.0,12.0,29.0,53.0,235.5,22.0,1.0,1.0,4.0,4.0,4.0,4.0,4.0,4.0,1.0,2.0,1.0
1999,24/06/2026,city scrape,Beautiful and charming home,Wander,"Ottawa, Canada",f,t,Rideau-Rockcliffe,Private room in home,Private room,25/06/2026,25/07/2026,f,24/06/2026,10,10,1.0,9.0,1.0,3.0,2.0,45.0,-75.0,2.0,1.0,2.0,2.0,173.0,2246.0,173.0,30.0,365.0,29.0,59.0,89.0,89.0,0.0,0.0,0.0,4.0,4.0,4.0,4.0,4.0,4.0,1.0,2.0,0.0
2000,24/06/2026,city scrape,Cozy home in the heart of Ottawa,Wander,"Ottawa, Canada",f,t,Rideau-Rockcliffe,Private room in home,Private room,25/06/2026,25/07/2026,f,24/06/2026,10,10,1.0,9.0,1.0,3.0,2.0,45.0,-75.0,2.0,1.0,2.0,1.0,173.0,2246.0,173.0,30.0,365.0,29.0,59.0,89.0,89.0,0.0,0.0,0.0,4.0,4.0,4.0,4.0,4.0,4.0,1.0,2.0,0.0
2001,24/06/2026,city scrape,Family Friendly - Bright and Cozy Basement Suite,Anna,"Ottawa, Canada",f,t,Gloucester-South Nepean,Entire guest suite,Entire home/apt,30/06/2026,01/07/2026,t,24/06/2026,29/04/2025,21/06/2026,7.0,6.0,3.0,6.0,2.0,45.0,-75.0,2.0,1.0,2.0,1.0,103.0,1626.0,103.0,30.0,365.0,12.0,29.0,53.0,235.5,22.0,1.0,1.0,4.0,4.0,4.0,4.0,4.0,4.0,1.0,2.0,1.0
2002,24/06/2026,city scrape,Cozy Private Rooms in Ottawa! (#1),Vlad,"Ottawa, Canada",f,t,Somerset,Private room in rental unit,Private room,08/07/2026,09/07/2026,t,24/06/2026,11/04/2025,12/06/2026,7.0,6.0,3.0,6.0,2.0,45.0,-75.0,2.0,1.0,2.0,1.0,103.0,1626.0,103.0,30.0,365.0,12.0,29.0,53.0,235.5,22.0,1.0,1.0,4.0,4.0,4.0,4.0,4.0,4.0,1.0,2.0,1.0
2003,24/06/2026,city scrape,Cozy Private Room in Ottawa! (#3),Vlad,"Ottawa, Canada",f,t,Somerset,Private room in rental unit,Private room,24/06/2026,25/06/2026,t,24/06/2026,08/03/2025,20/06/2026,7.0,6.0,3.0,6.0,2.0,45.0,-75.0,2.0,1.0,2.0,1.0,103.0,1626.0,103.0,30.0,365.0,12.0,29.0,53.0,235.5,22.0,1.0,1.0,4.0,4.0,4.0,4.0,4.0,4.0,1.0,2.0,1.0
2004,24/06/2026,city scrape,Cozy private room in Ottawa! (#2),Vlad,"Ottawa, Canada",f,t,Somerset,Private room in rental unit,Private room,07/07/2026,08/07/2026,t,24/06/2026,16/03/2025,20/06/2026,7.0,6.0,3.0,6.0,2.0,45.0,-75.0,2.0,1.0,2.0,1.0,103.0,1626.0,103.0,30.0,365.0,12.0,29.0,53.0,235.5,22.0,1.0,1.0,4.0,4.0,4.0,4.0,4.0,4.0,1.0,2.0,1.0
2005,24/06/2026,city scrape,Ottawa studio suite,Roxanne,"Ottawa, Canada",t,t,Rideau-Vanier,Entire rental unit,Entire home/apt,16/08/2026,15/09/2026,t,24/06/2026,09/05/2025,06/05/2026,7.0,6.0,3.0,6.0,2.0,45.0,-75.0,2.0,1.0,2.0,1.0,103.0,1626.0,103.0,30.0,365.0,12.0,29.0,53.0,235.5,22.0,1.0,1.0,4.0,4.0,4.0,4.0,4.0,4.0,1.0,2.0,1.0
2006,24/06/2026,city scrape,Modern Condo near Chinatown close to Little Italy,Charlie,"Ottawa, Canada",f,t,Somerset,Entire rental unit,Entire home/apt,28/06/2026,29/06/2026,t,24/06/2026,13/03/2025,14/06/2026,7.0,6.0,3.0,6.0,2.0,45.0,-75.0,2.0,1.0,2.0,1.0,103.0,1626.0,103.0,30.0,365.0,12.0,29.0,53.0,235.5,22.0,1.0,1.0,4.0,4.0,4.0,4.0,4.0,4.0,1.0,2.0,1.0
2007,24/06/2026,city scrape,Studio Apartment just a walk to Algonquin College,Kien V,"Ottawa, Canada",f,t,College,Entire rental unit,Entire home/apt,28/06/2026,01/07/2026,t,24/06/2026,24/03/2025,05/06/2026,3.0,9.0,3.0,9.0,1.0,45.0,-75.0,2.0,1.0,2.0,1.0,184.0,554.0,184.0,2.0,365.0,12.0,36.0,66.0,248.0,34.0,30.0,20.0,4.0,4.0,4.0,4.0,4.0,4.0,2.0,1.0,1.0
2008,24/06/2026,city scrape,King Bed Studio Apartment - Near Chinatown,Casey,"Ottawa, Canada",f,t,Somerset,Entire rental unit,Entire home/apt,25/06/2026,26/06/2026,t,24/06/2026,27/03/2025,15/06/2026,7.0,6.0,3.0,6.0,2.0,45.0,-75.0,2.0,1.0,2.0,1.0,103.0,1626.0,103.0,30.0,365.0,12.0,29.0,53.0,235.5,22.0,1.0,1.0,4.0,4.0,4.0,4.0,4.0,4.0,1.0,2.0,1.0
2009,24/06/2026,city scrape,Cute 3 Bedrooms Townhouse (1 king + 2 Queen) Beds,Ehab,"Ottawa, Canada",f,t,Kanata South,Entire home,Entire home/apt,01/07/2026,31/07/2026,t,24/06/2026,30/06/2025,30/06/2025,7.0,6.0,3.0,6.0,2.0,45.0,-75.0,2.0,1.0,2.0,1.0,103.0,1626.0,103.0,30.0,365.0,12.0,29.0,53.0,235.5,22.0,1.0,1.0,4.0,4.0,4.0,4.0,4.0,4.0,1.0,2.0,1.0
2010,24/06/2026,city scrape,Brand New 1-Bedroom in Ottawa's Trendy Sandy Hills,Corporate Stays,"Montreal, Canada",f,f,Rideau-Vanier,Entire rental unit,Entire home/apt,02/11/2026,02/12/2026,t,24/06/2026,21/04/2025,18/12/2025,7.0,6.0,3.0,6.0,2.0,45.0,-75.0,2.0,1.0,2.0,1.0,103.0,1626.0,103.0,30.0,365.0,12.0,29.0,53.0,235.5,22.0,1.0,1.0,4.0,4.0,4.0,4.0,4.0,4.0,1.0,2.0,1.0
2011,24/06/2026,city scrape,Modern 1BR Suite with Free Onsite Parking,Ore And Festus,"Ottawa, Canada",t,t,Stittsville-Kanata West,Entire rental unit,Entire home/apt,19/07/2026,21/07/2026,t,24/06/2026,28/03/2025,19/06/2026,7.0,6.0,3.0,6.0,2.0,45.0,-75.0,2.0,1.0,2.0,1.0,103.0,1626.0,103.0,30.0,365.0,12.0,29.0,53.0,235.5,22.0,1.0,1.0,4.0,4.0,4.0,4.0,4.0,4.0,1.0,2.0,1.0
2012,24/06/2026,city scrape,Central Canal 2 Bdr priv entry,Tatiana,"Ottawa, Canada",t,t,Capital,Entire rental unit,Entire home/apt,25/12/2026,24/01/2027,t,24/06/2026,06/08/2025,28/02/2026,7.0,6.0,3.0,6.0,2.0,45.0,-75.0,2.0,1.0,2.0,1.0,103.0,1626.0,103.0,30.0,365.0,12.0,29.0,53.0,235.5,22.0,1.0,1.0,4.0,4.0,4.0,4.0,4.0,4.0,1.0,2.0,1.0
2013,24/06/2026,city scrape,Modern Pet-Friendly Apartment near Rideau Centre,Noel,"Ottawa, Canada",f,t,Rideau-Vanier,Entire rental unit,Entire home/apt,28/06/2026,29/06/2026,t,24/06/2026,15/03/2025,14/06/2026,7.0,6.0,3.0,6.0,2.0,45.0,-75.0,2.0,1.0,2.0,1.0,103.0,1626.0,103.0,30.0,365.0,12.0,29.0,53.0,235.5,22.0,1.0,1.0,4.0,4.0,4.0,4.0,4.0,4.0,1.0,2.0,1.0
2014,24/06/2026,city scrape,Modern studio with king-size bed,Davidé And Alina,"Ottawa, Canada",t,t,Alta Vista,Entire rental unit,Entire home/apt,20/10/2026,27/10/2026,t,24/06/2026,30/03/2025,21/06/2026,7.0,6.0,3.0,6.0,2.0,45.0,-75.0,2.0,1.0,2.0,1.0,103.0,1626.0,103.0,30.0,365.0,12.0,29.0,53.0,235.5,22.0,1.0,1.0,4.0,4.0,4.0,4.0,4.0,4.0,1.0,2.0,1.0
2015,24/06/2026,city scrape,KASHY HOMES-Executive home oasis,Kashy,"Ottawa, Canada",t,t,Innes,Entire home,Entire home/apt,19/07/2026,18/08/2026,t,24/06/2026,10,10,7.0,6.0,3.0,6.0,2.0,45.0,-75.0,2.0,1.0,2.0,1.0,103.0,1626.0,103.0,30.0,365.0,12.0,29.0,53.0,235.5,22.0,1.0,1.0,4.0,4.0,4.0,4.0,4.0,4.0,1.0,2.0,1.0
2016,24/06/2026,city scrape,"Modern Cozy Room • Desk, Comfort & Privacy",Joel,"Ottawa, Canada",f,t,Innes,Private room in home,Private room,01/07/2026,03/07/2026,t,24/06/2026,10/04/2025,22/05/2026,1.0,3.0,1.0,3.0,3.0,45.0,-75.0,2.0,1.0,2.0,1.0,85.0,170.0,85.0,2.0,1125.0,23.0,53.0,62.0,62.0,27.0,17.0,19.0,4.0,4.0,4.0,5.0,4.0,4.0,1.0,3.0,0.0
2017,24/06/2026,city scrape,"Beautiful Cozy Room • New & Quiet, Free Parking",Joel,"Ottawa, Canada",f,t,Innes,Private room in home,Private room,30/06/2026,02/07/2026,t,24/06/2026,17/03/2025,07/10/2025,1.0,3.0,1.0,3.0,3.0,45.0,-75.0,2.0,1.0,2.0,1.0,91.0,183.0,91.0,2.0,1125.0,24.0,54.0,63.0,159.0,11.0,2.0,11.0,4.0,4.0,4.0,4.0,4.0,4.0,0.0,3.0,0.0
2018,24/06/2026,city scrape,"Beautiful , brand new family 3  bedroom townhouse",Takhmina,"İstanbul, Turkey",f,t,Stittsville-Kanata West,Entire home,Entire home/apt,16/09/2026,17/10/2026,t,24/06/2026,28/04/2025,19/01/2026,7.0,6.0,3.0,6.0,2.0,45.0,-75.0,2.0,1.0,2.0,1.0,103.0,1626.0,103.0,30.0,365.0,12.0,29.0,53.0,235.5,22.0,1.0,1.0,4.0,4.0,4.0,4.0,4.0,4.0,1.0,2.0,1.0
2019,24/06/2026,city scrape,Private Room · Quiet · Modern - Free Parking,Joel,"Ottawa, Canada",f,t,Innes,Private room in home,Private room,24/06/2026,08/07/2026,t,24/06/2026,22/03/2025,15/09/2025,1.0,3.0,1.0,3.0,3.0,45.0,-75.0,2.0,1.0,2.0,1.0,89.0,1248.0,89.0,14.0,1125.0,30.0,60.0,69.0,165.0,7.0,1.0,7.0,4.0,4.0,4.0,4.0,4.0,4.0,0.0,3.0,0.0
2020,24/06/2026,city scrape,Glebe Pet-Friendly Boutique Style Suite,Short And Suite BnB,"Ottawa, Canada",t,t,Capital,Entire rental unit,Entire home/apt,31/08/2026,30/09/2026,t,24/06/2026,27/06/2025,27/06/2025,7.0,6.0,3.0,6.0,2.0,45.0,-75.0,2.0,1.0,2.0,1.0,103.0,1626.0,103.0,30.0,365.0,12.0,29.0,53.0,235.5,22.0,1.0,1.0,4.0,4.0,4.0,4.0,4.0,4.0,1.0,2.0,1.0
2021,24/06/2026,city scrape,3Br 2Bth Modern DPLX 5 Min DT,Daniel,"Ottawa, Canada",t,t,Rideau-Vanier,Entire rental unit,Entire home/apt,12/07/2026,13/07/2026,t,24/06/2026,02/07/2025,14/06/2026,7.0,6.0,3.0,6.0,2.0,45.0,-75.0,2.0,1.0,2.0,1.0,103.0,1626.0,103.0,30.0,365.0,12.0,29.0,53.0,235.5,22.0,1.0,1.0,4.0,4.0,4.0,4.0,4.0,4.0,1.0,2.0,1.0
2022,24/06/2026,city scrape,"5m to CTC, King Bed, BBQ, Fenced in Yard, WFH",Sean,"Ottawa, Canada",t,t,Stittsville-Kanata West,Entire home,Entire home/apt,26/03/2027,25/04/2027,t,24/06/2026,10,10,7.0,6.0,3.0,6.0,2.0,45.0,-75.0,2.0,1.0,2.0,1.0,103.0,1626.0,103.0,30.0,365.0,12.0,29.0,53.0,235.5,22.0,1.0,1.0,4.0,4.0,4.0,4.0,4.0,4.0,1.0,2.0,1.0
2023,24/06/2026,city scrape,New downtown condo. 4 min walk to Parliament.,Mohammad,"Ottawa, Canada",t,t,Somerset,Entire condo,Entire home/apt,25/06/2026,26/07/2026,t,24/06/2026,29/04/2025,29/04/2025,7.0,6.0,3.0,6.0,2.0,45.0,-75.0,2.0,1.0,2.0,1.0,103.0,1626.0,103.0,30.0,365.0,12.0,29.0,53.0,235.5,22.0,1.0,1.0,4.0,4.0,4.0,4.0,4.0,4.0,1.0,2.0,1.0
2024,24/06/2026,city scrape,Bridlewood inn 4 kanata,Mary,"Ottawa, Canada",t,t,Kanata South,Private room in home,Private room,01/09/2026,07/09/2026,t,24/06/2026,19/08/2025,10/05/2026,7.0,6.0,3.0,6.0,2.0,45.0,-75.0,2.0,1.0,2.0,1.0,103.0,1626.0,103.0,30.0,365.0,12.0,29.0,53.0,235.5,22.0,1.0,1.0,4.0,4.0,4.0,4.0,4.0,4.0,1.0,2.0,1.0
2025,24/06/2026,city scrape,Your cozy home away from home.,Olivia,"Ottawa, Canada",t,t,Kanata South,Entire home,Entire home/apt,28/08/2026,27/09/2026,t,24/06/2026,08/06/2025,31/05/2026,7.0,6.0,3.0,6.0,2.0,45.0,-75.0,2.0,1.0,2.0,1.0,103.0,1626.0,103.0,30.0,365.0,12.0,29.0,53.0,235.5,22.0,1.0,1.0,4.0,4.0,4.0,4.0,4.0,4.0,1.0,2.0,1.0
2026,24/06/2026,city scrape,Two bedrooms Condo with Free Parking,Elaine,"Ottawa, Canada",t,t,Kanata North,Entire condo,Entire home/apt,29/06/2026,30/06/2026,t,24/06/2026,24/04/2025,08/06/2026,7.0,6.0,3.0,6.0,2.0,45.0,-75.0,2.0,1.0,2.0,1.0,103.0,1626.0,103.0,30.0,365.0,12.0,29.0,53.0,235.5,22.0,1.0,1.0,4.0,4.0,4.0,4.0,4.0,4.0,1.0,2.0,1.0
2027,24/06/2026,city scrape,Top Unit - Ottawa East - Newly Renovated,Babette,"Ottawa, Canada",f,t,Beacon Hill-Cyrville,Entire home,Entire home/apt,01/08/2026,03/08/2026,t,24/06/2026,19/07/2025,12/10/2025,7.0,6.0,3.0,6.0,2.0,45.0,-75.0,2.0,1.0,2.0,1.0,103.0,1626.0,103.0,30.0,365.0,12.0,29.0,53.0,235.5,22.0,1.0,1.0,4.0,4.0,4.0,4.0,4.0,4.0,1.0,2.0,1.0
2028,24/06/2026,city scrape,Peaceful Twin bed & Office space,Ali,"Ottawa, Canada",f,t,Rideau-Rockcliffe,Private room in home,Private room,01/07/2026,31/07/2026,t,24/06/2026,08/04/2025,27/05/2026,7.0,10.0,2.0,7.0,6.0,45.0,-75.0,1.0,1.0,2.0,1.0,37.0,1115.0,37.0,28.0,365.0,23.0,53.0,83.0,358.0,16.0,8.0,14.0,4.0,4.0,4.0,4.0,4.0,4.0,1.0,6.0,0.0
2029,02/07/2026,previous scrape,Fully furnished luxury condo with patio & parking,Michelle,"Ottawa, Canada",t,t,Capital,Entire rental unit,Entire home/apt,0000-00-00,"""0000-00-00""",t,02/07/2026,10,10,8.0,2.0,4.0,8.0,2.0,45.0,-75.0,2.0,1.0,1.0,2.0,173.0,2246.0,173.0,21.0,365.0,27.0,27.0,27.0,27.0,0.0,0.0,0.0,4.0,4.0,4.0,4.0,4.0,4.0,1.0,2.0,2.0
2030,24/06/2026,city scrape,Walkable Glebe Gem! Free Parking!,Christine,"Ottawa, Canada",t,t,Capital,Entire rental unit,Entire home/apt,12/10/2026,11/11/2026,t,24/06/2026,31/07/2025,06/06/2026,7.0,6.0,3.0,6.0,2.0,45.0,-75.0,2.0,1.0,2.0,1.0,103.0,1626.0,103.0,30.0,365.0,12.0,29.0,53.0,235.5,22.0,1.0,1.0,4.0,4.0,4.0,4.0,4.0,4.0,1.0,2.0,1.0
2031,02/07/2026,previous scrape,Bright and Spacious! Gym! Free Parking!,Christine,"Ottawa, Canada",t,t,Capital,Entire rental unit,Entire home/apt,0000-00-00,"""0000-00-00""",t,02/07/2026,24/06/2025,09/11/2025,7.0,6.0,3.0,6.0,2.0,45.0,-75.0,2.0,1.0,2.0,1.0,103.0,1626.0,103.0,30.0,365.0,12.0,29.0,53.0,235.5,22.0,1.0,1.0,4.0,4.0,4.0,4.0,4.0,4.0,1.0,2.0,1.0
2032,24/06/2026,city scrape,Private Spacious Basement in Ottawa (Near Airport),Suraj,"Ottawa, Canada",t,t,Gloucester-South Nepean,Private room in home,Private room,29/06/2026,30/06/2026,t,24/06/2026,04/07/2025,29/05/2026,7.0,6.0,3.0,6.0,2.0,45.0,-75.0,2.0,1.0,2.0,1.0,103.0,1626.0,103.0,30.0,365.0,12.0,29.0,53.0,235.5,22.0,1.0,1.0,4.0,4.0,4.0,4.0,4.0,4.0,1.0,2.0,1.0
2033,24/06/2026,city scrape,Entire Place - 2BR - Near Airport,Wathah,"Ottawa, Canada",t,t,Gloucester-South Nepean,Entire rental unit,Entire home/apt,29/06/2026,01/07/2026,t,24/06/2026,25/05/2025,20/06/2026,7.0,6.0,3.0,6.0,2.0,45.0,-75.0,2.0,1.0,2.0,1.0,103.0,1626.0,103.0,30.0,365.0,12.0,29.0,53.0,235.5,22.0,1.0,1.0,4.0,4.0,4.0,4.0,4.0,4.0,1.0,2.0,1.0
2034,24/06/2026,city scrape,Stylish & Cozy Getaway,David,"Ottawa, Canada",f,t,Kanata North,Entire home,Entire home/apt,14/09/2026,14/10/2026,t,24/06/2026,02/01/2026,09/02/2026,7.0,6.0,3.0,6.0,2.0,45.0,-75.0,2.0,1.0,2.0,1.0,103.0,1626.0,103.0,30.0,365.0,12.0,29.0,53.0,235.5,22.0,1.0,1.0,4.0,4.0,4.0,4.0,4.0,4.0,1.0,2.0,1.0
2035,24/06/2026,city scrape,Cozy room With Private entrance,Salman,"Ottawa, Canada",f,t,Knoxdale-Merivale,Private room in home,Private room,29/06/2026,01/07/2026,t,24/06/2026,19/04/2025,20/05/2026,11.0,7.0,3.0,8.0,9.0,45.0,-75.0,2.0,1.0,2.0,1.0,80.0,160.0,80.0,1.0,365.0,18.0,44.0,74.0,349.0,19.0,16.0,10.0,4.0,4.0,4.0,4.0,4.0,4.0,1.0,7.0,0.0
2036,24/06/2026,city scrape,Kai's Cozy Nepean Home,John,"Ottawa, Canada",t,t,College,Entire home,Entire home/apt,12/07/2026,15/07/2026,t,24/06/2026,25/05/2025,13/06/2026,3.0,9.0,2.0,6.0,1.0,45.0,-75.0,4.0,1.0,2.0,2.0,161.0,483.0,161.0,3.0,14.0,3.0,5.0,11.0,95.0,32.0,26.0,22.0,4.0,4.0,4.0,4.0,4.0,4.0,2.0,1.0,1.0
2037,24/06/2026,city scrape,Private Suite for Rent!,Bhaumik,"Ottawa, Canada",f,t,Rideau-Goulbourn,Private room in home,Private room,01/08/2026,02/08/2026,t,24/06/2026,21/05/2025,18/06/2025,7.0,6.0,3.0,6.0,2.0,45.0,-75.0,2.0,1.0,2.0,1.0,103.0,1626.0,103.0,30.0,365.0,12.0,29.0,53.0,235.5,22.0,1.0,1.0,4.0,4.0,4.0,4.0,4.0,4.0,1.0,2.0,1.0
2038,02/07/2026,previous scrape,Spacious 4BR Near Kanata Tech Park,Luis,"Gatineau, Canada",t,t,Kanata North,Entire home,Entire home/apt,0000-00-00,"""0000-00-00""",t,02/07/2026,07/02/2026,07/02/2026,7.0,6.0,3.0,6.0,2.0,45.0,-75.0,2.0,1.0,2.0,1.0,103.0,1626.0,103.0,30.0,365.0,12.0,29.0,53.0,235.5,22.0,1.0,1.0,4.0,4.0,4.0,4.0,4.0,4.0,1.0,2.0,1.0
2039,24/06/2026,city scrape,"""Tranquil Room in a Safe, Minimalist Sanctuary""",Lola,"Ottawa, Canada",f,t,Kanata South,Private room in townhouse,Private room,01/09/2026,01/10/2026,t,24/06/2026,10,10,5.0,6.0,5.0,6.0,3.0,45.0,-75.0,1.0,1.0,1.0,1.0,53.0,1611.0,53.0,30.0,365.0,0.0,0.0,21.0,296.0,0.0,0.0,0.0,4.0,4.0,4.0,4.0,4.0,4.0,1.0,3.0,0.0
2040,24/06/2026,city scrape,Modern townhouse near airport,Yu,"Ottawa, Canada",f,t,Gloucester-South Nepean,Entire home,Entire home/apt,25/06/2026,25/07/2026,t,24/06/2026,13/06/2025,04/08/2025,7.0,6.0,3.0,6.0,2.0,45.0,-75.0,2.0,1.0,2.0,1.0,103.0,1626.0,103.0,30.0,365.0,12.0,29.0,53.0,235.5,22.0,1.0,1.0,4.0,4.0,4.0,4.0,4.0,4.0,1.0,2.0,1.0
2041,24/06/2026,city scrape,Private Room & Bathroom,Hakeem,"Ottawa, Canada",t,t,Barrhaven,Private room in townhouse,Private room,04/07/2026,05/07/2026,t,24/06/2026,06/06/2025,15/09/2025,10.0,1.0,1.0,0.0,1.0,45.0,-75.0,2.0,1.0,2.0,1.0,132.0,132.0,132.0,1.0,365.0,17.0,41.0,63.0,338.0,6.0,4.0,6.0,4.0,4.0,5.0,5.0,4.0,4.0,0.0,1.0,0.0
2042,24/06/2026,city scrape,"Large bedroom, 2-travellers - private bathroom",Olivier,"Lyon, France",f,t,Cumberland,Private room in home,Private room,26/06/2026,26/07/2026,t,24/06/2026,10,10,9.0,9.0,1.0,11.0,2.0,45.0,-75.0,2.0,1.0,1.0,1.0,61.0,1835.0,61.0,30.0,65.0,28.0,58.0,88.0,363.0,0.0,0.0,0.0,4.0,4.0,4.0,4.0,4.0,4.0,1.0,1.0,0.0
2043,02/07/2026,previous scrape,Chic Urban Retreat Near Canal,Leonardo,"Ottawa, Canada",f,t,Capital,Entire rental unit,Entire home/apt,0000-00-00,"""0000-00-00""",t,02/07/2026,08/06/2025,31/01/2026,7.0,6.0,3.0,6.0,2.0,45.0,-75.0,2.0,1.0,2.0,1.0,103.0,1626.0,103.0,30.0,365.0,12.0,29.0,53.0,235.5,22.0,1.0,1.0,4.0,4.0,4.0,4.0,4.0,4.0,1.0,2.0,1.0
2044,24/06/2026,city scrape,"Modern, Bright 1BR Near Downtown",Rebecca,"Ottawa, Canada",f,t,Rideau-Rockcliffe,Entire rental unit,Entire home/apt,30/06/2026,02/07/2026,t,24/06/2026,01/07/2025,14/06/2026,7.0,6.0,3.0,6.0,2.0,45.0,-75.0,2.0,1.0,2.0,1.0,103.0,1626.0,103.0,30.0,365.0,12.0,29.0,53.0,235.5,22.0,1.0,1.0,4.0,4.0,4.0,4.0,4.0,4.0,1.0,2.0,1.0
2045,24/06/2026,city scrape,Spacious 4BR Home | Free Parking | 10 mins to DT,Amara,"Ottawa, Canada",t,t,Knoxdale-Merivale,Entire home,Entire home/apt,29/06/2026,30/06/2026,t,24/06/2026,19/05/2025,17/06/2026,7.0,6.0,3.0,6.0,2.0,45.0,-75.0,2.0,1.0,2.0,1.0,103.0,1626.0,103.0,30.0,365.0,12.0,29.0,53.0,235.5,22.0,1.0,1.0,4.0,4.0,4.0,4.0,4.0,4.0,1.0,2.0,1.0
2046,24/06/2026,city scrape,Private Studio Basement Apartment.,Harpreet,"Ottawa, Canada",t,t,Rideau-Goulbourn,Entire rental unit,Entire home/apt,05/07/2026,06/07/2026,t,24/06/2026,03/06/2025,23/05/2026,7.0,6.0,3.0,6.0,2.0,45.0,-75.0,2.0,1.0,2.0,1.0,103.0,1626.0,103.0,30.0,365.0,12.0,29.0,53.0,235.5,22.0,1.0,1.0,4.0,4.0,4.0,4.0,4.0,4.0,1.0,2.0,1.0
2047,24/06/2026,city scrape,"House, 1 Queen, 3 twins - Lovely Neighbourhood",Omar,"Ottawa, Canada",t,t,Rideau-Goulbourn,Entire home,Entire home/apt,01/07/2026,02/07/2026,t,24/06/2026,26/05/2025,14/06/2026,7.0,6.0,3.0,6.0,2.0,45.0,-75.0,2.0,1.0,2.0,1.0,103.0,1626.0,103.0,30.0,365.0,12.0,29.0,53.0,235.5,22.0,1.0,1.0,4.0,4.0,4.0,4.0,4.0,4.0,1.0,2.0,1.0
2048,24/06/2026,city scrape,The Ambassador | King Ensuite | Downtown - 3,Host&Suite,"Ottawa, Canada",t,t,Rideau-Vanier,Room in hotel,Private room,26/06/2026,27/06/2026,t,24/06/2026,31/07/2025,07/06/2026,7.0,6.0,3.0,6.0,2.0,45.0,-75.0,2.0,1.0,2.0,1.0,103.0,1626.0,103.0,30.0,365.0,12.0,29.0,53.0,235.5,22.0,1.0,1.0,4.0,4.0,4.0,4.0,4.0,4.0,1.0,2.0,1.0
2049,24/06/2026,city scrape,King Ensuite | Parking | Downtown | No Fees - 3,Host&Suite,"Ottawa, Canada",t,t,Rideau-Vanier,Room in hotel,Private room,24/06/2026,25/06/2026,t,24/06/2026,25/05/2025,05/04/2026,7.0,6.0,3.0,6.0,2.0,45.0,-75.0,2.0,1.0,2.0,1.0,103.0,1626.0,103.0,30.0,365.0,12.0,29.0,53.0,235.5,22.0,1.0,1.0,4.0,4.0,4.0,4.0,4.0,4.0,1.0,2.0,1.0
2050,24/06/2026,city scrape,Queen Room | Parking | Downtown | Shared Bath - 2,Host&Suite,"Ottawa, Canada",t,t,Rideau-Vanier,Room in hotel,Private room,24/06/2026,25/06/2026,t,24/06/2026,08/11/2025,18/04/2026,1.0,3.0,1.0,3.0,9.0,45.0,-75.0,2.0,1.0,1.0,2.0,143.0,143.0,143.0,1.0,15.0,21.0,44.0,74.0,164.0,6.0,6.0,1.0,4.0,4.0,5.0,4.0,4.0,4.0,0.0,7.0,0.0
2051,24/06/2026,city scrape,Queen Room | Parking | Downtown | Shared Bath - 5,Host&Suite,"Ottawa, Canada",t,t,Rideau-Vanier,Room in boutique hotel,Private room,24/06/2026,25/06/2026,t,24/06/2026,23/05/2025,22/05/2026,7.0,6.0,3.0,6.0,2.0,45.0,-75.0,2.0,1.0,2.0,1.0,103.0,1626.0,103.0,30.0,365.0,12.0,29.0,53.0,235.5,22.0,1.0,1.0,4.0,4.0,4.0,4.0,4.0,4.0,1.0,2.0,1.0
2052,24/06/2026,city scrape,Single Room | Parking | Downtown | Shared Bath - 1,Host&Suite,"Ottawa, Canada",t,t,Rideau-Vanier,Room in hotel,Private room,26/06/2026,27/06/2026,t,24/06/2026,16/04/2025,11/05/2026,7.0,6.0,3.0,6.0,2.0,45.0,-75.0,2.0,1.0,2.0,1.0,103.0,1626.0,103.0,30.0,365.0,12.0,29.0,53.0,235.5,22.0,1.0,1.0,4.0,4.0,4.0,4.0,4.0,4.0,1.0,2.0,1.0
2053,02/07/2026,previous scrape,Queen Ensuite | Private Living Room | Downtown - 3,Host&Suite,"Ottawa, Canada",t,t,Somerset,Private room in home,Private room,0000-00-00,"""0000-00-00""",t,02/07/2026,10,10,1.0,3.0,1.0,3.0,9.0,45.0,-75.0,2.0,1.0,1.0,2.0,173.0,2246.0,173.0,2.0,1125.0,0.0,0.0,0.0,0.0,0.0,0.0,0.0,4.0,4.0,4.0,4.0,4.0,4.0,1.0,7.0,0.0
2054,24/06/2026,city scrape,Modern Cozy Luxury 4BD Ottawa,Jessica,"Ottawa, Canada",t,t,Gloucester-South Nepean,Entire home,Entire home/apt,01/01/2027,31/01/2027,t,24/06/2026,25/04/2025,02/02/2026,7.0,6.0,3.0,6.0,2.0,45.0,-75.0,2.0,1.0,2.0,1.0,103.0,1626.0,103.0,30.0,365.0,12.0,29.0,53.0,235.5,22.0,1.0,1.0,4.0,4.0,4.0,4.0,4.0,4.0,1.0,2.0,1.0
2055,24/06/2026,city scrape,"King 1BR w/parking in ""walker's/biker's paradise""",Tim,"Ottawa, Canada",t,t,Capital,Entire rental unit,Entire home/apt,27/07/2026,29/07/2026,t,24/06/2026,20/04/2025,16/06/2026,7.0,6.0,3.0,6.0,2.0,45.0,-75.0,2.0,1.0,2.0,1.0,103.0,1626.0,103.0,30.0,365.0,12.0,29.0,53.0,235.5,22.0,1.0,1.0,4.0,4.0,4.0,4.0,4.0,4.0,1.0,2.0,1.0
2056,24/06/2026,city scrape,Brand new studio Hintonburg,Matthew,"Ottawa, Canada",f,t,Kitchissippi,Entire rental unit,Entire home/apt,01/08/2026,31/08/2026,t,24/06/2026,10,10,8.0,10.0,6.0,9.0,1.0,45.0,-75.0,2.0,1.0,1.0,1.0,88.0,2654.0,88.0,30.0,180.0,0.0,22.0,52.0,104.0,0.0,0.0,0.0,4.0,4.0,4.0,4.0,4.0,4.0,1.0,2.0,2.0
2057,24/06/2026,city scrape,Spacious 1 bed apartment,Karina,"Ottawa, Canada",f,t,Alta Vista,Entire home,Entire home/apt,16/05/2027,15/06/2027,t,24/06/2026,10,10,9.0,11.0,1.0,2.0,1.0,45.0,-75.0,2.0,1.0,1.0,1.0,61.0,1851.0,61.0,30.0,60.0,4.0,4.0,4.0,43.0,0.0,0.0,0.0,4.0,4.0,4.0,4.0,4.0,4.0,1.0,1.0,1.0
2058,24/06/2026,city scrape,SimplyLovely Condo near Downtown | Parking | Patio,Frank,"Ottawa, Canada",f,t,Gloucester-Southgate,Entire condo,Entire home/apt,20/07/2026,21/07/2026,t,24/06/2026,06/06/2025,06/06/2026,9.0,4.0,1.0,1.0,1.0,45.0,-75.0,4.0,1.0,2.0,2.0,205.0,205.0,205.0,1.0,29.0,2.0,14.0,20.0,176.0,33.0,28.0,16.0,4.0,4.0,5.0,4.0,4.0,4.0,2.0,1.0,1.0
2059,24/06/2026,city scrape,2-Bedroom Lower Level Waterfront,Hong-Son,"Ottawa, Canada",t,t,Knoxdale-Merivale,Entire home,Entire home/apt,31/08/2026,30/09/2026,t,24/06/2026,02/09/2025,06/12/2025,7.0,6.0,3.0,6.0,2.0,45.0,-75.0,2.0,1.0,2.0,1.0,103.0,1626.0,103.0,30.0,365.0,12.0,29.0,53.0,235.5,22.0,1.0,1.0,4.0,4.0,4.0,4.0,4.0,4.0,1.0,2.0,1.0
2060,24/06/2026,city scrape,Private suite • king bed • ensuite • patio,Lucas,"Ottawa, Canada",t,t,Kitchissippi,Private room in home,Private room,21/07/2026,20/08/2026,t,24/06/2026,04/06/2025,30/04/2026,7.0,6.0,3.0,6.0,2.0,45.0,-75.0,2.0,1.0,2.0,1.0,103.0,1626.0,103.0,30.0,365.0,12.0,29.0,53.0,235.5,22.0,1.0,1.0,4.0,4.0,4.0,4.0,4.0,4.0,1.0,2.0,1.0
2061,24/06/2026,city scrape,Cozy room in Model Town Home,Akash,"Ottawa, Canada",f,t,Kanata South,Private room in home,Private room,31/07/2026,30/08/2026,t,24/06/2026,03/04/2026,03/04/2026,7.0,6.0,3.0,6.0,2.0,45.0,-75.0,2.0,1.0,2.0,1.0,103.0,1626.0,103.0,30.0,365.0,12.0,29.0,53.0,235.5,22.0,1.0,1.0,4.0,4.0,4.0,4.0,4.0,4.0,1.0,2.0,1.0
2062,24/06/2026,city scrape,Stunning Westboro 1BR,Bruce,"Ottawa, Canada",f,t,Kitchissippi,Entire rental unit,Entire home/apt,02/07/2026,01/08/2026,t,24/06/2026,11/10/2025,11/10/2025,7.0,6.0,3.0,6.0,2.0,45.0,-75.0,2.0,1.0,2.0,1.0,103.0,1626.0,103.0,30.0,365.0,12.0,29.0,53.0,235.5,22.0,1.0,1.0,4.0,4.0,4.0,4.0,4.0,4.0,1.0,2.0,1.0
2063,24/06/2026,city scrape,Modern 5 Bed Home | Amazing Location Spacious Stay,Ahmed,"Ottawa, Canada",f,t,Barrhaven,Entire home,Entire home/apt,01/10/2026,31/10/2026,t,24/06/2026,31/08/2025,31/08/2025,7.0,6.0,3.0,6.0,2.0,45.0,-75.0,2.0,1.0,2.0,1.0,103.0,1626.0,103.0,30.0,365.0,12.0,29.0,53.0,235.5,22.0,1.0,1.0,4.0,4.0,4.0,4.0,4.0,4.0,1.0,2.0,1.0
2064,24/06/2026,city scrape,The Upper Echelon,Philip,"Ottawa, Canada",f,t,Knoxdale-Merivale,Entire rental unit,Entire home/apt,01/01/2027,31/01/2027,t,24/06/2026,23/08/2025,23/08/2025,7.0,6.0,3.0,6.0,2.0,45.0,-75.0,2.0,1.0,2.0,1.0,103.0,1626.0,103.0,30.0,365.0,12.0,29.0,53.0,235.5,22.0,1.0,1.0,4.0,4.0,4.0,4.0,4.0,4.0,1.0,2.0,1.0
2065,24/06/2026,city scrape,Private Room • Great Value • Free Parking,EasyStayPM,"Ottawa, Canada",t,t,Innes,Private room in home,Private room,06/07/2026,08/07/2026,t,24/06/2026,15/06/2025,01/06/2026,8.0,7.0,1.0,1.0,5.0,45.0,-75.0,2.0,1.0,2.0,1.0,80.0,160.0,80.0,2.0,1125.0,17.0,41.0,65.0,245.0,12.0,11.0,7.0,4.0,4.0,4.0,4.0,4.0,4.0,0.0,5.0,1.0
2066,24/06/2026,city scrape,Guest house in Glebe,Tv,Canada,f,f,Capital,Entire guesthouse,Entire home/apt,01/08/2026,31/08/2026,t,24/06/2026,02/07/2025,02/11/2025,6.0,10.0,6.0,10.0,2.0,45.0,-75.0,2.0,1.0,1.0,1.0,73.0,2193.0,73.0,30.0,365.0,6.0,28.0,58.0,58.0,3.0,3.0,3.0,4.0,4.0,4.0,4.0,4.0,4.0,0.0,1.0,1.0
2067,24/06/2026,city scrape,3Br Apt near Ottawa General Hospital,Abrar Habib,"Ottawa, Canada",f,t,Alta Vista,Entire guest suite,Entire home/apt,29/06/2026,30/06/2026,t,24/06/2026,16/05/2025,15/06/2026,7.0,6.0,3.0,6.0,2.0,45.0,-75.0,2.0,1.0,2.0,1.0,103.0,1626.0,103.0,30.0,365.0,12.0,29.0,53.0,235.5,22.0,1.0,1.0,4.0,4.0,4.0,4.0,4.0,4.0,1.0,2.0,1.0
2068,24/06/2026,city scrape,CHEO Hospital 20 min walk | Parliament Downtown,Tracey & Aahil,"Toronto, Canada",t,t,Alta Vista,Entire guest suite,Entire home/apt,08/07/2026,11/07/2026,t,24/06/2026,19/05/2025,08/06/2026,7.0,6.0,3.0,6.0,2.0,45.0,-75.0,2.0,1.0,2.0,1.0,103.0,1626.0,103.0,30.0,365.0,12.0,29.0,53.0,235.5,22.0,1.0,1.0,4.0,4.0,4.0,4.0,4.0,4.0,1.0,2.0,1.0
2069,24/06/2026,city scrape,Stunning Modern Ottawa Home | Near the airport,Ose,"Ottawa, Canada",f,t,Osgoode,Private room in townhouse,Private room,30/06/2026,01/07/2026,t,24/06/2026,27/09/2025,21/06/2026,13.0,2.0,4.0,5.0,1.0,45.0,-75.0,2.0,1.0,2.0,1.0,148.0,148.0,148.0,1.0,1125.0,24.0,54.0,84.0,174.0,10.0,10.0,1.0,4.0,4.0,5.0,5.0,4.0,4.0,1.0,1.0,0.0
2070,24/06/2026,city scrape,2 Bdr Hilltop Suite with Private Acces to Forest,Rod & Shuni,"Ottawa, Canada",t,t,Rideau-Rockcliffe,Entire rental unit,Entire home/apt,01/01/2027,31/01/2027,t,24/06/2026,23/08/2025,23/08/2025,7.0,6.0,3.0,6.0,2.0,45.0,-75.0,2.0,1.0,2.0,1.0,103.0,1626.0,103.0,30.0,365.0,12.0,29.0,53.0,235.5,22.0,1.0,1.0,4.0,4.0,4.0,4.0,4.0,4.0,1.0,2.0,1.0
2071,02/07/2026,previous scrape,Modern Family Home in Barrhaven,Akram,Canada,f,t,Barrhaven,Entire home,Entire home/apt,04/07/2026,06/07/2026,t,02/07/2026,17/08/2025,23/06/2026,7.0,6.0,3.0,6.0,2.0,45.0,-75.0,2.0,1.0,2.0,1.0,103.0,1626.0,103.0,30.0,365.0,12.0,29.0,53.0,235.5,22.0,1.0,1.0,4.0,4.0,4.0,4.0,4.0,4.0,1.0,2.0,1.0
2072,02/07/2026,previous scrape,"2 Bedrooms (Queen) Bath and Pantry, free parking",Depp,"Ottawa, Canada",t,t,Bay,Private room in bungalow,Private room,28/07/2026,29/07/2026,t,02/07/2026,13/05/2025,30/12/2025,7.0,6.0,3.0,6.0,2.0,45.0,-75.0,2.0,1.0,2.0,1.0,103.0,1626.0,103.0,30.0,365.0,12.0,29.0,53.0,235.5,22.0,1.0,1.0,4.0,4.0,4.0,4.0,4.0,4.0,1.0,2.0,1.0
2073,24/06/2026,city scrape,"Comfy Private Room Free Parking, Wi-Fi & Washer R1",EasyStayPM,"Ottawa, Canada",t,t,Innes,Private room in home,Private room,01/07/2026,03/07/2026,t,24/06/2026,25/05/2025,24/04/2026,7.0,6.0,3.0,6.0,2.0,45.0,-75.0,2.0,1.0,2.0,1.0,103.0,1626.0,103.0,30.0,365.0,12.0,29.0,53.0,235.5,22.0,1.0,1.0,4.0,4.0,4.0,4.0,4.0,4.0,1.0,2.0,1.0
2074,24/06/2026,city scrape,Cozy Room 7 min drive from Blair  Station Ottawa,Peejay,"Ottawa, Canada",f,t,Beacon Hill-Cyrville,Private room in home,Private room,24/06/2026,25/07/2026,t,24/06/2026,10,10,1.0,1.0,1.0,1.0,1.0,45.0,-75.0,1.0,1.0,2.0,2.0,36.0,1145.0,36.0,31.0,365.0,30.0,60.0,90.0,365.0,0.0,0.0,0.0,4.0,4.0,4.0,4.0,4.0,4.0,1.0,1.0,0.0
2075,24/06/2026,city scrape,Work Ready | Luxe + Location,David,"Mississauga, Canada",f,t,River,Private room in home,Private room,06/07/2026,11/07/2026,t,24/06/2026,19/05/2025,05/06/2026,7.0,6.0,3.0,6.0,2.0,45.0,-75.0,2.0,1.0,2.0,1.0,103.0,1626.0,103.0,30.0,365.0,12.0,29.0,53.0,235.5,22.0,1.0,1.0,4.0,4.0,4.0,4.0,4.0,4.0,1.0,2.0,1.0
2076,24/06/2026,city scrape,Stylish 2BR + Gym in Little Italy Area,Corporate Stays,"Montreal, Canada",f,f,Kitchissippi,Entire rental unit,Entire home/apt,31/01/2027,02/03/2027,t,24/06/2026,10,10,7.0,6.0,3.0,6.0,2.0,45.0,-75.0,2.0,1.0,2.0,1.0,103.0,1626.0,103.0,30.0,365.0,12.0,29.0,53.0,235.5,22.0,1.0,1.0,4.0,4.0,4.0,4.0,4.0,4.0,1.0,2.0,1.0
2077,24/06/2026,city scrape,Modern Luxury 3BDR entire family-friendly Townhome,Yinka & Bisi,"Ottawa, Canada",t,t,Rideau-Goulbourn,Entire home,Entire home/apt,21/08/2026,20/09/2026,t,24/06/2026,15/07/2025,26/12/2025,7.0,6.0,3.0,6.0,2.0,45.0,-75.0,2.0,1.0,2.0,1.0,103.0,1626.0,103.0,30.0,365.0,12.0,29.0,53.0,235.5,22.0,1.0,1.0,4.0,4.0,4.0,4.0,4.0,4.0,1.0,2.0,1.0
2078,24/06/2026,city scrape,Spacious M/Bedroom • Ensiute Bath • Free Parking,EasyStayPM,"Ottawa, Canada",t,t,Innes,Private room in home,Private room,22/08/2026,24/08/2026,t,24/06/2026,10,10,8.0,7.0,1.0,1.0,5.0,45.0,-75.0,2.0,1.0,1.0,1.0,104.0,209.0,104.0,2.0,1125.0,0.0,1.0,25.0,300.0,0.0,0.0,0.0,4.0,4.0,4.0,4.0,4.0,4.0,1.0,5.0,1.0
2079,24/06/2026,city scrape,"Cozy Corner Room, Free Parking, Wi-Fi & Washer R3",EasyStayPM,"Ottawa, Canada",t,t,Innes,Private room in home,Private room,29/06/2026,01/07/2026,t,24/06/2026,23/06/2025,10/06/2026,8.0,7.0,1.0,1.0,5.0,45.0,-75.0,2.0,1.0,2.0,1.0,95.0,190.0,95.0,2.0,1125.0,19.0,43.0,67.0,342.0,22.0,21.0,12.0,4.0,4.0,4.0,4.0,4.0,4.0,1.0,5.0,1.0
2080,24/06/2026,city scrape,hakuna matata,Georges,"Ottawa, Canada",t,t,Alta Vista,Entire home,Entire home/apt,24/06/2026,25/06/2026,t,24/06/2026,30/05/2025,04/06/2026,1.0,1.0,1.0,1.0,1.0,45.0,-75.0,2.0,1.0,2.0,2.0,291.0,291.0,291.0,1.0,365.0,28.0,58.0,88.0,363.0,20.0,18.0,15.0,4.0,4.0,4.0,4.0,4.0,4.0,1.0,1.0,1.0
2081,24/06/2026,city scrape,Bedroom w private bath in Kanata,My,"Ottawa, Canada",t,t,Kanata South,Private room in home,Private room,22/12/2026,21/01/2027,t,24/06/2026,01/07/2025,21/12/2025,7.0,6.0,3.0,6.0,2.0,45.0,-75.0,2.0,1.0,2.0,1.0,103.0,1626.0,103.0,30.0,365.0,12.0,29.0,53.0,235.5,22.0,1.0,1.0,4.0,4.0,4.0,4.0,4.0,4.0,1.0,2.0,1.0
2082,24/06/2026,city scrape,"Cosy, charming, cheerful basement apt",Francis,"Ottawa, Canada",f,t,Kanata North,Entire rental unit,Entire home/apt,31/10/2026,30/11/2026,t,24/06/2026,12/08/2025,17/05/2026,7.0,6.0,3.0,6.0,2.0,45.0,-75.0,2.0,1.0,2.0,1.0,103.0,1626.0,103.0,30.0,365.0,12.0,29.0,53.0,235.5,22.0,1.0,1.0,4.0,4.0,4.0,4.0,4.0,4.0,1.0,2.0,1.0
2083,24/06/2026,city scrape,Single Room - Centre of Ottawa,Zhi Qing Xie,"Toronto, Canada",t,t,Rideau-Rockcliffe,Private room in home,Private room,08/07/2026,07/08/2026,t,24/06/2026,02/07/2025,02/06/2026,7.0,6.0,3.0,6.0,2.0,45.0,-75.0,2.0,1.0,2.0,1.0,103.0,1626.0,103.0,30.0,365.0,12.0,29.0,53.0,235.5,22.0,1.0,1.0,4.0,4.0,4.0,4.0,4.0,4.0,1.0,2.0,1.0
2084,24/06/2026,city scrape,Cozy Tiny Beach House,Pascale,"Ottawa, Canada",f,t,West Carleton-March,Entire home,Entire home/apt,01/10/2026,02/10/2026,t,24/06/2026,25/05/2025,10/05/2026,7.0,6.0,3.0,6.0,2.0,45.0,-75.0,2.0,1.0,2.0,1.0,103.0,1626.0,103.0,30.0,365.0,12.0,29.0,53.0,235.5,22.0,1.0,1.0,4.0,4.0,4.0,4.0,4.0,4.0,1.0,2.0,1.0
2085,24/06/2026,city scrape,Pet-Friendly 1BR With Office & Fenced Yard,Jenn,"Ottawa, Canada",t,t,Bay,Entire home,Entire home/apt,04/08/2026,03/09/2026,t,24/06/2026,30/11/2025,30/11/2025,7.0,6.0,3.0,6.0,2.0,45.0,-75.0,2.0,1.0,2.0,1.0,103.0,1626.0,103.0,30.0,365.0,12.0,29.0,53.0,235.5,22.0,1.0,1.0,4.0,4.0,4.0,4.0,4.0,4.0,1.0,2.0,1.0
2086,24/06/2026,city scrape,Luxury 6BR Home | 8 Beds 3.5Bath,Iman,"Ottawa, Canada",t,t,Osgoode,Entire home,Entire home/apt,24/06/2026,25/06/2026,t,24/06/2026,29/06/2025,21/06/2026,7.0,6.0,3.0,6.0,2.0,45.0,-75.0,2.0,1.0,2.0,1.0,103.0,1626.0,103.0,30.0,365.0,12.0,29.0,53.0,235.5,22.0,1.0,1.0,4.0,4.0,4.0,4.0,4.0,4.0,1.0,2.0,1.0
2087,24/06/2026,city scrape,"Rm, Big Lot Near River & Airport",Yisha,"Ottawa, Canada",f,t,Gloucester-South Nepean,Private room in home,Private room,25/06/2026,25/07/2026,f,24/06/2026,10,10,1.0,0.0,1.0,0.0,1.0,45.0,-75.0,1.0,1.0,2.0,1.0,173.0,2246.0,173.0,30.0,365.0,29.0,59.0,89.0,269.0,0.0,0.0,0.0,4.0,4.0,4.0,4.0,4.0,4.0,1.0,1.0,0.0
2088,24/06/2026,city scrape,Lole’s Place – Feel at Home,LoLe,"Ottawa, Canada",t,t,Barrhaven,Private room in home,Private room,24/06/2026,25/06/2026,t,24/06/2026,29/05/2025,17/06/2026,7.0,6.0,3.0,6.0,2.0,45.0,-75.0,2.0,1.0,2.0,1.0,103.0,1626.0,103.0,30.0,365.0,12.0,29.0,53.0,235.5,22.0,1.0,1.0,4.0,4.0,4.0,4.0,4.0,4.0,1.0,2.0,1.0
2089,24/06/2026,city scrape,Centrally Located 2BDRM Unit,Joshua,"Ottawa, Canada",t,t,Rideau-Vanier,Entire rental unit,Entire home/apt,21/10/2026,20/11/2026,t,24/06/2026,11/06/2025,04/06/2026,7.0,6.0,3.0,6.0,2.0,45.0,-75.0,2.0,1.0,2.0,1.0,103.0,1626.0,103.0,30.0,365.0,12.0,29.0,53.0,235.5,22.0,1.0,1.0,4.0,4.0,4.0,4.0,4.0,4.0,1.0,2.0,1.0
2090,24/06/2026,city scrape,"Basement Ensuite Near Ottawa Airport, Casino, EY.",Hem Raj,"Ottawa, Canada",t,t,Gloucester-South Nepean,Private room in townhouse,Private room,29/06/2026,30/06/2026,t,24/06/2026,10/06/2025,10/06/2026,7.0,6.0,3.0,6.0,2.0,45.0,-75.0,2.0,1.0,2.0,1.0,103.0,1626.0,103.0,30.0,365.0,12.0,29.0,53.0,235.5,22.0,1.0,1.0,4.0,4.0,4.0,4.0,4.0,4.0,1.0,2.0,1.0
2091,24/06/2026,city scrape,5BR Home in Nepean Ottawa,Jasmine,"Ottawa, Canada",t,t,College,Entire home,Entire home/apt,01/07/2026,31/07/2026,t,24/06/2026,05/06/2025,09/11/2025,7.0,6.0,3.0,6.0,2.0,45.0,-75.0,2.0,1.0,2.0,1.0,103.0,1626.0,103.0,30.0,365.0,12.0,29.0,53.0,235.5,22.0,1.0,1.0,4.0,4.0,4.0,4.0,4.0,4.0,1.0,2.0,1.0
2092,24/06/2026,city scrape,Charming 3 bedrooms Family Home,Short And Suite BnB,"Ottawa, Canada",t,t,Somerset,Entire home,Entire home/apt,01/01/2027,05/01/2027,t,24/06/2026,23/06/2026,23/06/2026,7.0,6.0,3.0,6.0,2.0,45.0,-75.0,2.0,1.0,2.0,1.0,103.0,1626.0,103.0,30.0,365.0,12.0,29.0,53.0,235.5,22.0,1.0,1.0,4.0,4.0,4.0,4.0,4.0,4.0,1.0,2.0,1.0
2093,24/06/2026,city scrape,Luxury 2-3BDR apart close to YOW,Cherlande,"Ottawa, Canada",f,t,Gloucester-South Nepean,Private room in home,Private room,17/07/2026,18/07/2026,t,24/06/2026,31/08/2025,24/05/2026,7.0,6.0,3.0,6.0,2.0,45.0,-75.0,2.0,1.0,2.0,1.0,103.0,1626.0,103.0,30.0,365.0,12.0,29.0,53.0,235.5,22.0,1.0,1.0,4.0,4.0,4.0,4.0,4.0,4.0,1.0,2.0,1.0
2094,24/06/2026,city scrape,Chic 1BR Near Dow’s Lake | Fast Wifi + Laundry,Danene,"Ottawa, Canada",f,t,Somerset,Entire rental unit,Entire home/apt,30/09/2026,30/10/2026,t,24/06/2026,26/08/2025,08/10/2025,9.0,10.0,0.0,10.0,1.0,45.0,-75.0,2.0,1.0,1.0,1.0,101.0,3043.0,101.0,30.0,365.0,0.0,19.0,19.0,285.0,2.0,2.0,2.0,4.0,4.0,4.0,5.0,4.0,4.0,0.0,1.0,1.0
2095,24/06/2026,city scrape,King bed - (#T)Private Room in Ottawa,Kruthika,"Ottawa, Canada",f,t,Stittsville-Kanata West,Private room in townhouse,Private room,25/06/2026,26/06/2026,t,24/06/2026,17/09/2025,21/06/2026,7.0,6.0,3.0,6.0,2.0,45.0,-75.0,2.0,1.0,2.0,1.0,103.0,1626.0,103.0,30.0,365.0,12.0,29.0,53.0,235.5,22.0,1.0,1.0,4.0,4.0,4.0,4.0,4.0,4.0,1.0,2.0,1.0
2096,24/06/2026,city scrape,Beautiful Executive 2 BR condo,Kim Gilles,"Ottawa, Canada",t,t,Kitchissippi,Entire rental unit,Entire home/apt,24/10/2026,23/11/2026,t,24/06/2026,05/07/2025,31/05/2026,7.0,6.0,3.0,6.0,2.0,45.0,-75.0,2.0,1.0,2.0,1.0,103.0,1626.0,103.0,30.0,365.0,12.0,29.0,53.0,235.5,22.0,1.0,1.0,4.0,4.0,4.0,4.0,4.0,4.0,1.0,2.0,1.0
2097,24/06/2026,city scrape,Modern Family Home in Chilliwack,Farhad,"Ottawa, Canada",f,t,Gloucester-Southgate,Private room in home,Private room,03/07/2026,04/07/2026,t,24/06/2026,09/06/2026,22/06/2026,7.0,6.0,3.0,6.0,2.0,45.0,-75.0,2.0,1.0,2.0,1.0,103.0,1626.0,103.0,30.0,365.0,12.0,29.0,53.0,235.5,22.0,1.0,1.0,4.0,4.0,4.0,4.0,4.0,4.0,1.0,2.0,1.0
2098,24/06/2026,city scrape,Sofa Bed In The Shared Living Room,Abdur,"New York, NY",f,t,Capital,Shared room in townhouse,Shared room,24/06/2026,25/06/2026,t,24/06/2026,09/06/2025,15/06/2026,10.0,10.0,5.0,0.0,6.0,45.0,-75.0,1.0,1.0,1.0,1.0,71.0,71.0,71.0,1.0,5.0,24.0,32.0,32.0,32.0,40.0,39.0,12.0,4.0,4.0,4.0,4.0,4.0,4.0,3.0,2.0,0.0
2099,24/06/2026,city scrape,The Avenue,Westhaven,"Ottawa, Canada",t,t,River,Entire home,Entire home/apt,18/12/2026,17/01/2027,t,24/06/2026,05/07/2025,01/03/2026,7.0,6.0,3.0,6.0,2.0,45.0,-75.0,2.0,1.0,2.0,1.0,103.0,1626.0,103.0,30.0,365.0,12.0,29.0,53.0,235.5,22.0,1.0,1.0,4.0,4.0,4.0,4.0,4.0,4.0,1.0,2.0,1.0
2100,24/06/2026,city scrape,"Cozy 2 bedroom townhouse, OTW airport Free Parking",Mizpah,"Ottawa, Canada",t,t,Osgoode,Private room in townhouse,Private room,04/08/2026,03/09/2026,t,24/06/2026,03/08/2025,29/11/2025,7.0,6.0,3.0,6.0,2.0,45.0,-75.0,2.0,1.0,2.0,1.0,103.0,1626.0,103.0,30.0,365.0,12.0,29.0,53.0,235.5,22.0,1.0,1.0,4.0,4.0,4.0,4.0,4.0,4.0,1.0,2.0,1.0
2101,02/07/2026,previous scrape,Rooms in Riverside South,Mohan,"Ottawa, Canada",f,t,Gloucester-South Nepean,Private room in home,Private room,09/07/2026,05/01/2027,f,02/07/2026,10,10,7.0,6.0,3.0,6.0,2.0,45.0,-75.0,2.0,1.0,2.0,1.0,103.0,1626.0,103.0,30.0,365.0,12.0,29.0,53.0,235.5,22.0,1.0,1.0,4.0,4.0,4.0,4.0,4.0,4.0,1.0,2.0,1.0
2102,24/06/2026,city scrape,Cozy Corner,Chisom,"Ottawa, Canada",t,t,College,Private room in home,Private room,24/06/2026,25/06/2026,t,24/06/2026,14/06/2025,21/06/2026,7.0,11.0,1.0,7.0,1.0,45.0,-75.0,1.0,1.0,2.0,1.0,100.0,100.0,100.0,1.0,7.0,26.0,50.0,80.0,80.0,29.0,27.0,15.0,4.0,4.0,4.0,4.0,4.0,4.0,2.0,1.0,0.0
2103,24/06/2026,city scrape,Elegant Victorian Studio,Rhys,"Ottawa, Canada",f,t,Somerset,Entire rental unit,Entire home/apt,01/08/2026,31/08/2026,t,24/06/2026,31/08/2025,31/08/2025,7.0,6.0,3.0,6.0,2.0,45.0,-75.0,2.0,1.0,2.0,1.0,103.0,1626.0,103.0,30.0,365.0,12.0,29.0,53.0,235.5,22.0,1.0,1.0,4.0,4.0,4.0,4.0,4.0,4.0,1.0,2.0,1.0
2104,24/06/2026,city scrape,Epic & Vibrant Loft Retreat,Indu,"Ottawa, Canada",f,t,Bay,Private room in home,Private room,24/06/2026,25/06/2026,t,24/06/2026,24/06/2025,14/06/2026,7.0,6.0,3.0,6.0,2.0,45.0,-75.0,2.0,1.0,2.0,1.0,103.0,1626.0,103.0,30.0,365.0,12.0,29.0,53.0,235.5,22.0,1.0,1.0,4.0,4.0,4.0,4.0,4.0,4.0,1.0,2.0,1.0
2105,24/06/2026,city scrape,Orleans Cozy Nest,Nadine,"Ottawa, Canada",f,t,Cumberland,Entire rental unit,Entire home/apt,17/08/2026,16/09/2026,t,24/06/2026,01/05/2026,16/06/2026,7.0,6.0,3.0,6.0,2.0,45.0,-75.0,2.0,1.0,2.0,1.0,103.0,1626.0,103.0,30.0,365.0,12.0,29.0,53.0,235.5,22.0,1.0,1.0,4.0,4.0,4.0,4.0,4.0,4.0,1.0,2.0,1.0
2106,02/07/2026,previous scrape,Luxury 3 Bedroom Home in Ottawa,Ademola,"Ottawa, Canada",f,t,Stittsville-Kanata West,Entire home,Entire home/apt,04/01/2027,04/02/2027,t,02/07/2026,10,10,2.0,11.0,2.0,4.0,2.0,45.0,-75.0,6.0,1.0,3.0,2.0,191.0,5936.0,191.0,31.0,730.0,0.0,0.0,0.0,179.0,0.0,0.0,0.0,4.0,4.0,4.0,4.0,4.0,4.0,1.0,2.0,2.0
2107,24/06/2026,city scrape,Single Room | Parking | Downtown | Shared Bath - 6,Host&Suite,"Ottawa, Canada",t,t,Rideau-Vanier,Room in hotel,Private room,29/06/2026,30/06/2026,t,24/06/2026,01/09/2025,31/05/2026,1.0,3.0,1.0,3.0,9.0,45.0,-75.0,1.0,1.0,1.0,1.0,120.0,120.0,120.0,1.0,15.0,14.0,32.0,48.0,134.0,25.0,25.0,8.0,4.0,4.0,4.0,4.0,4.0,4.0,2.0,7.0,0.0
2108,24/06/2026,city scrape,Lovely Glebe 2 Bedroom,Short And Suite BnB,"Ottawa, Canada",t,t,Capital,Entire home,Entire home/apt,24/06/2026,26/06/2026,t,24/06/2026,23/06/2025,16/03/2026,7.0,6.0,3.0,6.0,2.0,45.0,-75.0,2.0,1.0,2.0,1.0,103.0,1626.0,103.0,30.0,365.0,12.0,29.0,53.0,235.5,22.0,1.0,1.0,4.0,4.0,4.0,4.0,4.0,4.0,1.0,2.0,1.0
2109,02/07/2026,previous scrape,Cozy apartment with view,Nader,"Ottawa, Canada",f,t,Somerset,Entire rental unit,Entire home/apt,01/01/2027,30/06/2027,t,02/07/2026,10,10,7.0,6.0,3.0,6.0,2.0,45.0,-75.0,2.0,1.0,2.0,1.0,103.0,1626.0,103.0,30.0,365.0,12.0,29.0,53.0,235.5,22.0,1.0,1.0,4.0,4.0,4.0,4.0,4.0,4.0,1.0,2.0,1.0
2110,24/06/2026,city scrape,Coach House @ Corkery Gardens,Pauline,"Ottawa, Canada",t,t,West Carleton-March,Entire guesthouse,Entire home/apt,10/07/2026,12/07/2026,t,24/06/2026,11/07/2025,21/06/2026,7.0,6.0,3.0,6.0,2.0,45.0,-75.0,2.0,1.0,2.0,1.0,103.0,1626.0,103.0,30.0,365.0,12.0,29.0,53.0,235.5,22.0,1.0,1.0,4.0,4.0,4.0,4.0,4.0,4.0,1.0,2.0,1.0
2111,24/06/2026,city scrape,Charmant appartement 2 chambres,Sadgi,"Ottawa, Canada",f,t,Orleans,Entire serviced apartment,Entire home/apt,04/07/2026,05/07/2026,t,24/06/2026,23/06/2025,16/06/2026,7.0,6.0,3.0,6.0,2.0,45.0,-75.0,2.0,1.0,2.0,1.0,103.0,1626.0,103.0,30.0,365.0,12.0,29.0,53.0,235.5,22.0,1.0,1.0,4.0,4.0,4.0,4.0,4.0,4.0,1.0,2.0,1.0
2112,24/06/2026,city scrape,Mini suite#3 Dow's Lake Downtown Ottawa,Bella,"Gatineau, Canada",f,t,Capital,Private room in home,Private room,25/06/2026,25/07/2026,t,24/06/2026,31/05/2026,31/05/2026,7.0,6.0,3.0,6.0,2.0,45.0,-75.0,2.0,1.0,2.0,1.0,103.0,1626.0,103.0,30.0,365.0,12.0,29.0,53.0,235.5,22.0,1.0,1.0,4.0,4.0,4.0,4.0,4.0,4.0,1.0,2.0,1.0
2113,24/06/2026,city scrape,Comfortable and spacious room! Left,Robson,"Ottawa, Canada",f,t,Barrhaven,Private room in home,Private room,31/07/2026,31/08/2026,t,24/06/2026,30/08/2025,18/12/2025,7.0,6.0,3.0,6.0,2.0,45.0,-75.0,2.0,1.0,2.0,1.0,103.0,1626.0,103.0,30.0,365.0,12.0,29.0,53.0,235.5,22.0,1.0,1.0,4.0,4.0,4.0,4.0,4.0,4.0,1.0,2.0,1.0
2114,02/07/2026,previous scrape,Comfortable and spacious room! Right,Robson,"Ottawa, Canada",f,t,Barrhaven,Private room in home,Private room,0000-00-00,"""0000-00-00""",t,02/07/2026,30/07/2025,03/05/2026,7.0,6.0,3.0,6.0,2.0,45.0,-75.0,2.0,1.0,2.0,1.0,103.0,1626.0,103.0,30.0,365.0,12.0,29.0,53.0,235.5,22.0,1.0,1.0,4.0,4.0,4.0,4.0,4.0,4.0,1.0,2.0,1.0
2115,24/06/2026,city scrape,MTR - Turnkey 2-Bed – All Included!,Julie,"Ottawa, Canada",f,t,Rideau-Vanier,Entire rental unit,Entire home/apt,01/08/2026,31/08/2026,t,24/06/2026,10,10,3.0,11.0,1.0,0.0,3.0,45.0,-75.0,5.0,1.0,2.0,2.0,122.0,3667.0,122.0,30.0,365.0,28.0,51.0,81.0,90.0,0.0,0.0,0.0,4.0,4.0,4.0,4.0,4.0,4.0,1.0,3.0,3.0
2116,24/06/2026,city scrape,Room Across Uottawa 5Mins Walk Parliament Hill,Carlos,"Ottawa, Canada",f,t,Rideau-Vanier,Private room in rental unit,Private room,24/06/2026,24/07/2026,t,24/06/2026,20/06/2025,17/07/2025,7.0,6.0,3.0,6.0,2.0,45.0,-75.0,2.0,1.0,2.0,1.0,103.0,1626.0,103.0,30.0,365.0,12.0,29.0,53.0,235.5,22.0,1.0,1.0,4.0,4.0,4.0,4.0,4.0,4.0,1.0,2.0,1.0
2117,24/06/2026,city scrape,Cozy boho 2-BR basement w. Pkg,Amani,"Ottawa, Canada",t,t,Rideau-Rockcliffe,Entire home,Entire home/apt,02/07/2026,01/08/2026,t,24/06/2026,10,10,10.0,9.0,9.0,10.0,7.0,45.0,-75.0,2.0,1.0,2.0,2.0,73.0,2215.0,73.0,30.0,365.0,22.0,30.0,48.0,321.0,0.0,0.0,0.0,4.0,4.0,4.0,4.0,4.0,4.0,1.0,7.0,1.0
2118,24/06/2026,city scrape,"Lower level bdr #1, 12 mins DT.",Amani,"Ottawa, Canada",t,t,Rideau-Rockcliffe,Private room in home,Private room,03/07/2026,02/08/2026,t,24/06/2026,14/08/2025,20/05/2026,10.0,9.0,9.0,10.0,7.0,45.0,-75.0,1.0,1.0,2.0,1.0,41.0,1254.0,41.0,30.0,365.0,21.0,51.0,81.0,354.0,5.0,5.0,3.0,4.0,4.0,5.0,5.0,4.0,4.0,0.0,7.0,1.0
2119,02/07/2026,previous scrape,Stonehouse on the RIdeau,Mary,"Ottawa, Canada",f,t,Osgoode,Entire home,Entire home/apt,01/10/2026,31/10/2026,t,02/07/2026,31/08/2025,31/08/2025,7.0,6.0,3.0,6.0,2.0,45.0,-75.0,2.0,1.0,2.0,1.0,103.0,1626.0,103.0,30.0,365.0,12.0,29.0,53.0,235.5,22.0,1.0,1.0,4.0,4.0,4.0,4.0,4.0,4.0,1.0,2.0,1.0
2120,24/06/2026,city scrape,Lovely & Modern Condo in downtown Ottawa,Sara,Canada,t,t,Rideau-Vanier,Entire rental unit,Entire home/apt,28/08/2026,27/09/2026,t,24/06/2026,10/05/2026,10/05/2026,7.0,6.0,3.0,6.0,2.0,45.0,-75.0,2.0,1.0,2.0,1.0,103.0,1626.0,103.0,30.0,365.0,12.0,29.0,53.0,235.5,22.0,1.0,1.0,4.0,4.0,4.0,4.0,4.0,4.0,1.0,2.0,1.0
2121,24/06/2026,city scrape,Upscale 2-Bedroom Basement Unit,Emmanuel,"Ottawa, Canada",f,t,Rideau-Goulbourn,Entire home,Entire home/apt,30/06/2026,01/07/2026,t,24/06/2026,15/02/2026,12/06/2026,7.0,6.0,3.0,6.0,2.0,45.0,-75.0,2.0,1.0,2.0,1.0,103.0,1626.0,103.0,30.0,365.0,12.0,29.0,53.0,235.5,22.0,1.0,1.0,4.0,4.0,4.0,4.0,4.0,4.0,1.0,2.0,1.0
2122,24/06/2026,city scrape,Private 2BR Suite w/Parking Near Ottawa Airport,Anita,"Ottawa, Canada",f,t,Gloucester-South Nepean,Private room in rental unit,Private room,01/07/2026,03/07/2026,t,24/06/2026,24/11/2025,29/05/2026,7.0,6.0,3.0,6.0,2.0,45.0,-75.0,2.0,1.0,2.0,1.0,103.0,1626.0,103.0,30.0,365.0,12.0,29.0,53.0,235.5,22.0,1.0,1.0,4.0,4.0,4.0,4.0,4.0,4.0,1.0,2.0,1.0
2123,24/06/2026,city scrape,"Generous Room - Airport, Transit, Park & Amenities",Thi Kim Lien,"Ottawa, Canada",f,t,River,Private room in home,Private room,31/07/2026,30/08/2026,t,24/06/2026,10,10,7.0,6.0,3.0,6.0,2.0,45.0,-75.0,2.0,1.0,2.0,1.0,103.0,1626.0,103.0,30.0,365.0,12.0,29.0,53.0,235.5,22.0,1.0,1.0,4.0,4.0,4.0,4.0,4.0,4.0,1.0,2.0,1.0
2124,24/06/2026,city scrape,Entire Home with big Backyard and Peaceful Setting,Ray,"Ottawa, Canada",f,t,Gloucester-South Nepean,Entire bungalow,Entire home/apt,19/07/2026,18/08/2026,t,24/06/2026,10,10,7.0,6.0,3.0,6.0,2.0,45.0,-75.0,2.0,1.0,2.0,1.0,103.0,1626.0,103.0,30.0,365.0,12.0,29.0,53.0,235.5,22.0,1.0,1.0,4.0,4.0,4.0,4.0,4.0,4.0,1.0,2.0,1.0
2125,24/06/2026,city scrape,Ottawa work and study retreat,Mehrdad,"Ottawa, Canada",t,t,Rideau-Vanier,Entire rental unit,Entire home/apt,07/02/2027,09/03/2027,t,24/06/2026,24/11/2025,27/03/2026,7.0,6.0,3.0,6.0,2.0,45.0,-75.0,2.0,1.0,2.0,1.0,103.0,1626.0,103.0,30.0,365.0,12.0,29.0,53.0,235.5,22.0,1.0,1.0,4.0,4.0,4.0,4.0,4.0,4.0,1.0,2.0,1.0
2126,24/06/2026,city scrape,5 mins to Billing’s Bridge Stop.,Saleh,"Ottawa, Canada",f,t,Capital,Private room in rental unit,Private room,24/06/2026,25/06/2026,t,24/06/2026,10,10,1.0,9.0,1.0,9.0,2.0,45.0,-75.0,2.0,1.0,1.0,1.0,66.0,66.0,66.0,1.0,365.0,17.0,46.0,74.0,347.0,0.0,0.0,0.0,4.0,4.0,4.0,4.0,4.0,4.0,1.0,2.0,0.0
2127,24/06/2026,city scrape,"Luxury 1 Bedroom, 2 Beds, Free Parking.",Valerie,"Ottawa, Canada",f,t,Gloucester-Southgate,Entire townhouse,Entire home/apt,01/10/2026,31/10/2026,t,24/06/2026,10,10,3.0,5.0,2.0,5.0,1.0,45.0,-75.0,4.0,1.0,1.0,2.0,99.0,2977.0,99.0,30.0,365.0,0.0,1.0,1.0,267.0,0.0,0.0,0.0,4.0,4.0,4.0,4.0,4.0,4.0,1.0,1.0,1.0
2128,24/06/2026,city scrape,2BR - Suite for Flexible Stays Near DT/Airport,Michel,"Ottawa, Canada",f,t,River,Private room in rental unit,Private room,01/07/2026,31/07/2026,t,24/06/2026,29/09/2025,31/01/2026,7.0,6.0,3.0,6.0,2.0,45.0,-75.0,2.0,1.0,2.0,1.0,103.0,1626.0,103.0,30.0,365.0,12.0,29.0,53.0,235.5,22.0,1.0,1.0,4.0,4.0,4.0,4.0,4.0,4.0,1.0,2.0,1.0
2129,24/06/2026,city scrape,Spacious 6BR Home | Barrhaven,Jasmine,"Ottawa, Canada",t,t,Barrhaven,Entire home,Entire home/apt,31/08/2026,30/09/2026,t,24/06/2026,02/09/2025,23/01/2026,7.0,6.0,3.0,6.0,2.0,45.0,-75.0,2.0,1.0,2.0,1.0,103.0,1626.0,103.0,30.0,365.0,12.0,29.0,53.0,235.5,22.0,1.0,1.0,4.0,4.0,4.0,4.0,4.0,4.0,1.0,2.0,1.0
2130,24/06/2026,city scrape,3 BRs - 1 BthR Cozy lower unit.,Jack,"Ottawa, Canada",f,t,Orleans,Entire rental unit,Entire home/apt,24/03/2027,24/04/2027,t,24/06/2026,09/11/2025,05/05/2026,7.0,6.0,3.0,6.0,2.0,45.0,-75.0,2.0,1.0,2.0,1.0,103.0,1626.0,103.0,30.0,365.0,12.0,29.0,53.0,235.5,22.0,1.0,1.0,4.0,4.0,4.0,4.0,4.0,4.0,1.0,2.0,1.0
2131,24/06/2026,city scrape,Grand 5Bed Barrhaven Estate,Vu,"Ottawa, Canada",f,t,Gloucester-South Nepean,Entire home,Entire home/apt,01/08/2026,31/08/2026,t,24/06/2026,09/07/2025,02/09/2025,7.0,6.0,3.0,6.0,2.0,45.0,-75.0,2.0,1.0,2.0,1.0,103.0,1626.0,103.0,30.0,365.0,12.0,29.0,53.0,235.5,22.0,1.0,1.0,4.0,4.0,4.0,4.0,4.0,4.0,1.0,2.0,1.0
2132,24/06/2026,city scrape,4BR Kanata Home W/ Hottub & Gym,Michael,"Ottawa, Canada",t,t,Stittsville-Kanata West,Entire home,Entire home/apt,24/06/2026,25/06/2026,t,24/06/2026,21/07/2025,30/05/2026,7.0,6.0,3.0,6.0,2.0,45.0,-75.0,2.0,1.0,2.0,1.0,103.0,1626.0,103.0,30.0,365.0,12.0,29.0,53.0,235.5,22.0,1.0,1.0,4.0,4.0,4.0,4.0,4.0,4.0,1.0,2.0,1.0
2133,24/06/2026,city scrape,4-BD Country Escape | Gourmet Kitchen | Ottawa,Besha,"Ottawa, Canada",t,t,West Carleton-March,Entire home,Entire home/apt,06/07/2026,08/07/2026,t,24/06/2026,27/07/2025,24/05/2026,7.0,6.0,3.0,6.0,2.0,45.0,-75.0,2.0,1.0,2.0,1.0,103.0,1626.0,103.0,30.0,365.0,12.0,29.0,53.0,235.5,22.0,1.0,1.0,4.0,4.0,4.0,4.0,4.0,4.0,1.0,2.0,1.0
2134,24/06/2026,city scrape,"Cozy bed room - Airport, Transit",Tuan,"Ottawa, Canada",f,t,River,Private room in home,Private room,01/08/2026,31/08/2026,t,24/06/2026,10,10,7.0,6.0,3.0,6.0,2.0,45.0,-75.0,2.0,1.0,2.0,1.0,103.0,1626.0,103.0,30.0,365.0,12.0,29.0,53.0,235.5,22.0,1.0,1.0,4.0,4.0,4.0,4.0,4.0,4.0,1.0,2.0,1.0
2135,24/06/2026,city scrape,Central Golden Triangle Oasis: Stylish 2+1 BD,Joshua,"Ottawa, Canada",t,t,Somerset,Entire home,Entire home/apt,30/08/2026,29/09/2026,t,24/06/2026,13/07/2025,05/06/2026,7.0,6.0,3.0,6.0,2.0,45.0,-75.0,2.0,1.0,2.0,1.0,103.0,1626.0,103.0,30.0,365.0,12.0,29.0,53.0,235.5,22.0,1.0,1.0,4.0,4.0,4.0,4.0,4.0,4.0,1.0,2.0,1.0
2136,24/06/2026,city scrape,Gracefull Oasis,Amarachi,"Ottawa, Canada",f,t,Rideau-Goulbourn,Private room in home,Private room,26/03/2027,25/04/2027,t,24/06/2026,06/07/2025,06/07/2025,7.0,6.0,3.0,6.0,2.0,45.0,-75.0,2.0,1.0,2.0,1.0,103.0,1626.0,103.0,30.0,365.0,12.0,29.0,53.0,235.5,22.0,1.0,1.0,4.0,4.0,4.0,4.0,4.0,4.0,1.0,2.0,1.0
2137,24/06/2026,city scrape,Private room 3 Mins walk Uottawa,Frits,"Mexicali, Mexico",f,t,Rideau-Vanier,Private room in rental unit,Private room,24/06/2026,24/07/2026,t,24/06/2026,10,10,7.0,6.0,3.0,6.0,2.0,45.0,-75.0,2.0,1.0,2.0,1.0,103.0,1626.0,103.0,30.0,365.0,12.0,29.0,53.0,235.5,22.0,1.0,1.0,4.0,4.0,4.0,4.0,4.0,4.0,1.0,2.0,1.0
2138,24/06/2026,city scrape,Crown Hideaway | 1BR Basement | 1 Queen Bed,Remi,"Ottawa, Canada",f,t,Rideau-Goulbourn,Private room in home,Private room,25/06/2026,25/07/2026,t,24/06/2026,22/12/2025,22/12/2025,7.0,6.0,3.0,6.0,2.0,45.0,-75.0,2.0,1.0,2.0,1.0,103.0,1626.0,103.0,30.0,365.0,12.0,29.0,53.0,235.5,22.0,1.0,1.0,4.0,4.0,4.0,4.0,4.0,4.0,1.0,2.0,1.0
2139,24/06/2026,city scrape,"Zen Oasis, in the Heart of New Edinburgh!",Vincent,"Ottawa, Canada",t,t,Rideau-Rockcliffe,Entire rental unit,Entire home/apt,30/06/2026,30/07/2026,t,24/06/2026,11/08/2025,01/10/2025,7.0,6.0,3.0,6.0,2.0,45.0,-75.0,2.0,1.0,2.0,1.0,103.0,1626.0,103.0,30.0,365.0,12.0,29.0,53.0,235.5,22.0,1.0,1.0,4.0,4.0,4.0,4.0,4.0,4.0,1.0,2.0,1.0
2140,24/06/2026,city scrape,Hip and Central Hideout in Chinatown,Farah,"Terrebonne, Canada",t,t,Somerset,Entire rental unit,Entire home/apt,25/06/2026,26/06/2026,t,24/06/2026,16/07/2025,10/06/2026,8.0,4.0,0.0,11.0,1.0,45.0,-75.0,2.0,1.0,1.0,1.0,307.0,307.0,307.0,1.0,365.0,25.0,55.0,85.0,175.0,35.0,35.0,19.0,4.0,4.0,4.0,4.0,4.0,4.0,3.0,1.0,1.0
2141,24/06/2026,city scrape,Custom 3 Bedroom  Basement Suite in Orleans,Mandy,"Ottawa, Canada",t,t,Orleans,Entire rental unit,Entire home/apt,25/06/2026,29/06/2026,t,24/06/2026,08/07/2025,09/06/2026,0.0,11.0,0.0,11.0,1.0,45.0,-75.0,6.0,1.0,3.0,3.0,295.0,1182.0,295.0,2.0,365.0,27.0,57.0,87.0,177.0,24.0,24.0,16.0,4.0,4.0,4.0,4.0,4.0,4.0,2.0,1.0,1.0
2142,24/06/2026,city scrape,Chic 5 BED Haven in Barrhaven,Jacques,"Ottawa, Canada",t,t,Barrhaven,Entire home,Entire home/apt,06/07/2026,10/07/2026,t,24/06/2026,13/07/2025,29/05/2026,7.0,6.0,3.0,6.0,2.0,45.0,-75.0,2.0,1.0,2.0,1.0,103.0,1626.0,103.0,30.0,365.0,12.0,29.0,53.0,235.5,22.0,1.0,1.0,4.0,4.0,4.0,4.0,4.0,4.0,1.0,2.0,1.0
2143,24/06/2026,city scrape,Townhouse in Ottawa South *Garage Included*,Natalie,"Ottawa, Canada",f,t,Gloucester-South Nepean,Entire home,Entire home/apt,11/07/2026,10/08/2026,t,24/06/2026,26/08/2025,11/05/2026,7.0,6.0,3.0,6.0,2.0,45.0,-75.0,2.0,1.0,2.0,1.0,103.0,1626.0,103.0,30.0,365.0,12.0,29.0,53.0,235.5,22.0,1.0,1.0,4.0,4.0,4.0,4.0,4.0,4.0,1.0,2.0,1.0
2144,02/07/2026,previous scrape,Lovely Bachelor in Ottawa,Short And Suite BnB,"Ottawa, Canada",t,t,Somerset,Entire rental unit,Entire home/apt,0000-00-00,"""0000-00-00""",t,02/07/2026,01/11/2025,01/11/2025,7.0,6.0,3.0,6.0,2.0,45.0,-75.0,2.0,1.0,2.0,1.0,103.0,1626.0,103.0,30.0,365.0,12.0,29.0,53.0,235.5,22.0,1.0,1.0,4.0,4.0,4.0,4.0,4.0,4.0,1.0,2.0,1.0
2145,24/06/2026,city scrape,Studious 2BR Suite*Close to Science & Tech Museum*,Chris,"Ottawa, Canada",t,t,Alta Vista,Entire rental unit,Entire home/apt,29/06/2026,03/07/2026,t,24/06/2026,11/07/2025,01/06/2026,9.0,0.0,9.0,0.0,1.0,45.0,-75.0,4.0,1.0,2.0,2.0,246.0,984.0,246.0,1.0,365.0,26.0,52.0,52.0,83.0,16.0,16.0,8.0,4.0,4.0,4.0,4.0,4.0,4.0,1.0,1.0,1.0
2146,24/06/2026,city scrape,KASHY HOMES-Cozy home 10 minutes to DT and Airport,Kashy,"Ottawa, Canada",t,t,Gloucester-Southgate,Entire home,Entire home/apt,01/09/2026,01/10/2026,t,24/06/2026,13/10/2025,31/05/2026,7.0,6.0,3.0,6.0,2.0,45.0,-75.0,2.0,1.0,2.0,1.0,103.0,1626.0,103.0,30.0,365.0,12.0,29.0,53.0,235.5,22.0,1.0,1.0,4.0,4.0,4.0,4.0,4.0,4.0,1.0,2.0,1.0
2147,24/06/2026,city scrape,Wren Cottage on the Ottawa River,Leif,"Ottawa, Canada",f,t,West Carleton-March,Entire cabin,Entire home/apt,24/06/2026,25/06/2026,t,24/06/2026,15/11/2025,22/06/2026,7.0,6.0,3.0,6.0,2.0,45.0,-75.0,2.0,1.0,2.0,1.0,103.0,1626.0,103.0,30.0,365.0,12.0,29.0,53.0,235.5,22.0,1.0,1.0,4.0,4.0,4.0,4.0,4.0,4.0,1.0,2.0,1.0
2148,24/06/2026,city scrape,"Modern Home w. Steam Room, Beach",Michael And Olga,"Ottawa, Canada",f,t,Bay,Entire home,Entire home/apt,01/09/2026,01/10/2026,t,24/06/2026,31/01/2026,31/01/2026,7.0,6.0,3.0,6.0,2.0,45.0,-75.0,2.0,1.0,2.0,1.0,103.0,1626.0,103.0,30.0,365.0,12.0,29.0,53.0,235.5,22.0,1.0,1.0,4.0,4.0,4.0,4.0,4.0,4.0,1.0,2.0,1.0
2149,24/06/2026,city scrape,Cozy private room in downtown,Rahim,"St. John's, Canada",f,t,Rideau-Vanier,Private room in rental unit,Private room,24/06/2026,24/07/2026,t,24/06/2026,10,10,4.0,11.0,0.0,11.0,1.0,45.0,-75.0,2.0,1.0,2.0,1.0,47.0,1433.0,47.0,30.0,365.0,30.0,60.0,90.0,365.0,0.0,0.0,0.0,4.0,4.0,4.0,4.0,4.0,4.0,1.0,1.0,0.0
2150,24/06/2026,city scrape,Bisco's Nest Ottawa,Abi,"Ottawa, Canada",f,t,Gloucester-Southgate,Entire home,Entire home/apt,13/07/2026,12/08/2026,t,24/06/2026,22/05/2026,22/05/2026,7.0,6.0,3.0,6.0,2.0,45.0,-75.0,2.0,1.0,2.0,1.0,103.0,1626.0,103.0,30.0,365.0,12.0,29.0,53.0,235.5,22.0,1.0,1.0,4.0,4.0,4.0,4.0,4.0,4.0,1.0,2.0,1.0
2151,24/06/2026,city scrape,Spacious Home 15 minutes to DT,Thi Mai Oanh,"Ottawa, Canada",f,t,Bay,Entire home,Entire home/apt,13/07/2026,15/07/2026,t,24/06/2026,27/07/2025,05/06/2026,7.0,6.0,3.0,6.0,2.0,45.0,-75.0,2.0,1.0,2.0,1.0,103.0,1626.0,103.0,30.0,365.0,12.0,29.0,53.0,235.5,22.0,1.0,1.0,4.0,4.0,4.0,4.0,4.0,4.0,1.0,2.0,1.0
2152,24/06/2026,city scrape,Stylish Private Studio Suite,Christi-Anna,"Ottawa, Canada",f,t,Gloucester-South Nepean,Entire home,Entire home/apt,29/06/2026,30/06/2026,t,24/06/2026,30/08/2025,19/06/2026,12.0,0.0,4.0,1.0,1.0,45.0,-75.0,1.0,1.0,1.0,1.0,137.0,137.0,137.0,1.0,30.0,12.0,42.0,68.0,342.0,25.0,25.0,12.0,4.0,4.0,4.0,4.0,4.0,4.0,2.0,1.0,1.0
2153,24/06/2026,city scrape,Luxury Upper House 2BR NEAR Downtown FREE Parking,GuestGems,"Ottawa, Canada",f,t,Rideau-Vanier,Entire home,Entire home/apt,04/07/2026,05/07/2026,t,24/06/2026,26/07/2025,09/06/2026,2.0,8.0,2.0,8.0,7.0,45.0,-75.0,4.0,1.0,2.0,2.0,320.0,320.0,320.0,1.0,1125.0,5.0,9.0,21.0,255.0,17.0,17.0,7.0,4.0,4.0,5.0,4.0,4.0,4.0,1.0,1.0,1.0
2154,24/06/2026,city scrape,"Vintage Home | Fenced Yard, Pvt Patio, Parking",Sean,"Ottawa, Canada",t,t,Somerset,Entire home,Entire home/apt,25/06/2026,26/06/2026,t,24/06/2026,22/08/2025,11/06/2026,7.0,6.0,3.0,6.0,2.0,45.0,-75.0,2.0,1.0,2.0,1.0,103.0,1626.0,103.0,30.0,365.0,12.0,29.0,53.0,235.5,22.0,1.0,1.0,4.0,4.0,4.0,4.0,4.0,4.0,1.0,2.0,1.0
2155,24/06/2026,city scrape,"Lower level bdr #2, 12 mins DT.",Amani,"Ottawa, Canada",t,t,Rideau-Rockcliffe,Private room in home,Private room,01/07/2026,31/07/2026,t,24/06/2026,18/11/2025,18/11/2025,7.0,6.0,3.0,6.0,2.0,45.0,-75.0,2.0,1.0,2.0,1.0,103.0,1626.0,103.0,30.0,365.0,12.0,29.0,53.0,235.5,22.0,1.0,1.0,4.0,4.0,4.0,4.0,4.0,4.0,1.0,2.0,1.0
2156,24/06/2026,city scrape,"Beechwood, 2 Bedroom, cozy private apartment",Vincent,"Ottawa, Canada",t,t,Rideau-Rockcliffe,Entire rental unit,Entire home/apt,01/07/2026,31/07/2026,t,24/06/2026,19/11/2025,26/03/2026,7.0,6.0,3.0,6.0,2.0,45.0,-75.0,2.0,1.0,2.0,1.0,103.0,1626.0,103.0,30.0,365.0,12.0,29.0,53.0,235.5,22.0,1.0,1.0,4.0,4.0,4.0,4.0,4.0,4.0,1.0,2.0,1.0
2157,24/06/2026,city scrape,"Luxury Escape, Hot Tub, Fenced Backyard, Fireplace",Miles,"Ottawa, Canada",t,t,College,Entire home,Entire home/apt,28/06/2026,29/06/2026,t,24/06/2026,28/05/2026,21/06/2026,7.0,6.0,3.0,6.0,2.0,45.0,-75.0,2.0,1.0,2.0,1.0,103.0,1626.0,103.0,30.0,365.0,12.0,29.0,53.0,235.5,22.0,1.0,1.0,4.0,4.0,4.0,4.0,4.0,4.0,1.0,2.0,1.0
2158,24/06/2026,city scrape,Brandnew 3 Bedroom Byward Market Townhome,Short And Suite BnB,"Ottawa, Canada",t,t,Rideau-Vanier,Entire rental unit,Entire home/apt,31/12/2026,30/01/2027,t,24/06/2026,18/03/2026,17/06/2026,7.0,6.0,3.0,6.0,2.0,45.0,-75.0,2.0,1.0,2.0,1.0,103.0,1626.0,103.0,30.0,365.0,12.0,29.0,53.0,235.5,22.0,1.0,1.0,4.0,4.0,4.0,4.0,4.0,4.0,1.0,2.0,1.0
2159,02/07/2026,previous scrape,Spacious private modern townhouse,Larisa,"Ottawa, Canada",t,t,Gloucester-South Nepean,Entire rental unit,Entire home/apt,0000-00-00,"""0000-00-00""",t,02/07/2026,19/07/2025,31/08/2025,7.0,6.0,3.0,6.0,2.0,45.0,-75.0,2.0,1.0,2.0,1.0,103.0,1626.0,103.0,30.0,365.0,12.0,29.0,53.0,235.5,22.0,1.0,1.0,4.0,4.0,4.0,4.0,4.0,4.0,1.0,2.0,1.0
2160,02/07/2026,previous scrape,Spacious 3 Bedroom | 3 Parking + EV Charger,Jonathan,"Ottawa, Canada",t,t,River,Entire home,Entire home/apt,19/07/2026,21/07/2026,t,02/07/2026,01/08/2025,29/06/2026,7.0,6.0,3.0,6.0,2.0,45.0,-75.0,2.0,1.0,2.0,1.0,103.0,1626.0,103.0,30.0,365.0,12.0,29.0,53.0,235.5,22.0,1.0,1.0,4.0,4.0,4.0,4.0,4.0,4.0,1.0,2.0,1.0
2161,24/06/2026,city scrape,Cozy Upscale Retreat Kanata-Family & Professionals,Sean,"Ottawa, Canada",t,t,Kanata North,Entire home,Entire home/apt,03/08/2026,02/09/2026,t,24/06/2026,30/12/2025,30/12/2025,7.0,6.0,3.0,6.0,2.0,45.0,-75.0,2.0,1.0,2.0,1.0,103.0,1626.0,103.0,30.0,365.0,12.0,29.0,53.0,235.5,22.0,1.0,1.0,4.0,4.0,4.0,4.0,4.0,4.0,1.0,2.0,1.0
2162,24/06/2026,city scrape,Elegant 1BR with Stunning Views near ByWard Market,Corporate Stays,"Montreal, Canada",f,f,Somerset,Entire rental unit,Entire home/apt,31/07/2026,30/08/2026,t,24/06/2026,24/10/2025,01/03/2026,7.0,6.0,3.0,6.0,2.0,45.0,-75.0,2.0,1.0,2.0,1.0,103.0,1626.0,103.0,30.0,365.0,12.0,29.0,53.0,235.5,22.0,1.0,1.0,4.0,4.0,4.0,4.0,4.0,4.0,1.0,2.0,1.0
2163,24/06/2026,city scrape,Private Basement Room (Females Only),Hien,"Ottawa, Canada",t,t,Rideau-Goulbourn,Private room in home,Private room,01/07/2026,31/07/2026,t,24/06/2026,05/12/2025,26/04/2026,7.0,6.0,3.0,6.0,2.0,45.0,-75.0,2.0,1.0,2.0,1.0,103.0,1626.0,103.0,30.0,365.0,12.0,29.0,53.0,235.5,22.0,1.0,1.0,4.0,4.0,4.0,4.0,4.0,4.0,1.0,2.0,1.0
2164,24/06/2026,city scrape,Cozy Bungalow - 5 mins. to The Ottawa Hospital!,Luis,"Gatineau, Canada",t,t,Alta Vista,Entire home,Entire home/apt,19/10/2026,18/11/2026,t,24/06/2026,09/10/2025,09/10/2025,7.0,6.0,3.0,6.0,2.0,45.0,-75.0,2.0,1.0,2.0,1.0,103.0,1626.0,103.0,30.0,365.0,12.0,29.0,53.0,235.5,22.0,1.0,1.0,4.0,4.0,4.0,4.0,4.0,4.0,1.0,2.0,1.0
2165,02/07/2026,previous scrape,Full House with Smart TV in all rooms,Akpevweoghene Glory,"Ottawa, Canada",f,t,Rideau-Goulbourn,Entire home,Entire home/apt,0000-00-00,"""0000-00-00""",t,02/07/2026,20/07/2025,20/07/2025,7.0,6.0,3.0,6.0,2.0,45.0,-75.0,2.0,1.0,2.0,1.0,103.0,1626.0,103.0,30.0,365.0,12.0,29.0,53.0,235.5,22.0,1.0,1.0,4.0,4.0,4.0,4.0,4.0,4.0,1.0,2.0,1.0
2166,24/06/2026,city scrape,"Trendy 2BR + sofa bed | Ottawa, Little Italy",Amanda,"Ottawa, Canada",t,t,Somerset,Entire rental unit,Entire home/apt,29/06/2026,29/07/2026,t,24/06/2026,08/08/2025,10/05/2026,7.0,6.0,3.0,6.0,2.0,45.0,-75.0,2.0,1.0,2.0,1.0,103.0,1626.0,103.0,30.0,365.0,12.0,29.0,53.0,235.5,22.0,1.0,1.0,4.0,4.0,4.0,4.0,4.0,4.0,1.0,2.0,1.0
2167,24/06/2026,city scrape,Cozy House on the hill,Lindsay,"Ottawa, Canada",t,t,Innes,Entire home,Entire home/apt,02/07/2026,01/08/2026,t,24/06/2026,09/02/2026,27/03/2026,7.0,6.0,3.0,6.0,2.0,45.0,-75.0,2.0,1.0,2.0,1.0,103.0,1626.0,103.0,30.0,365.0,12.0,29.0,53.0,235.5,22.0,1.0,1.0,4.0,4.0,4.0,4.0,4.0,4.0,1.0,2.0,1.0
2168,24/06/2026,city scrape,"Modern, Fresh Alta Vista Guest House",Sonja,"Ottawa, Canada",t,t,Alta Vista,Entire guesthouse,Entire home/apt,30/09/2026,30/10/2026,t,24/06/2026,15/10/2025,15/10/2025,7.0,6.0,3.0,6.0,2.0,45.0,-75.0,2.0,1.0,2.0,1.0,103.0,1626.0,103.0,30.0,365.0,12.0,29.0,53.0,235.5,22.0,1.0,1.0,4.0,4.0,4.0,4.0,4.0,4.0,1.0,2.0,1.0
2169,24/06/2026,city scrape,Taste of paradise in Ottawa,Lans,"Ottawa, Canada",f,t,Rideau-Rockcliffe,Private room in bungalow,Private room,25/06/2026,27/06/2026,t,24/06/2026,16/02/2026,05/06/2026,7.0,6.0,3.0,6.0,2.0,45.0,-75.0,2.0,1.0,2.0,1.0,103.0,1626.0,103.0,30.0,365.0,12.0,29.0,53.0,235.5,22.0,1.0,1.0,4.0,4.0,4.0,4.0,4.0,4.0,1.0,2.0,1.0
2170,24/06/2026,city scrape,Duplex Penthouse in the heart of Ottawa,Ascent,"Ottawa, Canada",f,t,Somerset,Entire home,Entire home/apt,09/09/2026,09/10/2026,t,24/06/2026,13/11/2025,31/05/2026,7.0,6.0,3.0,6.0,2.0,45.0,-75.0,2.0,1.0,2.0,1.0,103.0,1626.0,103.0,30.0,365.0,12.0,29.0,53.0,235.5,22.0,1.0,1.0,4.0,4.0,4.0,4.0,4.0,4.0,1.0,2.0,1.0
2171,24/06/2026,city scrape,Brand New Bright & Modern 2BR & 2Bath near CTC,Adetoro,"Ottawa, Canada",t,t,Kanata North,Entire condo,Entire home/apt,10/09/2026,10/10/2026,t,24/06/2026,01/10/2025,30/05/2026,7.0,6.0,3.0,6.0,2.0,45.0,-75.0,2.0,1.0,2.0,1.0,103.0,1626.0,103.0,30.0,365.0,12.0,29.0,53.0,235.5,22.0,1.0,1.0,4.0,4.0,4.0,4.0,4.0,4.0,1.0,2.0,1.0
2172,24/06/2026,city scrape,Prestige home,Bader,"Ottawa, Canada",t,t,Osgoode,Entire home,Entire home/apt,25/06/2026,26/06/2026,t,24/06/2026,10/08/2025,10/06/2026,7.0,6.0,3.0,6.0,2.0,45.0,-75.0,2.0,1.0,2.0,1.0,103.0,1626.0,103.0,30.0,365.0,12.0,29.0,53.0,235.5,22.0,1.0,1.0,4.0,4.0,4.0,4.0,4.0,4.0,1.0,2.0,1.0
2173,24/06/2026,city scrape,Stylish Queen Studio Apt with Fast Wi-Fi & Parking,Eldin,"Ottawa, Canada",f,t,Kitchissippi,Entire rental unit,Entire home/apt,28/07/2026,27/08/2026,t,24/06/2026,01/02/2026,31/05/2026,7.0,6.0,3.0,6.0,2.0,45.0,-75.0,2.0,1.0,2.0,1.0,103.0,1626.0,103.0,30.0,365.0,12.0,29.0,53.0,235.5,22.0,1.0,1.0,4.0,4.0,4.0,4.0,4.0,4.0,1.0,2.0,1.0
2174,02/07/2026,previous scrape,"Cozy, Chic, Family-Friendly Stay",Taissa,"Ottawa, Canada",f,f,Innes,Entire rental unit,Entire home/apt,17/01/2027,16/02/2027,t,02/07/2026,03/08/2025,30/01/2026,7.0,6.0,3.0,6.0,2.0,45.0,-75.0,2.0,1.0,2.0,1.0,103.0,1626.0,103.0,30.0,365.0,12.0,29.0,53.0,235.5,22.0,1.0,1.0,4.0,4.0,4.0,4.0,4.0,4.0,1.0,2.0,1.0
2175,24/06/2026,city scrape,Cozy Tucked Away Family Home by the River w/bikes!,Anthony,"Ottawa, Canada",f,t,Bay,Entire home,Entire home/apt,11/11/2026,11/12/2026,t,24/06/2026,10,10,7.0,6.0,3.0,6.0,2.0,45.0,-75.0,2.0,1.0,2.0,1.0,103.0,1626.0,103.0,30.0,365.0,12.0,29.0,53.0,235.5,22.0,1.0,1.0,4.0,4.0,4.0,4.0,4.0,4.0,1.0,2.0,1.0
2176,02/07/2026,previous scrape,Spacious 1BR Downtown Ottawa,Rob,"Ottawa, Canada",f,t,Somerset,Entire rental unit,Entire home/apt,03/07/2026,01/09/2026,t,02/07/2026,10,10,9.0,0.0,8.0,10.0,1.0,45.0,-75.0,4.0,1.0,1.0,2.0,53.0,3219.0,53.0,60.0,120.0,29.0,59.0,89.0,179.0,0.0,0.0,0.0,4.0,4.0,4.0,4.0,4.0,4.0,1.0,1.0,1.0
2177,24/06/2026,city scrape,Modern & Cozy Basement By Stonebridge Golf Club,OttawaStayCo,"Ottawa, Canada",t,t,Rideau-Goulbourn,Entire home,Entire home/apt,17/07/2026,19/07/2026,t,24/06/2026,04/09/2025,21/06/2026,7.0,6.0,3.0,6.0,2.0,45.0,-75.0,2.0,1.0,2.0,1.0,103.0,1626.0,103.0,30.0,365.0,12.0,29.0,53.0,235.5,22.0,1.0,1.0,4.0,4.0,4.0,4.0,4.0,4.0,1.0,2.0,1.0
2178,24/06/2026,city scrape,Quiet Kanata room for Professionals,Seraphine,"Ottawa, Canada",f,t,Kanata North,Private room in home,Private room,26/06/2026,26/07/2026,t,24/06/2026,10,10,4.0,9.0,0.0,4.0,2.0,45.0,-75.0,1.0,1.0,1.0,1.0,70.0,2115.0,70.0,30.0,200.0,28.0,58.0,88.0,88.0,0.0,0.0,0.0,4.0,4.0,4.0,4.0,4.0,4.0,1.0,2.0,0.0
2179,24/06/2026,city scrape,Stylish 2 bed in Central Ottawa,Eric,"Ottawa, Canada",f,t,Alta Vista,Entire home,Entire home/apt,19/10/2026,18/11/2026,t,24/06/2026,10,10,5.0,11.0,0.0,10.0,1.0,45.0,-75.0,4.0,1.0,2.0,2.0,106.0,3185.0,106.0,30.0,90.0,1.0,7.0,11.0,259.0,0.0,0.0,0.0,4.0,4.0,4.0,4.0,4.0,4.0,1.0,1.0,1.0
2180,02/07/2026,previous scrape,"A Place to Live, Work, & Play",Anne & Ish,"Ottawa, Canada",t,t,Kitchissippi,Entire home,Entire home/apt,0000-00-00,"""0000-00-00""",t,02/07/2026,01/12/2025,08/06/2026,7.0,6.0,3.0,6.0,2.0,45.0,-75.0,2.0,1.0,2.0,1.0,103.0,1626.0,103.0,30.0,365.0,12.0,29.0,53.0,235.5,22.0,1.0,1.0,4.0,4.0,4.0,4.0,4.0,4.0,1.0,2.0,1.0
2181,24/06/2026,city scrape,Velora Luxe stylish Home Office & Entertainment,Morenike,"Ottawa, Canada",t,t,Barrhaven,Entire home,Entire home/apt,24/06/2026,25/06/2026,t,24/06/2026,26/09/2025,21/06/2026,7.0,6.0,3.0,6.0,2.0,45.0,-75.0,2.0,1.0,2.0,1.0,103.0,1626.0,103.0,30.0,365.0,12.0,29.0,53.0,235.5,22.0,1.0,1.0,4.0,4.0,4.0,4.0,4.0,4.0,1.0,2.0,1.0
2182,24/06/2026,city scrape,Glamping by RideauRiverProvPark,Joshua,"Ottawa, Canada",f,t,Rideau-Goulbourn,Farm stay,Entire home/apt,24/06/2026,26/06/2026,t,24/06/2026,17/05/2026,13/06/2026,7.0,6.0,3.0,6.0,2.0,45.0,-75.0,2.0,1.0,2.0,1.0,103.0,1626.0,103.0,30.0,365.0,12.0,29.0,53.0,235.5,22.0,1.0,1.0,4.0,4.0,4.0,4.0,4.0,4.0,1.0,2.0,1.0
2183,24/06/2026,city scrape,"The Keon Hotel, Rm #1 (2 Queen Beds)",Ryan,"Ottawa, Canada",t,t,Rideau-Vanier,Room in hotel,Private room,25/06/2026,26/06/2026,t,24/06/2026,23/08/2025,24/05/2026,0.0,10.0,0.0,10.0,6.0,45.0,-75.0,4.0,1.0,1.0,2.0,305.0,305.0,305.0,1.0,365.0,14.0,25.0,54.0,150.0,23.0,23.0,12.0,4.0,4.0,5.0,4.0,4.0,4.0,2.0,6.0,0.0
2184,24/06/2026,city scrape,Chic Room in Designer Home,Madhur,"Ottawa, Canada",f,t,Stittsville-Kanata West,Private room in home,Private room,25/06/2026,25/07/2026,t,24/06/2026,10,10,9.0,10.0,0.0,4.0,1.0,45.0,-75.0,1.0,1.0,1.0,1.0,57.0,1711.0,57.0,30.0,365.0,29.0,59.0,89.0,89.0,0.0,0.0,0.0,4.0,4.0,4.0,4.0,4.0,4.0,1.0,1.0,0.0
2185,24/06/2026,city scrape,"Private Suite in Ottawa, near airport",Karen,"Ottawa, Canada",t,t,Knoxdale-Merivale,Entire rental unit,Entire home/apt,13/07/2026,14/07/2026,t,24/06/2026,29/10/2025,18/06/2026,7.0,6.0,3.0,6.0,2.0,45.0,-75.0,2.0,1.0,2.0,1.0,103.0,1626.0,103.0,30.0,365.0,12.0,29.0,53.0,235.5,22.0,1.0,1.0,4.0,4.0,4.0,4.0,4.0,4.0,1.0,2.0,1.0
2186,24/06/2026,city scrape,Bright Glabar Park Studio,Natasha,"Ottawa, Canada",f,t,Bay,Entire home,Entire home/apt,02/07/2026,01/08/2026,t,24/06/2026,26/09/2025,26/09/2025,7.0,6.0,3.0,6.0,2.0,45.0,-75.0,2.0,1.0,2.0,1.0,103.0,1626.0,103.0,30.0,365.0,12.0,29.0,53.0,235.5,22.0,1.0,1.0,4.0,4.0,4.0,4.0,4.0,4.0,1.0,2.0,1.0
2187,24/06/2026,city scrape,Home away from home,Faith,"Ottawa, Canada",f,t,Barrhaven,Private room in home,Private room,01/07/2026,02/07/2026,t,24/06/2026,31/08/2025,28/05/2026,10.0,5.0,1.0,11.0,2.0,45.0,-75.0,1.0,1.0,1.0,1.0,94.0,94.0,94.0,1.0,365.0,23.0,53.0,83.0,358.0,7.0,7.0,4.0,4.0,4.0,4.0,4.0,4.0,4.0,0.0,2.0,0.0
2188,02/07/2026,previous scrape,Millie’s Place,Millie,"Ottawa, Canada",f,t,River,Private room in condo,Private room,01/08/2026,31/08/2026,t,02/07/2026,10,10,8.0,0.0,0.0,9.0,1.0,45.0,-75.0,2.0,1.0,1.0,2.0,69.0,2074.0,69.0,30.0,365.0,0.0,30.0,60.0,335.0,0.0,0.0,0.0,4.0,4.0,4.0,4.0,4.0,4.0,1.0,1.0,0.0
2189,24/06/2026,city scrape,Exactly where you want to be,Gailene,"Ottawa, Canada",f,t,Rideau-Vanier,Private room in bed and breakfast,Private room,25/06/2026,25/07/2026,t,24/06/2026,10,10,3.0,10.0,0.0,10.0,2.0,45.0,-75.0,1.0,1.0,2.0,1.0,81.0,2439.0,81.0,30.0,365.0,29.0,59.0,89.0,179.0,0.0,0.0,0.0,4.0,4.0,4.0,4.0,4.0,4.0,1.0,2.0,0.0
2190,24/06/2026,city scrape,Luxury 4BR Home* Brand New & Great Location!,Mohand,"Ottawa, Canada",t,t,Gloucester-South Nepean,Entire home,Entire home/apt,10/08/2026,09/09/2026,t,24/06/2026,10/10/2025,10/10/2025,7.0,6.0,3.0,6.0,2.0,45.0,-75.0,2.0,1.0,2.0,1.0,103.0,1626.0,103.0,30.0,365.0,12.0,29.0,53.0,235.5,22.0,1.0,1.0,4.0,4.0,4.0,4.0,4.0,4.0,1.0,2.0,1.0
2191,02/07/2026,previous scrape,"Executive Home, 4 Bedrooms, Hot tub/Pickleball/Gym",Daniel,"Ottawa, Canada",t,t,River,Entire home,Entire home/apt,12/07/2026,13/07/2026,t,02/07/2026,16/08/2025,24/06/2026,7.0,6.0,3.0,6.0,2.0,45.0,-75.0,2.0,1.0,2.0,1.0,103.0,1626.0,103.0,30.0,365.0,12.0,29.0,53.0,235.5,22.0,1.0,1.0,4.0,4.0,4.0,4.0,4.0,4.0,1.0,2.0,1.0
2192,24/06/2026,city scrape,"The Keon Hotel, Rm #2 (King Bed)",Ryan,"Ottawa, Canada",t,t,Rideau-Vanier,Room in hotel,Private room,25/06/2026,26/06/2026,t,24/06/2026,20/09/2025,18/06/2026,0.0,10.0,0.0,10.0,6.0,45.0,-75.0,2.0,1.0,1.0,1.0,268.0,268.0,268.0,1.0,365.0,29.0,52.0,82.0,183.0,14.0,14.0,2.0,4.0,4.0,5.0,4.0,4.0,4.0,1.0,6.0,0.0
2193,24/06/2026,city scrape,Modern 3-Storey House w/Garage - near Rockcliffe,Salim,"Ottawa, Canada",t,t,Rideau-Rockcliffe,Entire home,Entire home/apt,13/07/2026,16/07/2026,t,24/06/2026,27/08/2025,22/06/2026,7.0,6.0,3.0,6.0,2.0,45.0,-75.0,2.0,1.0,2.0,1.0,103.0,1626.0,103.0,30.0,365.0,12.0,29.0,53.0,235.5,22.0,1.0,1.0,4.0,4.0,4.0,4.0,4.0,4.0,1.0,2.0,1.0
2194,24/06/2026,city scrape,Private upscale Room near Kanata tech park,Tom,"Ottawa, Canada",f,t,Stittsville-Kanata West,Private room in home,Private room,31/08/2026,30/09/2026,t,24/06/2026,10,10,0.0,10.0,0.0,10.0,2.0,45.0,-75.0,1.0,1.0,2.0,1.0,38.0,1146.0,38.0,30.0,365.0,0.0,0.0,22.0,297.0,0.0,0.0,0.0,4.0,4.0,4.0,4.0,4.0,4.0,1.0,2.0,0.0
2195,24/06/2026,city scrape,Private spacious Room near Kanata tech park,Tom,"Ottawa, Canada",f,t,Stittsville-Kanata West,Private room in home,Private room,01/01/2027,31/01/2027,t,24/06/2026,10,10,0.0,10.0,0.0,10.0,2.0,45.0,-75.0,1.0,1.0,2.0,1.0,38.0,1146.0,38.0,30.0,365.0,0.0,0.0,0.0,174.0,0.0,0.0,0.0,4.0,4.0,4.0,4.0,4.0,4.0,1.0,2.0,0.0
2196,24/06/2026,city scrape,Glebe/Lansdowne Room,Madison,"Ottawa, Canada",f,t,Capital,Private room in home,Private room,01/07/2026,31/07/2026,f,24/06/2026,10,10,8.0,10.0,0.0,5.0,1.0,45.0,-75.0,1.0,1.0,2.0,1.0,173.0,2246.0,173.0,30.0,120.0,23.0,53.0,83.0,83.0,0.0,0.0,0.0,4.0,4.0,4.0,4.0,4.0,4.0,1.0,1.0,0.0
2197,24/06/2026,city scrape,Private Mid Century Style Room in a Family Setting,Janice And Garry,"Ontario, Canada",t,t,College,Private room in home,Private room,16/09/2026,16/10/2026,t,24/06/2026,02/12/2025,02/12/2025,7.0,6.0,3.0,6.0,2.0,45.0,-75.0,2.0,1.0,2.0,1.0,103.0,1626.0,103.0,30.0,365.0,12.0,29.0,53.0,235.5,22.0,1.0,1.0,4.0,4.0,4.0,4.0,4.0,4.0,1.0,2.0,1.0
2198,24/06/2026,city scrape,Mini suite #1 for professionals or students,Bella,"Gatineau, Canada",f,t,Somerset,Private room in home,Private room,25/06/2026,30/06/2026,t,24/06/2026,10,10,10.0,2.0,10.0,2.0,5.0,45.0,-75.0,2.0,1.0,1.0,1.0,213.0,1065.0,213.0,5.0,365.0,29.0,51.0,79.0,329.0,0.0,0.0,0.0,4.0,4.0,4.0,4.0,4.0,4.0,1.0,3.0,0.0
2199,02/07/2026,previous scrape,Townhouse for monthly rental,Serhat,"Ottawa, Canada",t,t,Innes,Entire home,Entire home/apt,10/09/2026,10/10/2026,t,02/07/2026,19/12/2025,19/12/2025,7.0,6.0,3.0,6.0,2.0,45.0,-75.0,2.0,1.0,2.0,1.0,103.0,1626.0,103.0,30.0,365.0,12.0,29.0,53.0,235.5,22.0,1.0,1.0,4.0,4.0,4.0,4.0,4.0,4.0,1.0,2.0,1.0
2200,02/07/2026,previous scrape,Trendy 1 bedroom in Centretown,Short And Suite BnB,"Ottawa, Canada",t,t,Somerset,Entire rental unit,Entire home/apt,21/10/2026,05/12/2026,t,02/07/2026,30/11/2025,17/05/2026,7.0,6.0,3.0,6.0,2.0,45.0,-75.0,2.0,1.0,2.0,1.0,103.0,1626.0,103.0,30.0,365.0,12.0,29.0,53.0,235.5,22.0,1.0,1.0,4.0,4.0,4.0,4.0,4.0,4.0,1.0,2.0,1.0
2201,24/06/2026,city scrape,Private Room in a 4-bedroom Home- Orleans,Amit,"Ottawa, Canada",t,t,Innes,Private room in home,Private room,01/01/2027,15/01/2027,t,24/06/2026,12/09/2025,12/09/2025,7.0,6.0,3.0,6.0,2.0,45.0,-75.0,2.0,1.0,2.0,1.0,103.0,1626.0,103.0,30.0,365.0,12.0,29.0,53.0,235.5,22.0,1.0,1.0,4.0,4.0,4.0,4.0,4.0,4.0,1.0,2.0,1.0
2202,24/06/2026,city scrape,Cozy Room w/ Ensuite & Balcony,Nimish,"Ottawa, Canada",f,t,Barrhaven,Private room in home,Private room,01/09/2026,02/09/2026,t,24/06/2026,31/01/2026,31/01/2026,7.0,6.0,3.0,6.0,2.0,45.0,-75.0,2.0,1.0,2.0,1.0,103.0,1626.0,103.0,30.0,365.0,12.0,29.0,53.0,235.5,22.0,1.0,1.0,4.0,4.0,4.0,4.0,4.0,4.0,1.0,2.0,1.0
2203,24/06/2026,city scrape,Parliament Stay | 1BR + Sofa Bed,Family Suites,"Ottawa, Canada",f,t,Somerset,Entire rental unit,Entire home/apt,24/06/2026,24/07/2026,t,24/06/2026,10,10,7.0,4.0,3.0,10.0,1.0,45.0,-75.0,3.0,1.0,1.0,1.0,185.0,5555.0,185.0,30.0,365.0,30.0,60.0,90.0,365.0,0.0,0.0,0.0,4.0,4.0,4.0,4.0,4.0,4.0,1.0,1.0,1.0
2204,02/07/2026,previous scrape,Cozy Room,Salman,"Ottawa, Canada",f,t,Knoxdale-Merivale,Private room in home,Private room,0000-00-00,"""0000-00-00""",t,02/07/2026,24/08/2025,17/10/2025,7.0,6.0,3.0,6.0,2.0,45.0,-75.0,2.0,1.0,2.0,1.0,103.0,1626.0,103.0,30.0,365.0,12.0,29.0,53.0,235.5,22.0,1.0,1.0,4.0,4.0,4.0,4.0,4.0,4.0,1.0,2.0,1.0
2205,02/07/2026,previous scrape,Cozy Room “Rose”,Salman,"Ottawa, Canada",f,t,Knoxdale-Merivale,Private room in home,Private room,0000-00-00,"""0000-00-00""",t,02/07/2026,26/08/2025,26/08/2025,7.0,6.0,3.0,6.0,2.0,45.0,-75.0,2.0,1.0,2.0,1.0,103.0,1626.0,103.0,30.0,365.0,12.0,29.0,53.0,235.5,22.0,1.0,1.0,4.0,4.0,4.0,4.0,4.0,4.0,1.0,2.0,1.0
2206,24/06/2026,city scrape,Studio/Bachelor Condo for Airbnb,Edward,"Ottawa, Canada",f,t,Somerset,Entire rental unit,Entire home/apt,24/06/2026,24/07/2026,t,24/06/2026,27/09/2025,27/09/2025,7.0,6.0,3.0,6.0,2.0,45.0,-75.0,2.0,1.0,2.0,1.0,103.0,1626.0,103.0,30.0,365.0,12.0,29.0,53.0,235.5,22.0,1.0,1.0,4.0,4.0,4.0,4.0,4.0,4.0,1.0,2.0,1.0
2207,24/06/2026,city scrape,"Pool, Game Room, Hot Tub, Theatre Room",Sean,"Ottawa, Canada",t,t,West Carleton-March,Entire home,Entire home/apt,23/08/2026,26/08/2026,t,24/06/2026,01/09/2025,09/06/2026,7.0,6.0,3.0,6.0,2.0,45.0,-75.0,2.0,1.0,2.0,1.0,103.0,1626.0,103.0,30.0,365.0,12.0,29.0,53.0,235.5,22.0,1.0,1.0,4.0,4.0,4.0,4.0,4.0,4.0,1.0,2.0,1.0
2208,24/06/2026,city scrape,Modern 2-Bed Condo in the Heart of Centretown,Veena,"Toronto, Canada",f,t,Somerset,Entire rental unit,Entire home/apt,30/07/2026,30/08/2026,t,24/06/2026,10,10,7.0,6.0,3.0,6.0,2.0,45.0,-75.0,2.0,1.0,2.0,1.0,103.0,1626.0,103.0,30.0,365.0,12.0,29.0,53.0,235.5,22.0,1.0,1.0,4.0,4.0,4.0,4.0,4.0,4.0,1.0,2.0,1.0
2209,24/06/2026,city scrape,Capital Getaway - Cottage in the City,Nida,"Dubai, United Arab Emirates",f,t,Kanata North,Entire home,Entire home/apt,31/08/2026,30/09/2026,t,24/06/2026,10,10,7.0,6.0,3.0,6.0,2.0,45.0,-75.0,2.0,1.0,2.0,1.0,103.0,1626.0,103.0,30.0,365.0,12.0,29.0,53.0,235.5,22.0,1.0,1.0,4.0,4.0,4.0,4.0,4.0,4.0,1.0,2.0,1.0
2210,24/06/2026,city scrape,Mansion in Mississippi Mills,Muhammad,"Toronto, Canada",t,t,West Carleton-March,Entire home,Entire home/apt,31/10/2026,30/11/2026,t,24/06/2026,10,10,7.0,6.0,3.0,6.0,2.0,45.0,-75.0,2.0,1.0,2.0,1.0,103.0,1626.0,103.0,30.0,365.0,12.0,29.0,53.0,235.5,22.0,1.0,1.0,4.0,4.0,4.0,4.0,4.0,4.0,1.0,2.0,1.0
2211,24/06/2026,city scrape,"Private SPA Oasis- Hot Tub, 2 Saunas & Games Room",Maslen,"Ottawa, Canada",f,t,Alta Vista,Entire home,Entire home/apt,29/06/2026,30/06/2026,t,24/06/2026,21/09/2025,21/06/2026,7.0,6.0,3.0,6.0,2.0,45.0,-75.0,2.0,1.0,2.0,1.0,103.0,1626.0,103.0,30.0,365.0,12.0,29.0,53.0,235.5,22.0,1.0,1.0,4.0,4.0,4.0,4.0,4.0,4.0,1.0,2.0,1.0
2212,24/06/2026,city scrape,Private Guest Suite in Ottawa,Hamzah,"Ottawa, Canada",t,t,Barrhaven,Private room in home,Private room,11/07/2026,13/07/2026,t,24/06/2026,31/08/2025,04/06/2026,7.0,6.0,3.0,6.0,2.0,45.0,-75.0,2.0,1.0,2.0,1.0,103.0,1626.0,103.0,30.0,365.0,12.0,29.0,53.0,235.5,22.0,1.0,1.0,4.0,4.0,4.0,4.0,4.0,4.0,1.0,2.0,1.0
2213,24/06/2026,city scrape,"Modern Home in Barrhaven, Ottawa",Ahyoung,"Ottawa, Canada",f,t,Barrhaven,Private room in home,Private room,27/06/2026,27/07/2026,f,24/06/2026,10,10,1.0,5.0,0.0,9.0,1.0,45.0,-75.0,2.0,1.0,2.0,1.0,173.0,2246.0,173.0,30.0,365.0,27.0,57.0,87.0,87.0,0.0,0.0,0.0,4.0,4.0,4.0,4.0,4.0,4.0,1.0,1.0,0.0
2214,24/06/2026,city scrape,Bright & Spacious Barrhaven Stay,Jasmine,"Ottawa, Canada",t,t,Gloucester-South Nepean,Entire home,Entire home/apt,01/08/2026,31/08/2026,t,24/06/2026,23/12/2025,23/12/2025,7.0,6.0,3.0,6.0,2.0,45.0,-75.0,2.0,1.0,2.0,1.0,103.0,1626.0,103.0,30.0,365.0,12.0,29.0,53.0,235.5,22.0,1.0,1.0,4.0,4.0,4.0,4.0,4.0,4.0,1.0,2.0,1.0
2215,24/06/2026,city scrape,Cozy Queen Bed + Workspace. Near Downtown-Ottawa.,Ali,"Ottawa, Canada",f,t,Rideau-Vanier,Private room in home,Private room,01/07/2026,31/07/2026,t,24/06/2026,31/10/2025,07/02/2026,7.0,6.0,3.0,6.0,2.0,45.0,-75.0,2.0,1.0,2.0,1.0,103.0,1626.0,103.0,30.0,365.0,12.0,29.0,53.0,235.5,22.0,1.0,1.0,4.0,4.0,4.0,4.0,4.0,4.0,1.0,2.0,1.0
2216,24/06/2026,city scrape,Private room with attached washroom in Ottawa,Arun,"Ottawa, Canada",t,t,Innes,Private room in home,Private room,02/07/2026,03/07/2026,t,24/06/2026,10/10/2025,30/05/2026,7.0,6.0,3.0,6.0,2.0,45.0,-75.0,2.0,1.0,2.0,1.0,103.0,1626.0,103.0,30.0,365.0,12.0,29.0,53.0,235.5,22.0,1.0,1.0,4.0,4.0,4.0,4.0,4.0,4.0,1.0,2.0,1.0
2217,24/06/2026,city scrape,Stunning Coach House in the Heart of Hintonburg,Short And Suite BnB,"Ottawa, Canada",t,t,Kitchissippi,Entire home,Entire home/apt,02/08/2026,01/09/2026,t,24/06/2026,30/11/2025,30/11/2025,7.0,6.0,3.0,6.0,2.0,45.0,-75.0,2.0,1.0,2.0,1.0,103.0,1626.0,103.0,30.0,365.0,12.0,29.0,53.0,235.5,22.0,1.0,1.0,4.0,4.0,4.0,4.0,4.0,4.0,1.0,2.0,1.0
2218,24/06/2026,city scrape,Westboro Spacious Basement Studio (28+ days only),Emma,"Ottawa, Canada",f,t,Kitchissippi,Entire rental unit,Entire home/apt,01/08/2026,31/08/2026,t,24/06/2026,12/03/2026,12/05/2026,7.0,6.0,3.0,6.0,2.0,45.0,-75.0,2.0,1.0,2.0,1.0,103.0,1626.0,103.0,30.0,365.0,12.0,29.0,53.0,235.5,22.0,1.0,1.0,4.0,4.0,4.0,4.0,4.0,4.0,1.0,2.0,1.0
2219,24/06/2026,city scrape,Cozy 1BED Apartment in Ottawa China Town,Jasmine,"Ottawa, Canada",t,t,Somerset,Entire rental unit,Entire home/apt,31/07/2026,30/08/2026,t,24/06/2026,07/06/2026,07/06/2026,7.0,6.0,3.0,6.0,2.0,45.0,-75.0,2.0,1.0,2.0,1.0,103.0,1626.0,103.0,30.0,365.0,12.0,29.0,53.0,235.5,22.0,1.0,1.0,4.0,4.0,4.0,4.0,4.0,4.0,1.0,2.0,1.0
2220,24/06/2026,city scrape,1 Guest in shared Furn'd beautiful 3 bedrooms Apt,Christine,"Ottawa, Canada",t,t,Rideau-Vanier,Private room in rental unit,Private room,30/09/2026,30/10/2026,t,24/06/2026,10,10,7.0,6.0,3.0,6.0,2.0,45.0,-75.0,2.0,1.0,2.0,1.0,103.0,1626.0,103.0,30.0,365.0,12.0,29.0,53.0,235.5,22.0,1.0,1.0,4.0,4.0,4.0,4.0,4.0,4.0,1.0,2.0,1.0
2221,24/06/2026,city scrape,Cozy Centretown Private Studio,Short And Suite BnB,"Ottawa, Canada",t,t,Somerset,Entire rental unit,Entire home/apt,10/07/2026,09/08/2026,t,24/06/2026,03/11/2025,03/11/2025,7.0,6.0,3.0,6.0,2.0,45.0,-75.0,2.0,1.0,2.0,1.0,103.0,1626.0,103.0,30.0,365.0,12.0,29.0,53.0,235.5,22.0,1.0,1.0,4.0,4.0,4.0,4.0,4.0,4.0,1.0,2.0,1.0
2222,24/06/2026,city scrape,Cozy & Peaceful 1 Room in Kanata Townhouse,Tazin,"Ottawa, Canada",t,t,Kanata South,Private room in townhouse,Private room,19/11/2026,20/11/2026,t,24/06/2026,18/09/2025,22/03/2026,7.0,6.0,3.0,6.0,2.0,45.0,-75.0,2.0,1.0,2.0,1.0,103.0,1626.0,103.0,30.0,365.0,12.0,29.0,53.0,235.5,22.0,1.0,1.0,4.0,4.0,4.0,4.0,4.0,4.0,1.0,2.0,1.0
2223,02/07/2026,previous scrape,Centertown Ottawa - Mid term rental,Syed Zeeshan,"Ottawa, Canada",f,t,Somerset,Private room in home,Private room,02/07/2026,01/08/2026,t,02/07/2026,10,10,14.0,5.0,12.0,5.0,2.0,45.0,-75.0,1.0,1.0,1.0,2.0,54.0,1630.0,54.0,30.0,365.0,30.0,60.0,90.0,365.0,0.0,0.0,0.0,4.0,4.0,4.0,4.0,4.0,4.0,1.0,1.0,0.0
2224,24/06/2026,city scrape,Small & Cozy Room w/ Shared Bathroom & Parking,Martin,"Ottawa, Canada",t,t,Rideau-Vanier,Private room in home,Private room,28/06/2026,29/06/2026,t,24/06/2026,13/10/2025,14/06/2026,7.0,6.0,3.0,6.0,2.0,45.0,-75.0,2.0,1.0,2.0,1.0,103.0,1626.0,103.0,30.0,365.0,12.0,29.0,53.0,235.5,22.0,1.0,1.0,4.0,4.0,4.0,4.0,4.0,4.0,1.0,2.0,1.0
2225,24/06/2026,city scrape,New home near downtown with yard,Neil,"Ottawa, Canada",f,t,Knoxdale-Merivale,Entire rental unit,Entire home/apt,27/06/2026,27/07/2026,t,24/06/2026,10,10,7.0,6.0,3.0,6.0,2.0,45.0,-75.0,2.0,1.0,2.0,1.0,103.0,1626.0,103.0,30.0,365.0,12.0,29.0,53.0,235.5,22.0,1.0,1.0,4.0,4.0,4.0,4.0,4.0,4.0,1.0,2.0,1.0
2226,24/06/2026,city scrape,Cozy Budget Room,Jems,"Ottawa, Canada",f,t,Barrhaven,Private room in home,Private room,30/06/2026,01/07/2026,t,24/06/2026,22/09/2025,25/05/2026,0.0,10.0,0.0,10.0,4.0,45.0,-75.0,1.0,1.0,2.0,1.0,78.0,78.0,78.0,1.0,365.0,24.0,49.0,66.0,341.0,29.0,29.0,15.0,4.0,4.0,4.0,4.0,4.0,4.0,3.0,4.0,1.0
2227,24/06/2026,city scrape,Modern Private Suite • Full Kitchen • Free Parking,Oksana,"Ottawa, Canada",t,t,College,Entire rental unit,Entire home/apt,09/07/2026,10/07/2026,t,24/06/2026,16/12/2025,22/06/2026,4.0,1.0,0.0,9.0,1.0,45.0,-75.0,2.0,1.0,1.0,2.0,228.0,228.0,228.0,1.0,28.0,5.0,19.0,27.0,280.0,34.0,34.0,4.0,4.0,4.0,5.0,5.0,4.0,4.0,5.0,1.0,1.0
2228,24/06/2026,city scrape,Cozy place long stay at the best price in Ottawa,Victor,"Ottawa, Canada",f,t,Innes,Private room in home,Private room,29/08/2026,28/09/2026,t,24/06/2026,10/10/2025,09/12/2025,7.0,6.0,3.0,6.0,2.0,45.0,-75.0,2.0,1.0,2.0,1.0,103.0,1626.0,103.0,30.0,365.0,12.0,29.0,53.0,235.5,22.0,1.0,1.0,4.0,4.0,4.0,4.0,4.0,4.0,1.0,2.0,1.0
2229,24/06/2026,city scrape,great location in Wellington west near shopping,Omar,"Ottawa, Canada",t,t,Kitchissippi,Entire home,Entire home/apt,03/07/2026,02/08/2026,t,24/06/2026,26/10/2025,30/04/2026,7.0,6.0,3.0,6.0,2.0,45.0,-75.0,2.0,1.0,2.0,1.0,103.0,1626.0,103.0,30.0,365.0,12.0,29.0,53.0,235.5,22.0,1.0,1.0,4.0,4.0,4.0,4.0,4.0,4.0,1.0,2.0,1.0
2230,24/06/2026,city scrape,Urban 3BR Getaway Walk to ByWard Market- UOttawa,Theo And Madison,"Ottawa, Canada",f,t,Rideau-Vanier,Entire rental unit,Entire home/apt,29/06/2026,30/06/2026,t,24/06/2026,08/09/2025,15/06/2026,7.0,6.0,3.0,6.0,2.0,45.0,-75.0,2.0,1.0,2.0,1.0,103.0,1626.0,103.0,30.0,365.0,12.0,29.0,53.0,235.5,22.0,1.0,1.0,4.0,4.0,4.0,4.0,4.0,4.0,1.0,2.0,1.0
2231,24/06/2026,city scrape,Relaxing Queen Bed+Workspace. Near Downtown Ottawa,Ali,"Ottawa, Canada",f,t,Rideau-Rockcliffe,Private room in home,Private room,24/06/2026,24/07/2026,t,24/06/2026,10,10,7.0,6.0,3.0,6.0,2.0,45.0,-75.0,2.0,1.0,2.0,1.0,103.0,1626.0,103.0,30.0,365.0,12.0,29.0,53.0,235.5,22.0,1.0,1.0,4.0,4.0,4.0,4.0,4.0,4.0,1.0,2.0,1.0
2232,02/07/2026,previous scrape,1 Bed 1 Bath Apartment (1 Year Sublet),Yazeed,"Ontario, Canada",f,t,Kitchissippi,Entire rental unit,Entire home/apt,02/07/2026,02/07/2027,t,02/07/2026,10,10,7.0,6.0,3.0,6.0,2.0,45.0,-75.0,2.0,1.0,2.0,1.0,103.0,1626.0,103.0,30.0,365.0,12.0,29.0,53.0,235.5,22.0,1.0,1.0,4.0,4.0,4.0,4.0,4.0,4.0,1.0,2.0,1.0
2233,24/06/2026,city scrape,Large Private Space w/ Ensuite Bathroom & Parking,Martin,"Ottawa, Canada",t,t,Rideau-Vanier,Private room in home,Private room,24/06/2026,25/06/2026,t,24/06/2026,22/09/2025,19/06/2026,7.0,6.0,3.0,6.0,2.0,45.0,-75.0,2.0,1.0,2.0,1.0,103.0,1626.0,103.0,30.0,365.0,12.0,29.0,53.0,235.5,22.0,1.0,1.0,4.0,4.0,4.0,4.0,4.0,4.0,1.0,2.0,1.0
2234,24/06/2026,city scrape,"Modern, bright condo. Minutes from downtown.",Norma,"Ottawa, Canada",f,t,Capital,Entire rental unit,Entire home/apt,14/10/2026,13/11/2026,t,24/06/2026,31/05/2026,31/05/2026,7.0,6.0,3.0,6.0,2.0,45.0,-75.0,2.0,1.0,2.0,1.0,103.0,1626.0,103.0,30.0,365.0,12.0,29.0,53.0,235.5,22.0,1.0,1.0,4.0,4.0,4.0,4.0,4.0,4.0,1.0,2.0,1.0
2235,24/06/2026,city scrape,Jayden,Flourish,"Ottawa, Canada",f,t,Stittsville-Kanata West,Private room in home,Private room,24/06/2026,25/07/2026,t,24/06/2026,10,10,7.0,6.0,3.0,6.0,2.0,45.0,-75.0,2.0,1.0,2.0,1.0,103.0,1626.0,103.0,30.0,365.0,12.0,29.0,53.0,235.5,22.0,1.0,1.0,4.0,4.0,4.0,4.0,4.0,4.0,1.0,2.0,1.0
2236,24/06/2026,city scrape,Heart of old Ottawa South,Donna,"Ottawa, Canada",f,t,Capital,Entire guest suite,Entire home/apt,25/06/2026,27/06/2026,t,24/06/2026,08/05/2026,22/06/2026,7.0,6.0,3.0,6.0,2.0,45.0,-75.0,2.0,1.0,2.0,1.0,103.0,1626.0,103.0,30.0,365.0,12.0,29.0,53.0,235.5,22.0,1.0,1.0,4.0,4.0,4.0,4.0,4.0,4.0,1.0,2.0,1.0
2237,24/06/2026,city scrape,A beautiful home in Ottawa,Victor,"Ottawa, Canada",f,t,Innes,Private room in home,Private room,24/06/2026,24/07/2026,t,24/06/2026,31/05/2026,31/05/2026,7.0,6.0,3.0,6.0,2.0,45.0,-75.0,2.0,1.0,2.0,1.0,103.0,1626.0,103.0,30.0,365.0,12.0,29.0,53.0,235.5,22.0,1.0,1.0,4.0,4.0,4.0,4.0,4.0,4.0,1.0,2.0,1.0
2238,24/06/2026,city scrape,Perfect home for a good stay,Victor,"Ottawa, Canada",f,t,Innes,Private room in home,Private room,24/06/2026,24/07/2026,t,24/06/2026,01/11/2025,01/11/2025,7.0,6.0,3.0,6.0,2.0,45.0,-75.0,2.0,1.0,2.0,1.0,103.0,1626.0,103.0,30.0,365.0,12.0,29.0,53.0,235.5,22.0,1.0,1.0,4.0,4.0,4.0,4.0,4.0,4.0,1.0,2.0,1.0
2239,02/07/2026,previous scrape,V3 You'll love this apartment!,Louise,"Ottawa, Canada",f,t,Innes,Entire rental unit,Entire home/apt,01/11/2026,30/01/2027,t,02/07/2026,10,10,7.0,6.0,3.0,6.0,2.0,45.0,-75.0,2.0,1.0,2.0,1.0,103.0,1626.0,103.0,30.0,365.0,12.0,29.0,53.0,235.5,22.0,1.0,1.0,4.0,4.0,4.0,4.0,4.0,4.0,1.0,2.0,1.0
2240,24/06/2026,city scrape,New Edinburgh | 4 BD Beautiful Home,Michael,"Ottawa, Canada",t,t,Rideau-Rockcliffe,Entire home,Entire home/apt,30/08/2026,02/09/2026,t,24/06/2026,03/10/2025,11/06/2026,7.0,6.0,3.0,6.0,2.0,45.0,-75.0,2.0,1.0,2.0,1.0,103.0,1626.0,103.0,30.0,365.0,12.0,29.0,53.0,235.5,22.0,1.0,1.0,4.0,4.0,4.0,4.0,4.0,4.0,1.0,2.0,1.0
2241,24/06/2026,city scrape,Comfortable Quiet Room - Near Airport,Adam,"Ottawa, Canada",f,t,Gloucester-Southgate,Private room in home,Private room,28/06/2026,29/06/2026,t,24/06/2026,19/11/2025,09/06/2026,0.0,9.0,0.0,7.0,5.0,45.0,-75.0,2.0,1.0,1.0,1.0,90.0,90.0,90.0,1.0,365.0,24.0,52.0,82.0,356.0,37.0,37.0,11.0,4.0,4.0,4.0,4.0,4.0,4.0,5.0,5.0,0.0
2242,24/06/2026,city scrape,Spacious Master Bedroom Near Kanata,Samander,"Ottawa, Canada",f,t,College,Private room in home,Private room,24/06/2026,24/07/2026,t,24/06/2026,10,10,1.0,8.0,0.0,8.0,2.0,45.0,-75.0,2.0,1.0,1.0,1.0,38.0,1168.0,38.0,30.0,730.0,30.0,60.0,90.0,365.0,0.0,0.0,0.0,4.0,4.0,4.0,4.0,4.0,4.0,1.0,2.0,0.0
2243,24/06/2026,city scrape,Spacious studio,Sharmilee,"Ottawa, Canada",f,t,Rideau-Goulbourn,Entire home,Entire home/apt,24/06/2026,24/07/2026,t,24/06/2026,10,10,5.0,1.0,5.0,1.0,8.0,45.0,-75.0,2.0,1.0,1.0,1.0,73.0,2191.0,73.0,30.0,365.0,30.0,60.0,90.0,365.0,0.0,0.0,0.0,4.0,4.0,4.0,4.0,4.0,4.0,1.0,4.0,1.0
2244,24/06/2026,city scrape,Perfect Place in Ottawa for Quiet Living - 171,Victor,"Ottawa, Canada",f,t,Barrhaven,Private room in home,Private room,03/07/2026,02/08/2026,t,24/06/2026,10,10,7.0,6.0,3.0,6.0,2.0,45.0,-75.0,2.0,1.0,2.0,1.0,103.0,1626.0,103.0,30.0,365.0,12.0,29.0,53.0,235.5,22.0,1.0,1.0,4.0,4.0,4.0,4.0,4.0,4.0,1.0,2.0,1.0
2245,24/06/2026,city scrape,Room Steps Uottawa Train Station & Parliament,Carlos,"Ottawa, Canada",f,t,Rideau-Vanier,Private room in rental unit,Private room,24/06/2026,24/07/2026,t,24/06/2026,28/09/2025,28/09/2025,7.0,6.0,3.0,6.0,2.0,45.0,-75.0,2.0,1.0,2.0,1.0,103.0,1626.0,103.0,30.0,365.0,12.0,29.0,53.0,235.5,22.0,1.0,1.0,4.0,4.0,4.0,4.0,4.0,4.0,1.0,2.0,1.0
2246,24/06/2026,city scrape,Studio privé dans un sous-sol avec salle de cinéma,Carole,"Ottawa, Canada",t,t,Barrhaven,Entire home,Entire home/apt,29/06/2026,01/07/2026,t,24/06/2026,03/10/2025,11/06/2026,8.0,0.0,4.0,6.0,1.0,45.0,-75.0,2.0,1.0,1.0,1.0,102.0,205.0,102.0,2.0,365.0,13.0,34.0,62.0,337.0,33.0,33.0,14.0,4.0,4.0,4.0,4.0,4.0,4.0,3.0,1.0,1.0
2247,24/06/2026,city scrape,Britannia Beach House,Shawn & Shana,"Ottawa, Canada",f,t,Bay,Entire home,Entire home/apt,02/10/2026,01/11/2026,t,24/06/2026,10,10,7.0,6.0,3.0,6.0,2.0,45.0,-75.0,2.0,1.0,2.0,1.0,103.0,1626.0,103.0,30.0,365.0,12.0,29.0,53.0,235.5,22.0,1.0,1.0,4.0,4.0,4.0,4.0,4.0,4.0,1.0,2.0,1.0
2248,24/06/2026,city scrape,Monthly rental only - 1BDR apartment,Lionel,"Ottawa, Canada",f,t,Capital,Entire rental unit,Entire home/apt,26/10/2026,25/11/2026,t,24/06/2026,07/04/2026,07/04/2026,7.0,6.0,3.0,6.0,2.0,45.0,-75.0,2.0,1.0,2.0,1.0,103.0,1626.0,103.0,30.0,365.0,12.0,29.0,53.0,235.5,22.0,1.0,1.0,4.0,4.0,4.0,4.0,4.0,4.0,1.0,2.0,1.0
2249,24/06/2026,city scrape,Modern Ensuite room very close to amenities,Emmanuel,"Ottawa, Canada",t,t,Stittsville-Kanata West,Private room in home,Private room,19/07/2026,20/07/2026,t,24/06/2026,27/09/2025,21/06/2026,0.0,10.0,0.0,9.0,4.0,45.0,-75.0,2.0,1.0,1.0,1.0,149.0,149.0,149.0,1.0,1125.0,5.0,35.0,65.0,245.0,21.0,21.0,8.0,4.0,4.0,4.0,4.0,4.0,4.0,2.0,4.0,0.0
2250,24/06/2026,city scrape,Modern Spacious Queen Bed. Near Downtown Ottawa.,Phi,"Ottawa, Canada",f,t,Rideau-Rockcliffe,Private room in home,Private room,28/06/2026,29/06/2026,t,24/06/2026,23/09/2025,06/06/2026,7.0,6.0,3.0,6.0,2.0,45.0,-75.0,2.0,1.0,2.0,1.0,103.0,1626.0,103.0,30.0,365.0,12.0,29.0,53.0,235.5,22.0,1.0,1.0,4.0,4.0,4.0,4.0,4.0,4.0,1.0,2.0,1.0
2251,24/06/2026,city scrape,Modern room close to amenities,Emmanuel,"Ottawa, Canada",t,t,Stittsville-Kanata West,Private room in home,Private room,24/06/2026,25/06/2026,t,24/06/2026,21/09/2025,21/06/2026,0.0,10.0,0.0,9.0,4.0,45.0,-75.0,2.0,1.0,1.0,1.0,91.0,91.0,91.0,1.0,365.0,27.0,57.0,86.0,360.0,19.0,19.0,10.0,4.0,4.0,4.0,4.0,4.0,4.0,2.0,4.0,0.0
2252,24/06/2026,city scrape,Huge Master Oasis with private bathroom,Margaret,"Toronto, Canada",f,t,Barrhaven,Private room in home,Private room,27/06/2026,27/07/2026,t,24/06/2026,03/12/2025,03/12/2025,8.0,1.0,6.0,6.0,4.0,45.0,-75.0,1.0,1.0,1.0,1.0,46.0,1390.0,46.0,30.0,90.0,28.0,58.0,88.0,178.0,1.0,1.0,1.0,4.0,4.0,5.0,4.0,4.0,4.0,0.0,3.0,0.0
2253,24/06/2026,city scrape,Peaceful Queen Bed+Workspace. Near Downtown-Ottawa,Phi,"Ottawa, Canada",f,t,Beacon Hill-Cyrville,Private room in home,Private room,28/06/2026,29/06/2026,t,24/06/2026,20/10/2025,24/05/2026,7.0,6.0,3.0,6.0,2.0,45.0,-75.0,2.0,1.0,2.0,1.0,103.0,1626.0,103.0,30.0,365.0,12.0,29.0,53.0,235.5,22.0,1.0,1.0,4.0,4.0,4.0,4.0,4.0,4.0,1.0,2.0,1.0
2254,24/06/2026,city scrape,Modern Queen Bed. Downtowm-Ottawa. Private Room,Ali,"Ottawa, Canada",f,t,Rideau-Vanier,Private room in home,Private room,01/07/2026,31/07/2026,t,24/06/2026,22/12/2025,22/12/2025,7.0,6.0,3.0,6.0,2.0,45.0,-75.0,2.0,1.0,2.0,1.0,103.0,1626.0,103.0,30.0,365.0,12.0,29.0,53.0,235.5,22.0,1.0,1.0,4.0,4.0,4.0,4.0,4.0,4.0,1.0,2.0,1.0
2255,24/06/2026,city scrape,Private Twin Bed+Workspace. Near Downtown-Ottawa.,Phi,"Ottawa, Canada",f,t,Rideau-Rockcliffe,Private room in home,Private room,24/06/2026,25/06/2026,t,24/06/2026,23/09/2025,08/06/2026,7.0,6.0,3.0,6.0,2.0,45.0,-75.0,2.0,1.0,2.0,1.0,103.0,1626.0,103.0,30.0,365.0,12.0,29.0,53.0,235.5,22.0,1.0,1.0,4.0,4.0,4.0,4.0,4.0,4.0,1.0,2.0,1.0
2256,24/06/2026,city scrape,Tranquil Queen Bed+Workspace. Near Downtown-Ottawa,Phi,"Ottawa, Canada",f,t,Rideau-Rockcliffe,Private room in home,Private room,28/06/2026,29/06/2026,t,24/06/2026,24/09/2025,09/06/2026,7.0,6.0,3.0,6.0,2.0,45.0,-75.0,2.0,1.0,2.0,1.0,103.0,1626.0,103.0,30.0,365.0,12.0,29.0,53.0,235.5,22.0,1.0,1.0,4.0,4.0,4.0,4.0,4.0,4.0,1.0,2.0,1.0
2257,24/06/2026,city scrape,"Ottawa luxury 1br queen suite, wifi, near DT",Phi,"Ottawa, Canada",f,t,Beacon Hill-Cyrville,Private room in home,Private room,24/06/2026,25/06/2026,t,24/06/2026,26/09/2025,10/06/2026,7.0,6.0,3.0,6.0,2.0,45.0,-75.0,2.0,1.0,2.0,1.0,103.0,1626.0,103.0,30.0,365.0,12.0,29.0,53.0,235.5,22.0,1.0,1.0,4.0,4.0,4.0,4.0,4.0,4.0,1.0,2.0,1.0
2258,24/06/2026,city scrape,cozy room close to everything,Emmanuel,"Ottawa, Canada",t,t,Stittsville-Kanata West,Private room in home,Private room,24/06/2026,25/06/2026,t,24/06/2026,25/09/2025,06/05/2026,7.0,6.0,3.0,6.0,2.0,45.0,-75.0,2.0,1.0,2.0,1.0,103.0,1626.0,103.0,30.0,365.0,12.0,29.0,53.0,235.5,22.0,1.0,1.0,4.0,4.0,4.0,4.0,4.0,4.0,1.0,2.0,1.0
2259,24/06/2026,city scrape,Modern New-Build Suite in Hintonburg,Mackenzie,"Ottawa, Canada",f,t,Kitchissippi,Entire rental unit,Entire home/apt,01/12/2026,31/12/2026,t,24/06/2026,30/04/2026,30/04/2026,7.0,6.0,3.0,6.0,2.0,45.0,-75.0,2.0,1.0,2.0,1.0,103.0,1626.0,103.0,30.0,365.0,12.0,29.0,53.0,235.5,22.0,1.0,1.0,4.0,4.0,4.0,4.0,4.0,4.0,1.0,2.0,1.0
2260,02/07/2026,previous scrape,Affordable Furnished Apartment,Carol,"Ottawa, Canada",t,t,Somerset,Entire rental unit,Entire home/apt,01/12/2026,31/12/2026,t,02/07/2026,10,10,10.0,7.0,8.0,11.0,7.0,45.0,-75.0,2.0,1.0,1.0,2.0,75.0,2257.0,75.0,30.0,1125.0,0.0,0.0,0.0,118.0,0.0,0.0,0.0,4.0,4.0,4.0,4.0,4.0,4.0,1.0,5.0,5.0
2261,24/06/2026,city scrape,Come be our guest in cozy country living style.,Jennifer,"Ottawa, Canada",t,t,Rideau-Goulbourn,Entire guest suite,Entire home/apt,29/06/2026,30/06/2026,t,24/06/2026,08/11/2025,21/06/2026,9.0,5.0,0.0,7.0,1.0,45.0,-75.0,4.0,1.0,2.0,2.0,314.0,314.0,314.0,1.0,365.0,10.0,12.0,33.0,209.0,22.0,22.0,5.0,4.0,4.0,4.0,4.0,4.0,4.0,2.0,1.0,1.0
2262,24/06/2026,city scrape,Room DownTown Across Uottawa Steps Parliament,Frits,"Mexicali, Mexico",f,t,Rideau-Vanier,Private room in home,Private room,24/06/2026,24/07/2026,t,24/06/2026,05/10/2025,29/10/2025,7.0,6.0,3.0,6.0,2.0,45.0,-75.0,2.0,1.0,2.0,1.0,103.0,1626.0,103.0,30.0,365.0,12.0,29.0,53.0,235.5,22.0,1.0,1.0,4.0,4.0,4.0,4.0,4.0,4.0,1.0,2.0,1.0
2263,24/06/2026,city scrape,Beautifully Furnished 3-Bedroom Home,Luis,"Gatineau, Canada",t,t,Gloucester-South Nepean,Entire home,Entire home/apt,05/09/2026,05/10/2026,t,24/06/2026,10,10,7.0,6.0,3.0,6.0,2.0,45.0,-75.0,2.0,1.0,2.0,1.0,103.0,1626.0,103.0,30.0,365.0,12.0,29.0,53.0,235.5,22.0,1.0,1.0,4.0,4.0,4.0,4.0,4.0,4.0,1.0,2.0,1.0
2264,24/06/2026,city scrape,Modern Comfort Central Barrhaven 2 Bedroom Ensuite,Ross,"Ottawa, Canada",f,t,Barrhaven,Entire home,Entire home/apt,01/04/2027,01/05/2027,t,24/06/2026,04/01/2026,05/06/2026,7.0,6.0,3.0,6.0,2.0,45.0,-75.0,2.0,1.0,2.0,1.0,103.0,1626.0,103.0,30.0,365.0,12.0,29.0,53.0,235.5,22.0,1.0,1.0,4.0,4.0,4.0,4.0,4.0,4.0,1.0,2.0,1.0
2265,24/06/2026,city scrape,Spacious house at Findlay Creek,Maggie,"Ottawa, Canada",t,t,Gloucester-South Nepean,Entire home,Entire home/apt,30/07/2026,29/08/2026,t,24/06/2026,06/03/2026,06/03/2026,7.0,6.0,3.0,6.0,2.0,45.0,-75.0,2.0,1.0,2.0,1.0,103.0,1626.0,103.0,30.0,365.0,12.0,29.0,53.0,235.5,22.0,1.0,1.0,4.0,4.0,4.0,4.0,4.0,4.0,1.0,2.0,1.0
2266,24/06/2026,city scrape,Central & Spacious Queen Bed. Near DT Ottawa.,Fahad,"Ottawa, Canada",f,t,Rideau-Vanier,Private room in home,Private room,31/08/2026,30/09/2026,t,24/06/2026,01/05/2026,01/05/2026,7.0,6.0,3.0,6.0,2.0,45.0,-75.0,2.0,1.0,2.0,1.0,103.0,1626.0,103.0,30.0,365.0,12.0,29.0,53.0,235.5,22.0,1.0,1.0,4.0,4.0,4.0,4.0,4.0,4.0,1.0,2.0,1.0
2267,24/06/2026,city scrape,Tranquil Queen Bed+Workspace. Near Downtown Ottawa,Fahad,"Ottawa, Canada",f,t,Rideau-Rockcliffe,Private room in home,Private room,16/08/2026,15/09/2026,t,24/06/2026,31/03/2026,31/03/2026,7.0,6.0,3.0,6.0,2.0,45.0,-75.0,2.0,1.0,2.0,1.0,103.0,1626.0,103.0,30.0,365.0,12.0,29.0,53.0,235.5,22.0,1.0,1.0,4.0,4.0,4.0,4.0,4.0,4.0,1.0,2.0,1.0
2268,24/06/2026,city scrape,Peaceful Queen Bed+Workspace. Near Downtown Ottawa,Fahad,"Ottawa, Canada",f,t,Rideau-Rockcliffe,Private room in home,Private room,19/07/2026,18/08/2026,t,24/06/2026,10,10,7.0,6.0,3.0,6.0,2.0,45.0,-75.0,2.0,1.0,2.0,1.0,103.0,1626.0,103.0,30.0,365.0,12.0,29.0,53.0,235.5,22.0,1.0,1.0,4.0,4.0,4.0,4.0,4.0,4.0,1.0,2.0,1.0
2269,24/06/2026,city scrape,Aesthetic Queen Bed+Workspace-Near Downtown Ottawa,Fahad,"Ottawa, Canada",f,t,Rideau-Rockcliffe,Private room in home,Private room,09/08/2026,08/09/2026,t,24/06/2026,01/12/2025,30/05/2026,7.0,6.0,3.0,6.0,2.0,45.0,-75.0,2.0,1.0,2.0,1.0,103.0,1626.0,103.0,30.0,365.0,12.0,29.0,53.0,235.5,22.0,1.0,1.0,4.0,4.0,4.0,4.0,4.0,4.0,1.0,2.0,1.0
2270,24/06/2026,city scrape,Room - minutes from the Airport and Downtown,Ky,"Ottawa, Canada",f,t,Knoxdale-Merivale,Private room in townhouse,Private room,27/06/2026,28/06/2026,t,24/06/2026,21/09/2025,19/05/2026,7.0,6.0,3.0,6.0,2.0,45.0,-75.0,2.0,1.0,2.0,1.0,103.0,1626.0,103.0,30.0,365.0,12.0,29.0,53.0,235.5,22.0,1.0,1.0,4.0,4.0,4.0,4.0,4.0,4.0,1.0,2.0,1.0
2271,24/06/2026,city scrape,Cozy & Peaceful Ground-Floor Space Near Hospitals,Alp,"Ottawa, Canada",t,t,Alta Vista,Private room in townhouse,Private room,05/07/2026,07/07/2026,t,24/06/2026,28/12/2025,20/06/2026,7.0,6.0,3.0,6.0,2.0,45.0,-75.0,2.0,1.0,2.0,1.0,103.0,1626.0,103.0,30.0,365.0,12.0,29.0,53.0,235.5,22.0,1.0,1.0,4.0,4.0,4.0,4.0,4.0,4.0,1.0,2.0,1.0
2272,24/06/2026,city scrape,Retreat & Recharge | Private Pool + Hot Tub Oasis,John,"Ottawa, Canada",t,t,College,Entire home,Entire home/apt,29/06/2026,30/06/2026,t,24/06/2026,03/12/2025,15/06/2026,7.0,6.0,3.0,6.0,2.0,45.0,-75.0,2.0,1.0,2.0,1.0,103.0,1626.0,103.0,30.0,365.0,12.0,29.0,53.0,235.5,22.0,1.0,1.0,4.0,4.0,4.0,4.0,4.0,4.0,1.0,2.0,1.0
2273,24/06/2026,city scrape,Garden City Farm: The Oval Blue Room,Bethany,"Ottawa, Canada",f,t,Rideau-Goulbourn,Private room in bed and breakfast,Private room,25/06/2026,27/06/2026,t,24/06/2026,15/02/2026,31/05/2026,7.0,6.0,3.0,6.0,2.0,45.0,-75.0,2.0,1.0,2.0,1.0,103.0,1626.0,103.0,30.0,365.0,12.0,29.0,53.0,235.5,22.0,1.0,1.0,4.0,4.0,4.0,4.0,4.0,4.0,1.0,2.0,1.0
2274,24/06/2026,city scrape,Garden City Farm: The Pigeon Room,Bethany,"Ottawa, Canada",f,t,Rideau-Goulbourn,Private room in bed and breakfast,Private room,25/06/2026,27/06/2026,t,24/06/2026,15/02/2026,14/06/2026,7.0,6.0,3.0,6.0,2.0,45.0,-75.0,2.0,1.0,2.0,1.0,103.0,1626.0,103.0,30.0,365.0,12.0,29.0,53.0,235.5,22.0,1.0,1.0,4.0,4.0,4.0,4.0,4.0,4.0,1.0,2.0,1.0
2275,24/06/2026,city scrape,Cozy unit near airport with free parking in Ottawa,Julietta,"Ottawa, Canada",t,t,River,Entire guest suite,Entire home/apt,24/06/2026,25/06/2026,t,24/06/2026,25/09/2025,22/06/2026,7.0,6.0,3.0,6.0,2.0,45.0,-75.0,2.0,1.0,2.0,1.0,103.0,1626.0,103.0,30.0,365.0,12.0,29.0,53.0,235.5,22.0,1.0,1.0,4.0,4.0,4.0,4.0,4.0,4.0,1.0,2.0,1.0
2276,24/06/2026,city scrape,Work-Ready 1BR | Desk + Fast Wi-Fi + Parking,Claude,"Ottawa, Canada",f,t,Rideau-Rockcliffe,Entire rental unit,Entire home/apt,02/08/2026,01/09/2026,t,24/06/2026,10,10,0.0,9.0,0.0,8.0,1.0,45.0,-75.0,2.0,1.0,1.0,1.0,93.0,2793.0,93.0,30.0,365.0,0.0,21.0,30.0,275.0,0.0,0.0,0.0,4.0,4.0,4.0,4.0,4.0,4.0,1.0,1.0,1.0
2277,24/06/2026,city scrape,Spacious private basement suite,Sharmilee,"Ottawa, Canada",f,t,Barrhaven,Private room in home,Private room,24/06/2026,24/07/2026,t,24/06/2026,10,10,5.0,1.0,5.0,1.0,8.0,45.0,-75.0,2.0,1.0,2.0,1.0,76.0,2286.0,76.0,30.0,365.0,30.0,60.0,90.0,365.0,0.0,0.0,0.0,4.0,4.0,4.0,4.0,4.0,4.0,1.0,4.0,1.0
2278,24/06/2026,city scrape,"Single house - close to downtown, shops, hospital",Alain,"Ottawa, Canada",f,t,Alta Vista,Entire home,Entire home/apt,21/10/2026,20/11/2026,t,24/06/2026,10/02/2026,13/06/2026,7.0,6.0,3.0,6.0,2.0,45.0,-75.0,2.0,1.0,2.0,1.0,103.0,1626.0,103.0,30.0,365.0,12.0,29.0,53.0,235.5,22.0,1.0,1.0,4.0,4.0,4.0,4.0,4.0,4.0,1.0,2.0,1.0
2279,24/06/2026,city scrape,Modern Renovated 3BR | Long-Term Stay | Workspace,Julie,"Ottawa, Canada",f,t,Rideau-Vanier,Entire rental unit,Entire home/apt,02/07/2026,02/08/2026,t,24/06/2026,10,10,3.0,11.0,1.0,0.0,3.0,45.0,-75.0,5.0,1.0,3.0,3.0,143.0,4459.0,143.0,31.0,365.0,22.0,52.0,82.0,357.0,0.0,0.0,0.0,4.0,4.0,4.0,4.0,4.0,4.0,1.0,3.0,3.0
2280,24/06/2026,city scrape,Cozy Stay Near Kanata in Nepean,Samander,"Ottawa, Canada",f,t,College,Private room in home,Private room,01/09/2026,01/10/2026,t,24/06/2026,10,10,1.0,8.0,0.0,8.0,2.0,45.0,-75.0,2.0,1.0,1.0,1.0,44.0,1327.0,44.0,30.0,365.0,0.0,0.0,21.0,296.0,0.0,0.0,0.0,4.0,4.0,4.0,4.0,4.0,4.0,1.0,2.0,0.0
2281,24/06/2026,city scrape,Cozy Room # 3,Maryam,"Ottawa, Canada",t,t,Knoxdale-Merivale,Private room in home,Private room,17/07/2026,16/08/2026,t,24/06/2026,10,10,3.0,5.0,2.0,9.0,2.0,45.0,-75.0,2.0,1.0,1.0,1.0,47.0,1438.0,47.0,30.0,60.0,14.0,44.0,74.0,349.0,0.0,0.0,0.0,4.0,4.0,4.0,4.0,4.0,4.0,1.0,2.0,0.0
2282,24/06/2026,city scrape,Beautiful Home in Ottawa,Victor,"Ottawa, Canada",f,t,Innes,Private room in home,Private room,18/08/2026,17/09/2026,t,24/06/2026,11/05/2026,11/05/2026,7.0,6.0,3.0,6.0,2.0,45.0,-75.0,2.0,1.0,2.0,1.0,103.0,1626.0,103.0,30.0,365.0,12.0,29.0,53.0,235.5,22.0,1.0,1.0,4.0,4.0,4.0,4.0,4.0,4.0,1.0,2.0,1.0
2283,24/06/2026,city scrape,Stylish Home in Ottawa,Victor,"Ottawa, Canada",f,t,Innes,Private room in home,Private room,01/07/2026,31/07/2026,t,24/06/2026,12/12/2025,12/12/2025,7.0,6.0,3.0,6.0,2.0,45.0,-75.0,2.0,1.0,2.0,1.0,103.0,1626.0,103.0,30.0,365.0,12.0,29.0,53.0,235.5,22.0,1.0,1.0,4.0,4.0,4.0,4.0,4.0,4.0,1.0,2.0,1.0
2284,24/06/2026,city scrape,Elegant Home in Ottawa,Victor,"Ottawa, Canada",f,t,Innes,Private room in home,Private room,31/07/2026,30/08/2026,t,24/06/2026,20/05/2026,20/05/2026,7.0,6.0,3.0,6.0,2.0,45.0,-75.0,2.0,1.0,2.0,1.0,103.0,1626.0,103.0,30.0,365.0,12.0,29.0,53.0,235.5,22.0,1.0,1.0,4.0,4.0,4.0,4.0,4.0,4.0,1.0,2.0,1.0
2285,24/06/2026,city scrape,A perfect place for you in Ottawa,Victor,"Ottawa, Canada",f,t,Innes,Private room in home,Private room,31/08/2026,30/09/2026,t,24/06/2026,10,10,7.0,6.0,3.0,6.0,2.0,45.0,-75.0,2.0,1.0,2.0,1.0,103.0,1626.0,103.0,30.0,365.0,12.0,29.0,53.0,235.5,22.0,1.0,1.0,4.0,4.0,4.0,4.0,4.0,4.0,1.0,2.0,1.0
2286,24/06/2026,city scrape,Very Clean Home in Ottawa,Victor,"Ottawa, Canada",f,t,Barrhaven,Private room in home,Private room,24/06/2026,24/07/2026,t,24/06/2026,10,10,7.0,6.0,3.0,6.0,2.0,45.0,-75.0,2.0,1.0,2.0,1.0,103.0,1626.0,103.0,30.0,365.0,12.0,29.0,53.0,235.5,22.0,1.0,1.0,4.0,4.0,4.0,4.0,4.0,4.0,1.0,2.0,1.0
2287,24/06/2026,city scrape,Private Basement Suite - Free Parking & Fast WiFi,Ben,"Ottawa, Canada",t,t,Cumberland,Private room in guest suite,Private room,11/07/2026,13/07/2026,t,24/06/2026,19/01/2026,19/06/2026,7.0,6.0,3.0,6.0,2.0,45.0,-75.0,2.0,1.0,2.0,1.0,103.0,1626.0,103.0,30.0,365.0,12.0,29.0,53.0,235.5,22.0,1.0,1.0,4.0,4.0,4.0,4.0,4.0,4.0,1.0,2.0,1.0
2288,24/06/2026,city scrape,"Comfortable, chic fully furnished house.",Nadia,"Toronto, Canada",f,t,Orleans,Entire home,Entire home/apt,01/07/2026,03/07/2026,f,24/06/2026,10,10,7.0,6.0,3.0,6.0,2.0,45.0,-75.0,2.0,1.0,2.0,1.0,103.0,1626.0,103.0,30.0,365.0,12.0,29.0,53.0,235.5,22.0,1.0,1.0,4.0,4.0,4.0,4.0,4.0,4.0,1.0,2.0,1.0
2289,24/06/2026,city scrape,Room in a speciousTownhouse,Raj,"Ottawa, Canada",f,t,Barrhaven,Private room in home,Private room,24/06/2026,24/07/2026,t,24/06/2026,10,10,2.0,5.0,2.0,3.0,1.0,45.0,-75.0,2.0,1.0,1.0,1.0,99.0,2982.0,99.0,30.0,365.0,30.0,60.0,90.0,365.0,0.0,0.0,0.0,4.0,4.0,4.0,4.0,4.0,4.0,1.0,1.0,0.0
2290,24/06/2026,city scrape,Room near airport and transit,Fuad,"Ottawa, Canada",f,t,River,Private room in home,Private room,24/06/2026,24/07/2026,t,24/06/2026,10,10,13.0,11.0,0.0,8.0,1.0,45.0,-75.0,1.0,1.0,1.0,1.0,37.0,1114.0,37.0,30.0,60.0,30.0,60.0,90.0,365.0,0.0,0.0,0.0,4.0,4.0,4.0,4.0,4.0,4.0,1.0,1.0,0.0
2291,24/06/2026,city scrape,1 Bedroom Coach House In Centertown,Short And Suite BnB,"Ottawa, Canada",t,t,Somerset,Entire rental unit,Entire home/apt,24/06/2026,24/07/2026,t,24/06/2026,26/11/2025,26/11/2025,7.0,6.0,3.0,6.0,2.0,45.0,-75.0,2.0,1.0,2.0,1.0,103.0,1626.0,103.0,30.0,365.0,12.0,29.0,53.0,235.5,22.0,1.0,1.0,4.0,4.0,4.0,4.0,4.0,4.0,1.0,2.0,1.0
2292,24/06/2026,city scrape,Hintonburg Long Term Stay - From September 2026,Michela,"Ottawa, Canada",f,t,Kitchissippi,Entire rental unit,Entire home/apt,30/08/2026,29/09/2026,f,24/06/2026,10,10,12.0,9.0,0.0,2.0,1.0,45.0,-75.0,4.0,1.0,3.0,3.0,173.0,2246.0,173.0,30.0,160.0,0.0,0.0,23.0,298.0,0.0,0.0,0.0,4.0,4.0,4.0,4.0,4.0,4.0,1.0,1.0,1.0
2293,24/06/2026,city scrape,Cozy Room # 2,Maryam,"Ottawa, Canada",t,t,Knoxdale-Merivale,Private room in home,Private room,08/07/2026,07/08/2026,t,24/06/2026,01/12/2025,01/12/2025,7.0,6.0,3.0,6.0,2.0,45.0,-75.0,2.0,1.0,2.0,1.0,103.0,1626.0,103.0,30.0,365.0,12.0,29.0,53.0,235.5,22.0,1.0,1.0,4.0,4.0,4.0,4.0,4.0,4.0,1.0,2.0,1.0
2294,24/06/2026,city scrape,Comfy & Peaceful Queen Bed. Near Downtown Ottawa.,Ali,"Ottawa, Canada",f,t,Rideau-Rockcliffe,Private room in home,Private room,14/08/2026,13/09/2026,t,24/06/2026,10,10,7.0,6.0,3.0,6.0,2.0,45.0,-75.0,2.0,1.0,2.0,1.0,103.0,1626.0,103.0,30.0,365.0,12.0,29.0,53.0,235.5,22.0,1.0,1.0,4.0,4.0,4.0,4.0,4.0,4.0,1.0,2.0,1.0
2295,24/06/2026,city scrape,Spacious Newly Renovated Suite Near Airport,Nitasha,"Ottawa, Canada",t,t,River,Entire rental unit,Entire home/apt,31/12/2026,30/01/2027,t,24/06/2026,24/11/2025,08/05/2026,7.0,6.0,3.0,6.0,2.0,45.0,-75.0,2.0,1.0,2.0,1.0,103.0,1626.0,103.0,30.0,365.0,12.0,29.0,53.0,235.5,22.0,1.0,1.0,4.0,4.0,4.0,4.0,4.0,4.0,1.0,2.0,1.0
2296,24/06/2026,city scrape,New! Near Civic Hosp + public transport. Parking,Maya,"Ottawa, Canada",f,t,Kitchissippi,Entire home,Entire home/apt,20/12/2026,19/01/2027,t,24/06/2026,21/12/2025,19/06/2026,7.0,6.0,3.0,6.0,2.0,45.0,-75.0,2.0,1.0,2.0,1.0,103.0,1626.0,103.0,30.0,365.0,12.0,29.0,53.0,235.5,22.0,1.0,1.0,4.0,4.0,4.0,4.0,4.0,4.0,1.0,2.0,1.0
2297,24/06/2026,city scrape,Spacious 4-Bed Townhouse w/Parking,Leslie,"Ottawa, Canada",f,t,Rideau-Rockcliffe,Entire home,Entire home/apt,13/07/2026,14/07/2026,t,24/06/2026,16/10/2025,07/06/2026,7.0,6.0,3.0,6.0,2.0,45.0,-75.0,2.0,1.0,2.0,1.0,103.0,1626.0,103.0,30.0,365.0,12.0,29.0,53.0,235.5,22.0,1.0,1.0,4.0,4.0,4.0,4.0,4.0,4.0,1.0,2.0,1.0
2298,24/06/2026,city scrape,Private Cozy 3 Bedroom Unit. All inclusive,Jems,"Ottawa, Canada",f,t,Barrhaven,Entire home,Entire home/apt,24/06/2026,25/06/2026,t,24/06/2026,21/10/2025,31/05/2026,0.0,10.0,0.0,10.0,4.0,45.0,-75.0,6.0,1.0,3.0,3.0,272.0,272.0,272.0,1.0,365.0,10.0,37.0,67.0,342.0,23.0,23.0,17.0,4.0,4.0,4.0,4.0,4.0,4.0,2.0,4.0,1.0
2299,24/06/2026,city scrape,Urban Community - Wateridge/Rockcliffe,Geoff,"Ottawa, Canada",f,t,Rideau-Rockcliffe,Entire townhouse,Entire home/apt,19/09/2026,19/10/2026,t,24/06/2026,17/05/2026,17/05/2026,7.0,6.0,3.0,6.0,2.0,45.0,-75.0,2.0,1.0,2.0,1.0,103.0,1626.0,103.0,30.0,365.0,12.0,29.0,53.0,235.5,22.0,1.0,1.0,4.0,4.0,4.0,4.0,4.0,4.0,1.0,2.0,1.0
2300,24/06/2026,city scrape,Exclusive Estate w. Wraparound Balcony & PoolTable,Natalie,"Ottawa, Canada",f,t,College,Entire home,Entire home/apt,30/10/2026,29/11/2026,t,24/06/2026,10,10,7.0,6.0,3.0,6.0,2.0,45.0,-75.0,2.0,1.0,2.0,1.0,103.0,1626.0,103.0,30.0,365.0,12.0,29.0,53.0,235.5,22.0,1.0,1.0,4.0,4.0,4.0,4.0,4.0,4.0,1.0,2.0,1.0
2301,24/06/2026,city scrape,Spacious basement apt. 10 mins to CHEO & Hospital,Andy,"Ottawa, Canada",f,t,Alta Vista,Entire rental unit,Entire home/apt,13/09/2026,15/09/2026,t,24/06/2026,06/12/2025,21/06/2026,7.0,6.0,3.0,6.0,2.0,45.0,-75.0,2.0,1.0,2.0,1.0,103.0,1626.0,103.0,30.0,365.0,12.0,29.0,53.0,235.5,22.0,1.0,1.0,4.0,4.0,4.0,4.0,4.0,4.0,1.0,2.0,1.0
2302,24/06/2026,city scrape,Cozy Private Room in quiet Home | Good Location,Malcolm,"Ottawa, Canada",f,t,Barrhaven,Private room in home,Private room,27/06/2026,27/07/2026,t,24/06/2026,10,10,7.0,11.0,5.0,10.0,1.0,45.0,-75.0,1.0,1.0,1.0,1.0,50.0,1502.0,50.0,30.0,60.0,27.0,57.0,87.0,87.0,0.0,0.0,0.0,4.0,4.0,4.0,4.0,4.0,4.0,1.0,1.0,0.0
2303,24/06/2026,city scrape,Cozy Hintonburg Apartment,Johanne,"Ottawa, Canada",f,t,Kitchissippi,Entire rental unit,Entire home/apt,01/10/2026,30/12/2026,t,24/06/2026,10,10,6.0,10.0,0.0,8.0,2.0,45.0,-75.0,4.0,1.0,2.0,2.0,36.0,3299.0,36.0,30.0,182.0,0.0,22.0,52.0,326.0,0.0,0.0,0.0,4.0,4.0,4.0,4.0,4.0,4.0,1.0,1.0,1.0
2304,24/06/2026,city scrape,"Ottawa Barrhaven home,3BR 2.5BA | Loft+Balcony",Lily,"Ottawa, Canada",f,t,Barrhaven,Entire home,Entire home/apt,22/08/2026,21/09/2026,t,24/06/2026,10,10,7.0,6.0,3.0,6.0,2.0,45.0,-75.0,2.0,1.0,2.0,1.0,103.0,1626.0,103.0,30.0,365.0,12.0,29.0,53.0,235.5,22.0,1.0,1.0,4.0,4.0,4.0,4.0,4.0,4.0,1.0,2.0,1.0
2305,24/06/2026,city scrape,Waterfront Oasis in the Heart of Ottawa,Colleen,"Ottawa, Canada",f,t,Bay,Private room in home,Private room,29/06/2026,02/07/2026,t,24/06/2026,10,10,4.0,8.0,0.0,8.0,1.0,45.0,-75.0,2.0,1.0,1.0,1.0,142.0,428.0,142.0,3.0,365.0,25.0,50.0,80.0,355.0,0.0,0.0,0.0,4.0,4.0,4.0,4.0,4.0,4.0,1.0,1.0,0.0
2306,24/06/2026,city scrape,Private 2-acre forest retreat near Ottawa,Bara,"Ottawa, Canada",t,t,West Carleton-March,Entire home,Entire home/apt,28/06/2026,01/07/2026,t,24/06/2026,28/11/2025,07/06/2026,7.0,6.0,3.0,6.0,2.0,45.0,-75.0,2.0,1.0,2.0,1.0,103.0,1626.0,103.0,30.0,365.0,12.0,29.0,53.0,235.5,22.0,1.0,1.0,4.0,4.0,4.0,4.0,4.0,4.0,1.0,2.0,1.0
2307,24/06/2026,city scrape,5BD Retreat | Near Bayshore & Trails,Jasmine,"Ottawa, Canada",t,t,Bay,Entire home,Entire home/apt,11/08/2026,10/09/2026,t,24/06/2026,25/02/2026,25/02/2026,7.0,6.0,3.0,6.0,2.0,45.0,-75.0,2.0,1.0,2.0,1.0,103.0,1626.0,103.0,30.0,365.0,12.0,29.0,53.0,235.5,22.0,1.0,1.0,4.0,4.0,4.0,4.0,4.0,4.0,1.0,2.0,1.0
2308,24/06/2026,city scrape,Charming 1‑Bedroom Getaway in a Peaceful Townhome,Eve,"Ottawa, Canada",f,t,Stittsville-Kanata West,Private room in townhouse,Private room,24/06/2026,24/07/2026,t,24/06/2026,10,10,0.0,10.0,0.0,2.0,1.0,45.0,-75.0,2.0,1.0,1.0,1.0,64.0,1944.0,64.0,30.0,31.0,30.0,60.0,90.0,335.0,0.0,0.0,0.0,4.0,4.0,4.0,4.0,4.0,4.0,1.0,1.0,0.0
2309,24/06/2026,city scrape,Modern Apartment in Ottawa,George,"Gatineau, Canada",f,t,Rideau-Vanier,Entire rental unit,Entire home/apt,20/07/2026,21/07/2026,t,24/06/2026,29/10/2025,03/06/2026,7.0,6.0,3.0,6.0,2.0,45.0,-75.0,2.0,1.0,2.0,1.0,103.0,1626.0,103.0,30.0,365.0,12.0,29.0,53.0,235.5,22.0,1.0,1.0,4.0,4.0,4.0,4.0,4.0,4.0,1.0,2.0,1.0
2310,24/06/2026,city scrape,Cozy Retreat in the Heart of Altavista 3,Emma,"Ottawa, Canada",f,t,Alta Vista,Private room in home,Private room,30/08/2026,29/09/2026,t,24/06/2026,10,10,11.0,4.0,2.0,9.0,2.0,45.0,-75.0,1.0,1.0,1.0,1.0,53.0,1592.0,53.0,30.0,365.0,0.0,0.0,23.0,298.0,0.0,0.0,0.0,4.0,4.0,4.0,4.0,4.0,4.0,1.0,2.0,0.0
2311,24/06/2026,city scrape,Cozy 1BR Walkout Apartment – Your home in Kanata!,Beverly,"Ottawa, Canada",f,t,Kanata South,Entire rental unit,Entire home/apt,15/07/2026,17/07/2026,t,24/06/2026,04/12/2025,14/06/2026,7.0,6.0,3.0,6.0,2.0,45.0,-75.0,2.0,1.0,2.0,1.0,103.0,1626.0,103.0,30.0,365.0,12.0,29.0,53.0,235.5,22.0,1.0,1.0,4.0,4.0,4.0,4.0,4.0,4.0,1.0,2.0,1.0
2312,24/06/2026,city scrape,3 Bedrooms Downtown Apartment,"Atallah,Khalil Atallah","Ottawa, Canada",f,t,Rideau-Vanier,Entire rental unit,Entire home/apt,24/06/2026,25/06/2026,t,24/06/2026,09/11/2025,06/06/2026,7.0,6.0,3.0,6.0,2.0,45.0,-75.0,2.0,1.0,2.0,1.0,103.0,1626.0,103.0,30.0,365.0,12.0,29.0,53.0,235.5,22.0,1.0,1.0,4.0,4.0,4.0,4.0,4.0,4.0,1.0,2.0,1.0
2313,24/06/2026,city scrape,House w/Garage - near Rockcliffe - For two,Salim,"Ottawa, Canada",t,t,Rideau-Rockcliffe,Entire home,Entire home/apt,13/07/2026,16/07/2026,t,24/06/2026,07/11/2025,06/05/2026,7.0,6.0,3.0,6.0,2.0,45.0,-75.0,2.0,1.0,2.0,1.0,103.0,1626.0,103.0,30.0,365.0,12.0,29.0,53.0,235.5,22.0,1.0,1.0,4.0,4.0,4.0,4.0,4.0,4.0,1.0,2.0,1.0
2314,24/06/2026,city scrape,Uottawa Room Steps parliament hill & Rideau center,Frits,"Mexicali, Mexico",f,t,Rideau-Vanier,Private room in rental unit,Private room,24/06/2026,24/07/2026,t,24/06/2026,10,10,7.0,6.0,3.0,6.0,2.0,45.0,-75.0,2.0,1.0,2.0,1.0,103.0,1626.0,103.0,30.0,365.0,12.0,29.0,53.0,235.5,22.0,1.0,1.0,4.0,4.0,4.0,4.0,4.0,4.0,1.0,2.0,1.0
2315,24/06/2026,city scrape,"Luxury 2BR, Private Entry, Parking, Near Airport.",Olu,"Ottawa, Canada",f,t,Osgoode,Entire guest suite,Entire home/apt,24/06/2026,25/06/2026,t,24/06/2026,14/05/2026,28/05/2026,7.0,6.0,3.0,6.0,2.0,45.0,-75.0,2.0,1.0,2.0,1.0,103.0,1626.0,103.0,30.0,365.0,12.0,29.0,53.0,235.5,22.0,1.0,1.0,4.0,4.0,4.0,4.0,4.0,4.0,1.0,2.0,1.0
2316,24/06/2026,city scrape,Cozy 2-bedroom in Ottawa with free parking,Triumph Services,"Ottawa, Canada",f,t,West Carleton-March,Entire home,Entire home/apt,24/06/2026,24/07/2026,t,24/06/2026,10,10,7.0,6.0,3.0,6.0,2.0,45.0,-75.0,2.0,1.0,2.0,1.0,103.0,1626.0,103.0,30.0,365.0,12.0,29.0,53.0,235.5,22.0,1.0,1.0,4.0,4.0,4.0,4.0,4.0,4.0,1.0,2.0,1.0
2317,24/06/2026,city scrape,Casa Veríssimo,Verissimo,"Ottawa, Canada",f,t,Gloucester-South Nepean,Entire home,Entire home/apt,20/07/2026,22/07/2026,t,24/06/2026,18/05/2026,21/06/2026,7.0,6.0,3.0,6.0,2.0,45.0,-75.0,2.0,1.0,2.0,1.0,103.0,1626.0,103.0,30.0,365.0,12.0,29.0,53.0,235.5,22.0,1.0,1.0,4.0,4.0,4.0,4.0,4.0,4.0,1.0,2.0,1.0
2318,24/06/2026,city scrape,Cassie’s House,Filipe,"Ottawa, Canada",f,t,Innes,Entire home,Entire home/apt,31/08/2026,02/09/2026,t,24/06/2026,20/12/2025,21/06/2026,7.0,6.0,3.0,6.0,2.0,45.0,-75.0,2.0,1.0,2.0,1.0,103.0,1626.0,103.0,30.0,365.0,12.0,29.0,53.0,235.5,22.0,1.0,1.0,4.0,4.0,4.0,4.0,4.0,4.0,1.0,2.0,1.0
2319,24/06/2026,city scrape,Beachwood Village Retreat,Jeff,"Ottawa, Canada",f,t,Rideau-Vanier,Entire home,Entire home/apt,19/10/2026,18/11/2026,t,24/06/2026,28/02/2026,15/06/2026,7.0,6.0,3.0,6.0,2.0,45.0,-75.0,2.0,1.0,2.0,1.0,103.0,1626.0,103.0,30.0,365.0,12.0,29.0,53.0,235.5,22.0,1.0,1.0,4.0,4.0,4.0,4.0,4.0,4.0,1.0,2.0,1.0
2320,24/06/2026,city scrape,Bright & Cozy-Chic Home in Findlay Creek Ottawa,Dr. Ben,"Ottawa, Canada",f,t,Osgoode,Entire rental unit,Entire home/apt,01/07/2026,31/07/2026,t,24/06/2026,28/02/2026,28/02/2026,7.0,6.0,3.0,6.0,2.0,45.0,-75.0,2.0,1.0,2.0,1.0,103.0,1626.0,103.0,30.0,365.0,12.0,29.0,53.0,235.5,22.0,1.0,1.0,4.0,4.0,4.0,4.0,4.0,4.0,1.0,2.0,1.0
2321,24/06/2026,city scrape,King bed - (#e)Private Room in Ottawa,Shiva,"Ottawa, Canada",f,t,Stittsville-Kanata West,Private room in townhouse,Private room,25/06/2026,26/06/2026,t,24/06/2026,07/11/2025,19/06/2026,5.0,0.0,0.0,9.0,4.0,45.0,-75.0,2.0,1.0,2.0,1.0,67.0,67.0,67.0,1.0,1125.0,24.0,51.0,72.0,72.0,40.0,40.0,11.0,4.0,4.0,4.0,4.0,4.0,4.0,5.0,2.0,0.0
2322,24/06/2026,city scrape,Spacieux et élégant appartement privé au sous-sol,Kiki,"Ottawa, Canada",f,t,Barrhaven,Entire home,Entire home/apt,01/09/2026,01/10/2026,t,24/06/2026,10,10,2.0,11.0,0.0,8.0,1.0,45.0,-75.0,3.0,1.0,1.0,2.0,77.0,2313.0,77.0,30.0,365.0,0.0,0.0,21.0,296.0,0.0,0.0,0.0,4.0,4.0,4.0,4.0,4.0,4.0,1.0,1.0,1.0
2323,24/06/2026,city scrape,Stylish 2BR Suite · Own Entrance · Findlay Creek,Simon,"Ottawa, Canada",f,t,Gloucester-South Nepean,Entire guest suite,Entire home/apt,01/11/2026,01/12/2026,t,24/06/2026,05/05/2026,05/05/2026,7.0,6.0,3.0,6.0,2.0,45.0,-75.0,2.0,1.0,2.0,1.0,103.0,1626.0,103.0,30.0,365.0,12.0,29.0,53.0,235.5,22.0,1.0,1.0,4.0,4.0,4.0,4.0,4.0,4.0,1.0,2.0,1.0
2324,02/07/2026,previous scrape,Spacious Single Nest in Centertown,Bed & Coffee,"Ottawa, Canada",f,t,Rideau-Vanier,Private room in home,Private room,02/07/2026,01/08/2026,t,02/07/2026,31/05/2026,31/05/2026,7.0,6.0,3.0,6.0,2.0,45.0,-75.0,2.0,1.0,2.0,1.0,103.0,1626.0,103.0,30.0,365.0,12.0,29.0,53.0,235.5,22.0,1.0,1.0,4.0,4.0,4.0,4.0,4.0,4.0,1.0,2.0,1.0
2325,24/06/2026,city scrape,Private single or double steps Uottawa &Parliament,Carlos,"Ottawa, Canada",f,t,Rideau-Vanier,Private room in rental unit,Private room,24/06/2026,24/07/2026,t,24/06/2026,10,10,7.0,6.0,3.0,6.0,2.0,45.0,-75.0,2.0,1.0,2.0,1.0,103.0,1626.0,103.0,30.0,365.0,12.0,29.0,53.0,235.5,22.0,1.0,1.0,4.0,4.0,4.0,4.0,4.0,4.0,1.0,2.0,1.0
2326,24/06/2026,city scrape,Executive Suite 3BR - Close to Downtown Ottawa,Oliver,"Ottawa, Canada",f,t,Rideau-Rockcliffe,Entire rental unit,Entire home/apt,18/07/2026,17/08/2026,t,24/06/2026,02/03/2026,02/03/2026,7.0,6.0,3.0,6.0,2.0,45.0,-75.0,2.0,1.0,2.0,1.0,103.0,1626.0,103.0,30.0,365.0,12.0,29.0,53.0,235.5,22.0,1.0,1.0,4.0,4.0,4.0,4.0,4.0,4.0,1.0,2.0,1.0
2327,24/06/2026,city scrape,2 King Beds - 2 Private Rooms in Ottawa,Shiva,"Ottawa, Canada",f,t,Stittsville-Kanata West,Private room in townhouse,Private room,25/06/2026,26/06/2026,t,24/06/2026,30/11/2025,13/06/2026,5.0,0.0,0.0,9.0,4.0,45.0,-75.0,4.0,1.0,2.0,2.0,149.0,149.0,149.0,1.0,1125.0,16.0,36.0,57.0,57.0,26.0,26.0,4.0,4.0,4.0,4.0,4.0,4.0,4.0,3.0,2.0,0.0
2328,24/06/2026,city scrape,Modern 2BR Townhome w/ Garage – Orleans/Ottawa,Odette,"Ottawa, Canada",f,t,Cumberland,Entire home,Entire home/apt,10/08/2026,09/09/2026,t,24/06/2026,10,10,7.0,6.0,3.0,6.0,2.0,45.0,-75.0,2.0,1.0,2.0,1.0,103.0,1626.0,103.0,30.0,365.0,12.0,29.0,53.0,235.5,22.0,1.0,1.0,4.0,4.0,4.0,4.0,4.0,4.0,1.0,2.0,1.0
2329,24/06/2026,city scrape,Basement Studio Point Vidame.,Oludare,"Ottawa, Canada",f,t,Osgoode,Entire rental unit,Entire home/apt,25/06/2026,25/07/2026,t,24/06/2026,10,10,3.0,11.0,0.0,7.0,1.0,45.0,-75.0,2.0,1.0,1.0,1.0,106.0,3191.0,106.0,30.0,365.0,29.0,59.0,89.0,89.0,0.0,0.0,0.0,4.0,4.0,4.0,4.0,4.0,4.0,1.0,1.0,1.0
2330,02/07/2026,previous scrape,Modern luxe escape in Ottawa | mins to Tanger&CTC,Abby,"Ottawa, Canada",f,t,West Carleton-March,Entire home,Entire home/apt,04/08/2026,06/08/2026,t,02/07/2026,19/04/2026,26/06/2026,7.0,6.0,3.0,6.0,2.0,45.0,-75.0,2.0,1.0,2.0,1.0,103.0,1626.0,103.0,30.0,365.0,12.0,29.0,53.0,235.5,22.0,1.0,1.0,4.0,4.0,4.0,4.0,4.0,4.0,1.0,2.0,1.0
2331,24/06/2026,city scrape,Modern Comfort Meets Luxury – Executive Glasshouse,Modern,"Ottawa, Canada",f,t,Orleans,Entire home,Entire home/apt,19/07/2026,20/07/2026,t,24/06/2026,29/11/2025,06/06/2026,7.0,6.0,3.0,6.0,2.0,45.0,-75.0,2.0,1.0,2.0,1.0,103.0,1626.0,103.0,30.0,365.0,12.0,29.0,53.0,235.5,22.0,1.0,1.0,4.0,4.0,4.0,4.0,4.0,4.0,1.0,2.0,1.0
2332,02/07/2026,previous scrape,Executive Style Apartment,Louise,"Ottawa, Canada",f,t,Stittsville-Kanata West,Entire rental unit,Entire home/apt,21/08/2026,19/11/2026,t,02/07/2026,10,10,7.0,6.0,3.0,6.0,2.0,45.0,-75.0,2.0,1.0,2.0,1.0,103.0,1626.0,103.0,30.0,365.0,12.0,29.0,53.0,235.5,22.0,1.0,1.0,4.0,4.0,4.0,4.0,4.0,4.0,1.0,2.0,1.0
2333,24/06/2026,city scrape,Modern Central 2 Bedroom condo with Free Parking,Korosh,"Ottawa, Canada",f,t,Rideau-Vanier,Entire rental unit,Entire home/apt,11/07/2026,10/08/2026,t,24/06/2026,01/02/2026,01/02/2026,7.0,6.0,3.0,6.0,2.0,45.0,-75.0,2.0,1.0,2.0,1.0,103.0,1626.0,103.0,30.0,365.0,12.0,29.0,53.0,235.5,22.0,1.0,1.0,4.0,4.0,4.0,4.0,4.0,4.0,1.0,2.0,1.0
2334,02/07/2026,previous scrape,Cozy & Modern 3-Bed Home Near Downtown & Hospital,Natalie,"Ottawa, Canada",f,t,Orleans,Entire home,Entire home/apt,0000-00-00,"""0000-00-00""",t,02/07/2026,15/12/2025,22/02/2026,7.0,6.0,3.0,6.0,2.0,45.0,-75.0,2.0,1.0,2.0,1.0,103.0,1626.0,103.0,30.0,365.0,12.0,29.0,53.0,235.5,22.0,1.0,1.0,4.0,4.0,4.0,4.0,4.0,4.0,1.0,2.0,1.0
2335,24/06/2026,city scrape,Private Single Or Double Room Across Uottawa,Carlos,"Ottawa, Canada",f,t,Rideau-Vanier,Private room in rental unit,Private room,24/06/2026,24/07/2026,t,24/06/2026,26/11/2025,26/11/2025,7.0,6.0,3.0,6.0,2.0,45.0,-75.0,2.0,1.0,2.0,1.0,103.0,1626.0,103.0,30.0,365.0,12.0,29.0,53.0,235.5,22.0,1.0,1.0,4.0,4.0,4.0,4.0,4.0,4.0,1.0,2.0,1.0
2336,24/06/2026,city scrape,Modern Private Retreat - Entire Unit AC,John,"Ottawa, Canada",t,t,College,Entire rental unit,Entire home/apt,27/06/2026,15/07/2026,t,24/06/2026,24/01/2026,20/06/2026,7.0,6.0,3.0,6.0,2.0,45.0,-75.0,2.0,1.0,2.0,1.0,103.0,1626.0,103.0,30.0,365.0,12.0,29.0,53.0,235.5,22.0,1.0,1.0,4.0,4.0,4.0,4.0,4.0,4.0,1.0,2.0,1.0
2337,24/06/2026,city scrape,New! Near Civic Hosp + public transport.,Maya,"Ottawa, Canada",f,t,Kitchissippi,Entire rental unit,Entire home/apt,21/12/2026,20/01/2027,t,24/06/2026,19/02/2026,19/02/2026,7.0,6.0,3.0,6.0,2.0,45.0,-75.0,2.0,1.0,2.0,1.0,103.0,1626.0,103.0,30.0,365.0,12.0,29.0,53.0,235.5,22.0,1.0,1.0,4.0,4.0,4.0,4.0,4.0,4.0,1.0,2.0,1.0
2338,24/06/2026,city scrape,Modern Downtown Studio Retreat,Ameer,"Ottawa, Canada",f,t,Kitchissippi,Entire home,Entire home/apt,30/06/2026,30/07/2026,t,24/06/2026,10,10,7.0,6.0,3.0,6.0,2.0,45.0,-75.0,2.0,1.0,2.0,1.0,103.0,1626.0,103.0,30.0,365.0,12.0,29.0,53.0,235.5,22.0,1.0,1.0,4.0,4.0,4.0,4.0,4.0,4.0,1.0,2.0,1.0
2339,24/06/2026,city scrape,Cozy Kanata Haven,Michelle,"Toronto, Canada",f,t,Kanata South,Entire townhouse,Entire home/apt,26/06/2026,26/07/2026,t,24/06/2026,10,10,7.0,6.0,3.0,6.0,2.0,45.0,-75.0,2.0,1.0,2.0,1.0,103.0,1626.0,103.0,30.0,365.0,12.0,29.0,53.0,235.5,22.0,1.0,1.0,4.0,4.0,4.0,4.0,4.0,4.0,1.0,2.0,1.0
2340,24/06/2026,city scrape,Modern & Bright 3BR in Westboro | Near Downtown,Marc,"Ottawa, Canada",f,t,Kitchissippi,Entire home,Entire home/apt,08/09/2026,08/10/2026,t,24/06/2026,04/02/2026,29/04/2026,7.0,6.0,3.0,6.0,2.0,45.0,-75.0,2.0,1.0,2.0,1.0,103.0,1626.0,103.0,30.0,365.0,12.0,29.0,53.0,235.5,22.0,1.0,1.0,4.0,4.0,4.0,4.0,4.0,4.0,1.0,2.0,1.0
2341,24/06/2026,city scrape,"201 Cathcart St, Private Studio | Walk to uOttawa",Daniel,"Gatineau, Canada",t,t,Rideau-Vanier,Entire rental unit,Entire home/apt,16/07/2026,15/08/2026,t,24/06/2026,09/01/2026,15/03/2026,7.0,6.0,3.0,6.0,2.0,45.0,-75.0,2.0,1.0,2.0,1.0,103.0,1626.0,103.0,30.0,365.0,12.0,29.0,53.0,235.5,22.0,1.0,1.0,4.0,4.0,4.0,4.0,4.0,4.0,1.0,2.0,1.0
2342,24/06/2026,city scrape,"Cute, Clean & Cozy 2-Bedroom in Heart of Downtown",Willow,"Ottawa, Canada",f,t,Capital,Entire rental unit,Entire home/apt,24/06/2026,25/07/2026,t,24/06/2026,10,10,0.0,7.0,0.0,7.0,1.0,45.0,-75.0,4.0,1.0,2.0,2.0,128.0,3971.0,128.0,31.0,365.0,30.0,60.0,90.0,365.0,0.0,0.0,0.0,4.0,4.0,4.0,4.0,4.0,4.0,1.0,1.0,1.0
2343,24/06/2026,city scrape,Cozy room space,Victor,"Ottawa, Canada",f,t,Innes,Private room in home,Private room,24/06/2026,24/07/2026,t,24/06/2026,10,10,7.0,6.0,3.0,6.0,2.0,45.0,-75.0,2.0,1.0,2.0,1.0,103.0,1626.0,103.0,30.0,365.0,12.0,29.0,53.0,235.5,22.0,1.0,1.0,4.0,4.0,4.0,4.0,4.0,4.0,1.0,2.0,1.0
2344,24/06/2026,city scrape,Chic Hotel-Style Studio by Lansdowne& Rideau Canal,Domenico,"Ottawa, Canada",f,t,Capital,Entire rental unit,Entire home/apt,01/12/2026,31/12/2026,t,24/06/2026,26/04/2026,26/04/2026,7.0,6.0,3.0,6.0,2.0,45.0,-75.0,2.0,1.0,2.0,1.0,103.0,1626.0,103.0,30.0,365.0,12.0,29.0,53.0,235.5,22.0,1.0,1.0,4.0,4.0,4.0,4.0,4.0,4.0,1.0,2.0,1.0
2345,24/06/2026,city scrape,Luxury Stay-Minutes from Kanata Tech Hub,Besha,"Ottawa, Canada",t,t,West Carleton-March,Entire home,Entire home/apt,24/06/2026,24/07/2026,t,24/06/2026,10,10,7.0,6.0,3.0,6.0,2.0,45.0,-75.0,2.0,1.0,2.0,1.0,103.0,1626.0,103.0,30.0,365.0,12.0,29.0,53.0,235.5,22.0,1.0,1.0,4.0,4.0,4.0,4.0,4.0,4.0,1.0,2.0,1.0
2346,02/07/2026,previous scrape,4Bdrm Stittsville/Kanata Townhouse/Dbl Car Garage,Pete,"Ottawa, Canada",t,t,Stittsville-Kanata West,Entire home,Entire home/apt,19/07/2026,23/07/2026,t,02/07/2026,16/11/2025,29/06/2026,7.0,6.0,3.0,6.0,2.0,45.0,-75.0,2.0,1.0,2.0,1.0,103.0,1626.0,103.0,30.0,365.0,12.0,29.0,53.0,235.5,22.0,1.0,1.0,4.0,4.0,4.0,4.0,4.0,4.0,1.0,2.0,1.0
2347,02/07/2026,previous scrape,Century home in quiet downtown neighborhood,Tricia,"Beachburg, Canada",f,t,Rideau-Vanier,Entire home,Entire home/apt,20/09/2026,23/09/2026,t,02/07/2026,27/12/2025,29/06/2026,10.0,11.0,0.0,6.0,1.0,45.0,-75.0,6.0,1.0,3.0,2.0,263.0,791.0,263.0,3.0,365.0,1.0,1.0,11.0,11.0,13.0,13.0,2.0,4.0,4.0,4.0,4.0,4.0,4.0,2.0,1.0,1.0
2348,24/06/2026,city scrape,"Sleek & Cozy Basement Suite in Barrhaven, Ottawa",Toba,"Ottawa, Canada",f,t,Barrhaven,Entire guest suite,Entire home/apt,28/06/2026,29/06/2026,t,24/06/2026,23/11/2025,14/06/2026,7.0,6.0,3.0,6.0,2.0,45.0,-75.0,2.0,1.0,2.0,1.0,103.0,1626.0,103.0,30.0,365.0,12.0,29.0,53.0,235.5,22.0,1.0,1.0,4.0,4.0,4.0,4.0,4.0,4.0,1.0,2.0,1.0
2349,24/06/2026,city scrape,Comfy Oasis Queen Room in Barrhaven,Toba,"Ottawa, Canada",f,t,Barrhaven,Private room in guest suite,Private room,28/06/2026,29/06/2026,t,24/06/2026,03/02/2026,08/06/2026,7.0,6.0,3.0,6.0,2.0,45.0,-75.0,2.0,1.0,2.0,1.0,103.0,1626.0,103.0,30.0,365.0,12.0,29.0,53.0,235.5,22.0,1.0,1.0,4.0,4.0,4.0,4.0,4.0,4.0,1.0,2.0,1.0
2350,24/06/2026,city scrape,3 bedroom (or 2 + office) East-Central Ottawa,Paul,"Ottawa, Canada",f,t,Rideau-Vanier,Entire home,Entire home/apt,24/06/2026,24/07/2026,t,24/06/2026,10,10,7.0,6.0,3.0,6.0,2.0,45.0,-75.0,2.0,1.0,2.0,1.0,103.0,1626.0,103.0,30.0,365.0,12.0,29.0,53.0,235.5,22.0,1.0,1.0,4.0,4.0,4.0,4.0,4.0,4.0,1.0,2.0,1.0
2351,24/06/2026,city scrape,"Downtown,2-Room Studio, Private Bath",Vincent,"Ottawa, Canada",t,t,Rideau-Rockcliffe,Entire home,Entire home/apt,30/11/2026,31/12/2026,t,24/06/2026,10,10,6.0,9.0,6.0,9.0,5.0,45.0,-75.0,2.0,1.0,1.0,1.0,35.0,1115.0,35.0,31.0,365.0,0.0,0.0,0.0,206.0,0.0,0.0,0.0,4.0,4.0,4.0,4.0,4.0,4.0,1.0,5.0,5.0
2352,24/06/2026,city scrape,Entire 1 bedroom unit-large room East-Central Ott,Paul,"Ottawa, Canada",f,t,Rideau-Vanier,Entire home,Entire home/apt,24/06/2026,24/07/2026,t,24/06/2026,10,10,7.0,6.0,3.0,6.0,2.0,45.0,-75.0,2.0,1.0,2.0,1.0,103.0,1626.0,103.0,30.0,365.0,12.0,29.0,53.0,235.5,22.0,1.0,1.0,4.0,4.0,4.0,4.0,4.0,4.0,1.0,2.0,1.0
2353,02/07/2026,previous scrape,The Hintonburg House,Matthew,"Ottawa, Canada",f,t,Kitchissippi,Entire townhouse,Entire home/apt,0000-00-00,"""0000-00-00""",t,02/07/2026,14/02/2026,31/05/2026,7.0,6.0,3.0,6.0,2.0,45.0,-75.0,2.0,1.0,2.0,1.0,103.0,1626.0,103.0,30.0,365.0,12.0,29.0,53.0,235.5,22.0,1.0,1.0,4.0,4.0,4.0,4.0,4.0,4.0,1.0,2.0,1.0
2354,24/06/2026,city scrape,Spacious Priv Female only Master Bedroom w/Ensuite,Bouchra,"Ottawa, Canada",f,t,Gloucester-Southgate,Private room in home,Private room,29/06/2026,01/07/2026,t,24/06/2026,17/05/2026,24/05/2026,7.0,6.0,3.0,6.0,2.0,45.0,-75.0,2.0,1.0,2.0,1.0,103.0,1626.0,103.0,30.0,365.0,12.0,29.0,53.0,235.5,22.0,1.0,1.0,4.0,4.0,4.0,4.0,4.0,4.0,1.0,2.0,1.0
2355,24/06/2026,city scrape,Modern Suite - Walk in Closet - Private Bathroom,Adam,"Ottawa, Canada",f,t,Gloucester-Southgate,Private room in home,Private room,29/06/2026,30/06/2026,t,24/06/2026,27/11/2025,04/06/2026,0.0,9.0,0.0,7.0,5.0,45.0,-75.0,2.0,1.0,1.0,1.0,109.0,109.0,109.0,1.0,365.0,16.0,43.0,73.0,348.0,28.0,28.0,6.0,4.0,4.0,4.0,4.0,4.0,4.0,4.0,5.0,0.0
2356,24/06/2026,city scrape,Private Room Across The University Of Ottawa,Carlos,"Ottawa, Canada",f,t,Rideau-Vanier,Private room in rental unit,Private room,24/06/2026,24/07/2026,t,24/06/2026,10,10,7.0,6.0,3.0,6.0,2.0,45.0,-75.0,2.0,1.0,2.0,1.0,103.0,1626.0,103.0,30.0,365.0,12.0,29.0,53.0,235.5,22.0,1.0,1.0,4.0,4.0,4.0,4.0,4.0,4.0,1.0,2.0,1.0
2357,24/06/2026,city scrape,Relaxing Room with Warm Modern Vibes-near airport,Adam,"Ottawa, Canada",f,t,Gloucester-Southgate,Private room in home,Private room,24/06/2026,25/06/2026,t,24/06/2026,25/11/2025,10/06/2026,0.0,9.0,0.0,7.0,5.0,45.0,-75.0,2.0,1.0,1.0,1.0,92.0,92.0,92.0,1.0,365.0,26.0,55.0,85.0,359.0,17.0,17.0,6.0,4.0,4.0,4.0,4.0,4.0,4.0,2.0,5.0,0.0
2358,02/07/2026,previous scrape,Student rental in Byward Market!,Ariane,"Ottawa, Canada",f,t,Rideau-Vanier,Private room in home,Private room,02/07/2026,30/10/2026,t,02/07/2026,10,10,7.0,6.0,3.0,6.0,2.0,45.0,-75.0,2.0,1.0,2.0,1.0,103.0,1626.0,103.0,30.0,365.0,12.0,29.0,53.0,235.5,22.0,1.0,1.0,4.0,4.0,4.0,4.0,4.0,4.0,1.0,2.0,1.0
2359,24/06/2026,city scrape,Kat House 2,Kathryn,"Ottawa, Canada",t,t,Rideau-Rockcliffe,Private room in home,Private room,03/08/2026,02/09/2026,t,24/06/2026,31/03/2026,31/03/2026,7.0,6.0,3.0,6.0,2.0,45.0,-75.0,2.0,1.0,2.0,1.0,103.0,1626.0,103.0,30.0,365.0,12.0,29.0,53.0,235.5,22.0,1.0,1.0,4.0,4.0,4.0,4.0,4.0,4.0,1.0,2.0,1.0
2360,24/06/2026,city scrape,"The Keon Hotel, Rm #3 (2 Queen Beds)",Ryan,"Ottawa, Canada",t,t,Rideau-Vanier,Room in hotel,Private room,28/06/2026,29/06/2026,t,24/06/2026,29/01/2026,10/06/2026,0.0,10.0,0.0,10.0,6.0,45.0,-75.0,2.0,1.0,1.0,1.0,242.0,242.0,242.0,1.0,365.0,22.0,44.0,74.0,175.0,12.0,12.0,0.0,4.0,4.0,4.0,4.0,4.0,4.0,2.0,6.0,0.0
2361,24/06/2026,city scrape,"Modern Studio| Gloucester, Ottawa",Guillaume,"Ottawa, Canada",f,t,Beacon Hill-Cyrville,Entire rental unit,Entire home/apt,17/11/2026,18/12/2026,t,24/06/2026,20/03/2026,20/03/2026,7.0,6.0,3.0,6.0,2.0,45.0,-75.0,2.0,1.0,2.0,1.0,103.0,1626.0,103.0,30.0,365.0,12.0,29.0,53.0,235.5,22.0,1.0,1.0,4.0,4.0,4.0,4.0,4.0,4.0,1.0,2.0,1.0
2362,24/06/2026,city scrape,4BD Home in Orleans w/ Heated Pool,Luis,"Gatineau, Canada",t,t,Orleans,Entire home,Entire home/apt,24/06/2026,26/06/2026,t,24/06/2026,11/01/2026,20/06/2026,7.0,6.0,3.0,6.0,2.0,45.0,-75.0,2.0,1.0,2.0,1.0,103.0,1626.0,103.0,30.0,365.0,12.0,29.0,53.0,235.5,22.0,1.0,1.0,4.0,4.0,4.0,4.0,4.0,4.0,1.0,2.0,1.0
2363,02/07/2026,previous scrape,"Modern Condo: Steps to Downtown, Airport, Shops",Marco,"Ottawa, Canada",t,t,Knoxdale-Merivale,Entire rental unit,Entire home/apt,0000-00-00,"""0000-00-00""",t,02/07/2026,12/12/2025,22/06/2026,4.0,11.0,2.0,9.0,2.0,45.0,-75.0,4.0,1.0,2.0,2.0,173.0,2246.0,173.0,5.0,90.0,5.0,8.0,12.0,16.0,10.0,10.0,1.0,4.0,4.0,5.0,5.0,4.0,4.0,1.0,2.0,2.0
2364,24/06/2026,city scrape,"The Keon Hotel, Rm #4 (King Bed)",Ryan,"Ottawa, Canada",t,t,Rideau-Vanier,Room in hotel,Private room,28/06/2026,29/06/2026,t,24/06/2026,28/01/2026,24/05/2026,7.0,6.0,3.0,6.0,2.0,45.0,-75.0,2.0,1.0,2.0,1.0,103.0,1626.0,103.0,30.0,365.0,12.0,29.0,53.0,235.5,22.0,1.0,1.0,4.0,4.0,4.0,4.0,4.0,4.0,1.0,2.0,1.0
2365,24/06/2026,city scrape,2BR/1.5BA Home For Monthly Stays With Fenced Yard,Jenn,"Ottawa, Canada",t,t,Bay,Entire home,Entire home/apt,16/08/2026,15/09/2026,t,24/06/2026,31/03/2026,31/03/2026,7.0,6.0,3.0,6.0,2.0,45.0,-75.0,2.0,1.0,2.0,1.0,103.0,1626.0,103.0,30.0,365.0,12.0,29.0,53.0,235.5,22.0,1.0,1.0,4.0,4.0,4.0,4.0,4.0,4.0,1.0,2.0,1.0
2366,24/06/2026,city scrape,"The Keon Hotel, Rm #5 (King Bed)",Ryan,"Ottawa, Canada",t,t,Rideau-Vanier,Room in hotel,Private room,25/06/2026,26/06/2026,t,24/06/2026,25/01/2026,25/05/2026,7.0,6.0,3.0,6.0,2.0,45.0,-75.0,2.0,1.0,2.0,1.0,103.0,1626.0,103.0,30.0,365.0,12.0,29.0,53.0,235.5,22.0,1.0,1.0,4.0,4.0,4.0,4.0,4.0,4.0,1.0,2.0,1.0
2367,24/06/2026,city scrape,"The Keon Hotel, Rm #6 (King Bed)",Ryan,"Ottawa, Canada",t,t,Rideau-Vanier,Room in hotel,Private room,27/06/2026,28/06/2026,t,24/06/2026,01/02/2026,24/05/2026,7.0,6.0,3.0,6.0,2.0,45.0,-75.0,2.0,1.0,2.0,1.0,103.0,1626.0,103.0,30.0,365.0,12.0,29.0,53.0,235.5,22.0,1.0,1.0,4.0,4.0,4.0,4.0,4.0,4.0,1.0,2.0,1.0
2368,24/06/2026,city scrape,All-Included Studio | Ottawa East,Guillaume,"Ottawa, Canada",f,t,Beacon Hill-Cyrville,Entire rental unit,Entire home/apt,22/10/2026,21/11/2026,t,24/06/2026,10,10,7.0,6.0,3.0,6.0,2.0,45.0,-75.0,2.0,1.0,2.0,1.0,103.0,1626.0,103.0,30.0,365.0,12.0,29.0,53.0,235.5,22.0,1.0,1.0,4.0,4.0,4.0,4.0,4.0,4.0,1.0,2.0,1.0
2369,24/06/2026,city scrape,Smart Studio | Ottawa East,Guillaume,"Ottawa, Canada",f,t,Beacon Hill-Cyrville,Entire rental unit,Entire home/apt,21/10/2026,20/11/2026,t,24/06/2026,10,10,7.0,6.0,3.0,6.0,2.0,45.0,-75.0,2.0,1.0,2.0,1.0,103.0,1626.0,103.0,30.0,365.0,12.0,29.0,53.0,235.5,22.0,1.0,1.0,4.0,4.0,4.0,4.0,4.0,4.0,1.0,2.0,1.0
2370,24/06/2026,city scrape,All-included studio | Full Kitchen in Ottawa,Guillaume,"Ottawa, Canada",f,t,Beacon Hill-Cyrville,Entire rental unit,Entire home/apt,22/10/2026,21/11/2026,t,24/06/2026,03/05/2026,03/05/2026,7.0,6.0,3.0,6.0,2.0,45.0,-75.0,2.0,1.0,2.0,1.0,103.0,1626.0,103.0,30.0,365.0,12.0,29.0,53.0,235.5,22.0,1.0,1.0,4.0,4.0,4.0,4.0,4.0,4.0,1.0,2.0,1.0
2371,24/06/2026,city scrape,Entire 1 bedroom unit: Ottawa East-Central,Paul,"Ottawa, Canada",f,t,Rideau-Vanier,Entire home,Entire home/apt,25/06/2026,25/07/2026,t,24/06/2026,10,10,7.0,6.0,3.0,6.0,2.0,45.0,-75.0,2.0,1.0,2.0,1.0,103.0,1626.0,103.0,30.0,365.0,12.0,29.0,53.0,235.5,22.0,1.0,1.0,4.0,4.0,4.0,4.0,4.0,4.0,1.0,2.0,1.0
2372,24/06/2026,city scrape,4Bds/4Baths/Rockview BKYD home near Kanata Centrum,Stephanie,"Ottawa, Canada",t,t,Kanata North,Entire home,Entire home/apt,01/08/2026,31/08/2026,t,24/06/2026,03/05/2026,03/05/2026,7.0,6.0,3.0,6.0,2.0,45.0,-75.0,2.0,1.0,2.0,1.0,103.0,1626.0,103.0,30.0,365.0,12.0,29.0,53.0,235.5,22.0,1.0,1.0,4.0,4.0,4.0,4.0,4.0,4.0,1.0,2.0,1.0
2373,24/06/2026,city scrape,Studio with river view / Riverflow,Meri,"Ottawa, Canada",f,t,Rideau-Vanier,Private room in rental unit,Private room,25/06/2026,26/07/2026,t,24/06/2026,10,10,0.0,6.0,0.0,6.0,7.0,45.0,-75.0,2.0,1.0,1.0,1.0,59.0,1856.0,59.0,31.0,365.0,29.0,59.0,61.0,331.0,0.0,0.0,0.0,4.0,4.0,4.0,4.0,4.0,4.0,1.0,7.0,4.0
2374,24/06/2026,city scrape,4BR w/double Garages nearby Kanata Centrum,Nathan,"Ottawa, Canada",f,t,Kanata North,Entire home,Entire home/apt,02/08/2026,01/09/2026,t,24/06/2026,10,10,7.0,6.0,3.0,6.0,2.0,45.0,-75.0,2.0,1.0,2.0,1.0,103.0,1626.0,103.0,30.0,365.0,12.0,29.0,53.0,235.5,22.0,1.0,1.0,4.0,4.0,4.0,4.0,4.0,4.0,1.0,2.0,1.0
2375,24/06/2026,city scrape,"Cozy Room near DT/St-Laurent - Wifi, parking",Yann,"Ottawa, Canada",t,t,Alta Vista,Private room in home,Private room,06/07/2026,07/07/2026,t,24/06/2026,13/12/2025,21/06/2026,7.0,6.0,3.0,6.0,2.0,45.0,-75.0,2.0,1.0,2.0,1.0,103.0,1626.0,103.0,30.0,365.0,12.0,29.0,53.0,235.5,22.0,1.0,1.0,4.0,4.0,4.0,4.0,4.0,4.0,1.0,2.0,1.0
2376,24/06/2026,city scrape,Nuevo Premium Monthly Rental - Kanata-Stittsville,Mokhtar,"Ottawa, Canada",f,t,Stittsville-Kanata West,Entire guest suite,Entire home/apt,01/09/2026,01/10/2026,t,24/06/2026,16/03/2026,16/03/2026,7.0,6.0,3.0,6.0,2.0,45.0,-75.0,2.0,1.0,2.0,1.0,103.0,1626.0,103.0,30.0,365.0,12.0,29.0,53.0,235.5,22.0,1.0,1.0,4.0,4.0,4.0,4.0,4.0,4.0,1.0,2.0,1.0
2377,24/06/2026,city scrape,Modern&Cozy Room in Quiet Home Near airport,Adam,"Ottawa, Canada",f,t,Gloucester-Southgate,Private room in home,Private room,24/06/2026,25/06/2026,t,24/06/2026,06/12/2025,29/05/2026,0.0,9.0,0.0,7.0,5.0,45.0,-75.0,2.0,1.0,1.0,1.0,90.0,90.0,90.0,1.0,365.0,26.0,55.0,85.0,360.0,33.0,33.0,10.0,4.0,4.0,4.0,4.0,4.0,4.0,4.0,5.0,0.0
2378,24/06/2026,city scrape,Turnkey 2BR Apt Near QCH With Yard And Carport,Jenn,"Ottawa, Canada",t,t,Knoxdale-Merivale,Entire rental unit,Entire home/apt,01/08/2026,31/08/2026,t,24/06/2026,20/05/2026,20/05/2026,7.0,6.0,3.0,6.0,2.0,45.0,-75.0,2.0,1.0,2.0,1.0,103.0,1626.0,103.0,30.0,365.0,12.0,29.0,53.0,235.5,22.0,1.0,1.0,4.0,4.0,4.0,4.0,4.0,4.0,1.0,2.0,1.0
2379,24/06/2026,city scrape,Modern and Cosy Room,Tayo,"Ottawa, Canada",f,t,Innes,Private room in home,Private room,31/07/2026,30/08/2026,t,24/06/2026,10,10,3.0,6.0,0.0,6.0,5.0,45.0,-75.0,2.0,1.0,1.0,1.0,46.0,1381.0,46.0,30.0,1125.0,3.0,26.0,56.0,236.0,0.0,0.0,0.0,4.0,4.0,4.0,4.0,4.0,4.0,1.0,4.0,0.0
2380,24/06/2026,city scrape,Private & Spacious 2 Bed Apt w/ Separate Entrance,Ana,"Ottawa, Canada",f,t,College,Entire rental unit,Entire home/apt,27/07/2026,28/07/2026,t,24/06/2026,01/02/2026,22/06/2026,7.0,6.0,3.0,6.0,2.0,45.0,-75.0,2.0,1.0,2.0,1.0,103.0,1626.0,103.0,30.0,365.0,12.0,29.0,53.0,235.5,22.0,1.0,1.0,4.0,4.0,4.0,4.0,4.0,4.0,1.0,2.0,1.0
2381,24/06/2026,city scrape,The Bay Crib,Gaby,"Ottawa, Canada",f,t,West Carleton-March,Entire guest suite,Entire home/apt,29/06/2026,01/07/2026,t,24/06/2026,30/12/2025,18/06/2026,7.0,6.0,3.0,6.0,2.0,45.0,-75.0,2.0,1.0,2.0,1.0,103.0,1626.0,103.0,30.0,365.0,12.0,29.0,53.0,235.5,22.0,1.0,1.0,4.0,4.0,4.0,4.0,4.0,4.0,1.0,2.0,1.0
2382,24/06/2026,city scrape,Comfortable studio room in modern home,Roland,"Ottawa, Canada",f,t,Barrhaven,Private room in home,Private room,07/07/2026,08/07/2026,t,24/06/2026,15/03/2026,21/06/2026,7.0,6.0,3.0,6.0,2.0,45.0,-75.0,2.0,1.0,2.0,1.0,103.0,1626.0,103.0,30.0,365.0,12.0,29.0,53.0,235.5,22.0,1.0,1.0,4.0,4.0,4.0,4.0,4.0,4.0,1.0,2.0,1.0
2383,24/06/2026,city scrape,Private Spacious Room with En-suite Bath,Tayo,"Ottawa, Canada",f,t,Innes,Private room in home,Private room,24/06/2026,24/07/2026,t,24/06/2026,10,10,3.0,6.0,0.0,6.0,5.0,45.0,-75.0,2.0,1.0,1.0,1.0,53.0,1594.0,53.0,30.0,1125.0,30.0,60.0,90.0,270.0,0.0,0.0,0.0,4.0,4.0,4.0,4.0,4.0,4.0,1.0,4.0,0.0
2384,24/06/2026,city scrape,"Central Downtown Room Queen Bed, Desk & Fast WiFi",Eissa,"Ottawa, Canada",f,t,Alta Vista,Private room in home,Private room,29/06/2026,30/06/2026,t,24/06/2026,09/12/2025,30/05/2026,7.0,6.0,3.0,6.0,2.0,45.0,-75.0,2.0,1.0,2.0,1.0,103.0,1626.0,103.0,30.0,365.0,12.0,29.0,53.0,235.5,22.0,1.0,1.0,4.0,4.0,4.0,4.0,4.0,4.0,1.0,2.0,1.0
2385,24/06/2026,city scrape,A charming 4-beds home in a prosperous community,Zhe,"Ottawa, Canada",f,t,Gloucester-South Nepean,Entire home,Entire home/apt,31/07/2026,30/08/2026,t,24/06/2026,07/03/2026,13/06/2026,7.0,6.0,3.0,6.0,2.0,45.0,-75.0,2.0,1.0,2.0,1.0,103.0,1626.0,103.0,30.0,365.0,12.0,29.0,53.0,235.5,22.0,1.0,1.0,4.0,4.0,4.0,4.0,4.0,4.0,1.0,2.0,1.0
2386,24/06/2026,city scrape,Excellent Room with a cozy private bath,Victor,"Ottawa, Canada",f,t,Barrhaven,Private room in home,Private room,06/07/2026,05/08/2026,t,24/06/2026,10,10,7.0,6.0,3.0,6.0,2.0,45.0,-75.0,2.0,1.0,2.0,1.0,103.0,1626.0,103.0,30.0,365.0,12.0,29.0,53.0,235.5,22.0,1.0,1.0,4.0,4.0,4.0,4.0,4.0,4.0,1.0,2.0,1.0
2387,24/06/2026,city scrape,Private Room,Jems,"Ottawa, Canada",f,t,Barrhaven,Private room in home,Private room,10/07/2026,11/07/2026,t,24/06/2026,17/12/2025,26/04/2026,7.0,6.0,3.0,6.0,2.0,45.0,-75.0,2.0,1.0,2.0,1.0,103.0,1626.0,103.0,30.0,365.0,12.0,29.0,53.0,235.5,22.0,1.0,1.0,4.0,4.0,4.0,4.0,4.0,4.0,1.0,2.0,1.0
2388,24/06/2026,city scrape,Elegant Stay at a Cozy Home near Downtown Ottawa,Farzaneh,"Ottawa, Canada",f,t,Rideau-Rockcliffe,Entire home,Entire home/apt,29/06/2026,30/06/2026,t,24/06/2026,28/04/2026,21/06/2026,7.0,6.0,3.0,6.0,2.0,45.0,-75.0,2.0,1.0,2.0,1.0,103.0,1626.0,103.0,30.0,365.0,12.0,29.0,53.0,235.5,22.0,1.0,1.0,4.0,4.0,4.0,4.0,4.0,4.0,1.0,2.0,1.0
2389,02/07/2026,previous scrape,Cozy Room · Monitor + Adjustable Desk,Mehnaz,"Ottawa, Canada",f,t,Gloucester-Southgate,Private room in home,Private room,16/07/2026,15/08/2026,t,02/07/2026,31/01/2026,31/01/2026,7.0,6.0,3.0,6.0,2.0,45.0,-75.0,2.0,1.0,2.0,1.0,103.0,1626.0,103.0,30.0,365.0,12.0,29.0,53.0,235.5,22.0,1.0,1.0,4.0,4.0,4.0,4.0,4.0,4.0,1.0,2.0,1.0
2390,24/06/2026,city scrape,Luxury Home in Riverside South - Monthly Rental.,Mohammad,"Ottawa, Canada",t,t,Gloucester-South Nepean,Entire home,Entire home/apt,01/11/2026,02/12/2026,t,24/06/2026,10,10,7.0,6.0,3.0,6.0,2.0,45.0,-75.0,2.0,1.0,2.0,1.0,103.0,1626.0,103.0,30.0,365.0,12.0,29.0,53.0,235.5,22.0,1.0,1.0,4.0,4.0,4.0,4.0,4.0,4.0,1.0,2.0,1.0
2391,24/06/2026,city scrape,Room Rental in the Glebe Ottawa Centre,Yuqing,"Ottawa, Canada",f,t,Capital,Private room in home,Private room,28/08/2026,27/09/2026,t,24/06/2026,10,10,0.0,6.0,0.0,6.0,1.0,45.0,-75.0,2.0,1.0,2.0,2.0,53.0,1592.0,53.0,30.0,365.0,0.0,0.0,25.0,300.0,0.0,0.0,0.0,4.0,4.0,4.0,4.0,4.0,4.0,1.0,1.0,0.0
2392,24/06/2026,city scrape,Strathmere Country Retreat - The Stables,Strathmere Country Retreat,"Ottawa, Canada",f,t,Rideau-Goulbourn,Entire cabin,Entire home/apt,29/06/2026,01/07/2026,t,24/06/2026,03/05/2026,15/05/2026,7.0,6.0,3.0,6.0,2.0,45.0,-75.0,2.0,1.0,2.0,1.0,103.0,1626.0,103.0,30.0,365.0,12.0,29.0,53.0,235.5,22.0,1.0,1.0,4.0,4.0,4.0,4.0,4.0,4.0,1.0,2.0,1.0
2393,24/06/2026,city scrape,"Bright, beautiful house",Maha,"Ottawa, Canada",f,t,College,Entire home,Entire home/apt,11/07/2026,10/08/2026,t,24/06/2026,10,10,6.0,9.0,3.0,3.0,5.0,45.0,-75.0,6.0,1.0,3.0,3.0,146.0,4394.0,146.0,30.0,90.0,13.0,43.0,73.0,348.0,0.0,0.0,0.0,4.0,4.0,4.0,4.0,4.0,4.0,1.0,5.0,1.0
2394,24/06/2026,city scrape,Strathmere Country Retreat - McGill House,Strathmere Country Retreat,"Ottawa, Canada",f,t,Rideau-Goulbourn,Entire home,Entire home/apt,24/06/2026,26/06/2026,t,24/06/2026,10,10,7.0,6.0,3.0,6.0,2.0,45.0,-75.0,2.0,1.0,2.0,1.0,103.0,1626.0,103.0,30.0,365.0,12.0,29.0,53.0,235.5,22.0,1.0,1.0,4.0,4.0,4.0,4.0,4.0,4.0,1.0,2.0,1.0
2395,24/06/2026,city scrape,Strathmere Country Retreat - The Schoolhouse,Strathmere Country Retreat,"Ottawa, Canada",f,t,Rideau-Goulbourn,Entire cabin,Entire home/apt,24/06/2026,26/06/2026,t,24/06/2026,10,10,7.0,6.0,3.0,6.0,2.0,45.0,-75.0,2.0,1.0,2.0,1.0,103.0,1626.0,103.0,30.0,365.0,12.0,29.0,53.0,235.5,22.0,1.0,1.0,4.0,4.0,4.0,4.0,4.0,4.0,1.0,2.0,1.0
2396,24/06/2026,city scrape,Strathmere Country Retreat - The Annex,Strathmere Country Retreat,"Ottawa, Canada",f,t,Rideau-Goulbourn,Entire home,Entire home/apt,24/06/2026,26/06/2026,t,24/06/2026,10,10,7.0,6.0,3.0,6.0,2.0,45.0,-75.0,2.0,1.0,2.0,1.0,103.0,1626.0,103.0,30.0,365.0,12.0,29.0,53.0,235.5,22.0,1.0,1.0,4.0,4.0,4.0,4.0,4.0,4.0,1.0,2.0,1.0
2397,24/06/2026,city scrape,Strathmere Country Retreat - The Centre,Strathmere Country Retreat,"Ottawa, Canada",f,t,Rideau-Goulbourn,Entire home,Entire home/apt,24/06/2026,26/06/2026,t,24/06/2026,10,10,7.0,6.0,3.0,6.0,2.0,45.0,-75.0,2.0,1.0,2.0,1.0,103.0,1626.0,103.0,30.0,365.0,12.0,29.0,53.0,235.5,22.0,1.0,1.0,4.0,4.0,4.0,4.0,4.0,4.0,1.0,2.0,1.0
2398,24/06/2026,city scrape,Strathmere Country Retreat - The Corner,Strathmere Country Retreat,"Ottawa, Canada",f,t,Rideau-Goulbourn,Entire home,Entire home/apt,24/06/2026,26/06/2026,t,24/06/2026,10,10,7.0,6.0,3.0,6.0,2.0,45.0,-75.0,2.0,1.0,2.0,1.0,103.0,1626.0,103.0,30.0,365.0,12.0,29.0,53.0,235.5,22.0,1.0,1.0,4.0,4.0,4.0,4.0,4.0,4.0,1.0,2.0,1.0
2399,24/06/2026,city scrape,Luxe Apt | KING SIZE BED | @ CHEO & TOH,Eduji,"Ottawa, Canada",t,t,Alta Vista,Entire home,Entire home/apt,19/10/2026,18/11/2026,t,24/06/2026,06/02/2026,06/02/2026,7.0,6.0,3.0,6.0,2.0,45.0,-75.0,2.0,1.0,2.0,1.0,103.0,1626.0,103.0,30.0,365.0,12.0,29.0,53.0,235.5,22.0,1.0,1.0,4.0,4.0,4.0,4.0,4.0,4.0,1.0,2.0,1.0
2400,24/06/2026,city scrape,Private double or single room across UOttawa,Frits,"Mexicali, Mexico",f,t,Rideau-Vanier,Private room in rental unit,Private room,24/06/2026,24/07/2026,t,24/06/2026,10,10,7.0,6.0,3.0,6.0,2.0,45.0,-75.0,2.0,1.0,2.0,1.0,103.0,1626.0,103.0,30.0,365.0,12.0,29.0,53.0,235.5,22.0,1.0,1.0,4.0,4.0,4.0,4.0,4.0,4.0,1.0,2.0,1.0
2401,24/06/2026,city scrape,New Modern 1BR Basement Near Downtown FREE Parking,Wasan,"Ottawa, Canada",f,t,Rideau-Rockcliffe,Entire rental unit,Entire home/apt,02/08/2026,01/09/2026,t,24/06/2026,31/05/2026,31/05/2026,7.0,6.0,3.0,6.0,2.0,45.0,-75.0,2.0,1.0,2.0,1.0,103.0,1626.0,103.0,30.0,365.0,12.0,29.0,53.0,235.5,22.0,1.0,1.0,4.0,4.0,4.0,4.0,4.0,4.0,1.0,2.0,1.0
2402,24/06/2026,city scrape,Spacious 4BR Retreat Fully equipped,Halaleh,"Ottawa, Canada",f,t,Barrhaven,Entire home,Entire home/apt,20/11/2026,20/12/2026,t,24/06/2026,10,10,7.0,6.0,3.0,6.0,2.0,45.0,-75.0,2.0,1.0,2.0,1.0,103.0,1626.0,103.0,30.0,365.0,12.0,29.0,53.0,235.5,22.0,1.0,1.0,4.0,4.0,4.0,4.0,4.0,4.0,1.0,2.0,1.0
2403,24/06/2026,city scrape,Warm home in Orleans,Raidan,"Ottawa, Canada",f,t,Orleans,Entire home,Entire home/apt,16/08/2026,15/09/2026,t,24/06/2026,04/06/2026,04/06/2026,7.0,6.0,3.0,6.0,2.0,45.0,-75.0,2.0,1.0,2.0,1.0,103.0,1626.0,103.0,30.0,365.0,12.0,29.0,53.0,235.5,22.0,1.0,1.0,4.0,4.0,4.0,4.0,4.0,4.0,1.0,2.0,1.0
2404,24/06/2026,city scrape,Curated Designer Pied-à-Terre in Centretown,Benjamin,"Ottawa, Canada",f,t,Somerset,Entire home,Entire home/apt,01/08/2026,31/08/2026,t,24/06/2026,01/04/2026,01/04/2026,7.0,6.0,3.0,6.0,2.0,45.0,-75.0,2.0,1.0,2.0,1.0,103.0,1626.0,103.0,30.0,365.0,12.0,29.0,53.0,235.5,22.0,1.0,1.0,4.0,4.0,4.0,4.0,4.0,4.0,1.0,2.0,1.0
2405,24/06/2026,city scrape,Ready Work & Home Space: Easy Monthly Stay,Lily,"Ottawa, Canada",t,t,Cumberland,Entire home,Entire home/apt,21/10/2026,20/11/2026,t,24/06/2026,10,10,7.0,6.0,3.0,6.0,2.0,45.0,-75.0,2.0,1.0,2.0,1.0,103.0,1626.0,103.0,30.0,365.0,12.0,29.0,53.0,235.5,22.0,1.0,1.0,4.0,4.0,4.0,4.0,4.0,4.0,1.0,2.0,1.0
2406,24/06/2026,city scrape,"Large 2000sq ft. home, backyard oasis with Jacuzzi",Gaston,"Ottawa, Canada",f,t,Kitchissippi,Entire home,Entire home/apt,12/07/2026,14/07/2026,t,24/06/2026,02/01/2026,07/06/2026,7.0,6.0,3.0,6.0,2.0,45.0,-75.0,2.0,1.0,2.0,1.0,103.0,1626.0,103.0,30.0,365.0,12.0,29.0,53.0,235.5,22.0,1.0,1.0,4.0,4.0,4.0,4.0,4.0,4.0,1.0,2.0,1.0
2407,24/06/2026,city scrape,Private Furnished Basement w/ Separate Entrance,Mohamed,"Ottawa, Canada",f,t,Gloucester-Southgate,Entire home,Entire home/apt,31/07/2026,30/08/2026,t,24/06/2026,28/03/2026,28/03/2026,7.0,6.0,3.0,6.0,2.0,45.0,-75.0,2.0,1.0,2.0,1.0,103.0,1626.0,103.0,30.0,365.0,12.0,29.0,53.0,235.5,22.0,1.0,1.0,4.0,4.0,4.0,4.0,4.0,4.0,1.0,2.0,1.0
2408,24/06/2026,city scrape,All-Inclusive 3BR | Family-Friendly Richmond,Gauravdeep,"Ottawa, Canada",f,t,Rideau-Goulbourn,Entire home,Entire home/apt,01/08/2026,01/09/2026,t,24/06/2026,01/04/2026,01/04/2026,7.0,6.0,3.0,6.0,2.0,45.0,-75.0,2.0,1.0,2.0,1.0,103.0,1626.0,103.0,30.0,365.0,12.0,29.0,53.0,235.5,22.0,1.0,1.0,4.0,4.0,4.0,4.0,4.0,4.0,1.0,2.0,1.0
2409,24/06/2026,city scrape,Studio apartment unit in the heart of Westboro,Paul,"Ottawa, Canada",t,t,Kitchissippi,Entire rental unit,Entire home/apt,24/06/2026,25/06/2026,t,24/06/2026,20/12/2025,15/06/2026,9.0,2.0,3.0,8.0,3.0,45.0,-75.0,2.0,1.0,2.0,1.0,240.0,240.0,240.0,1.0,1125.0,5.0,15.0,39.0,297.0,25.0,25.0,2.0,4.0,4.0,4.0,4.0,4.0,4.0,4.0,2.0,2.0
2410,24/06/2026,city scrape,1 bedroom unit studio style in heart of Westboro,Paul,"Ottawa, Canada",t,t,Kitchissippi,Entire rental unit,Entire home/apt,29/06/2026,30/06/2026,t,24/06/2026,02/01/2026,13/06/2026,7.0,6.0,3.0,6.0,2.0,45.0,-75.0,2.0,1.0,2.0,1.0,103.0,1626.0,103.0,30.0,365.0,12.0,29.0,53.0,235.5,22.0,1.0,1.0,4.0,4.0,4.0,4.0,4.0,4.0,1.0,2.0,1.0
2411,24/06/2026,city scrape,550 Willbrod Residence - Studio,Meri,"Ottawa, Canada",f,t,Rideau-Vanier,Private room in rental unit,Private room,24/06/2026,25/07/2026,t,24/06/2026,10,10,0.0,6.0,0.0,6.0,7.0,45.0,-75.0,2.0,1.0,1.0,1.0,59.0,1856.0,59.0,31.0,365.0,30.0,60.0,61.0,271.0,0.0,0.0,0.0,4.0,4.0,4.0,4.0,4.0,4.0,1.0,7.0,4.0
2412,24/06/2026,city scrape,Best Place to Relax and Work,Jems,"Ottawa, Canada",f,t,Barrhaven,Private room in home,Private room,06/07/2026,07/07/2026,t,24/06/2026,24/04/2026,24/05/2026,0.0,10.0,0.0,10.0,4.0,45.0,-75.0,2.0,1.0,1.0,1.0,102.0,102.0,102.0,1.0,365.0,18.0,39.0,69.0,344.0,3.0,3.0,0.0,4.0,4.0,4.0,4.0,4.0,4.0,1.0,4.0,1.0
2413,24/06/2026,city scrape,Private Room At UOttawa steps to Rideau Center,Carlos,"Ottawa, Canada",f,t,Rideau-Vanier,Private room in rental unit,Private room,24/06/2026,24/07/2026,t,24/06/2026,10,10,7.0,6.0,3.0,6.0,2.0,45.0,-75.0,2.0,1.0,2.0,1.0,103.0,1626.0,103.0,30.0,365.0,12.0,29.0,53.0,235.5,22.0,1.0,1.0,4.0,4.0,4.0,4.0,4.0,4.0,1.0,2.0,1.0
2414,24/06/2026,city scrape,Spacious Clean,Brandon,"Ottawa, Canada",f,t,Rideau-Goulbourn,Private room in rental unit,Private room,24/06/2026,24/07/2026,t,24/06/2026,10,10,6.0,7.0,0.0,6.0,1.0,45.0,-75.0,2.0,1.0,1.0,1.0,41.0,1230.0,41.0,30.0,31.0,30.0,60.0,90.0,365.0,0.0,0.0,0.0,4.0,4.0,4.0,4.0,4.0,4.0,1.0,1.0,0.0
2415,24/06/2026,city scrape,Glebe Century Home,Mila,"Ottawa, Canada",t,t,Capital,Entire rental unit,Entire home/apt,28/07/2026,29/07/2026,t,24/06/2026,31/12/2025,22/06/2026,7.0,6.0,3.0,6.0,2.0,45.0,-75.0,2.0,1.0,2.0,1.0,103.0,1626.0,103.0,30.0,365.0,12.0,29.0,53.0,235.5,22.0,1.0,1.0,4.0,4.0,4.0,4.0,4.0,4.0,1.0,2.0,1.0
2416,24/06/2026,city scrape,"Enjoy your stay in this beautiful, clean home",Bertin,"Ottawa, Canada",f,t,Alta Vista,Entire home,Entire home/apt,29/06/2026,29/07/2026,t,24/06/2026,27/12/2025,14/06/2026,7.0,6.0,3.0,6.0,2.0,45.0,-75.0,2.0,1.0,2.0,1.0,103.0,1626.0,103.0,30.0,365.0,12.0,29.0,53.0,235.5,22.0,1.0,1.0,4.0,4.0,4.0,4.0,4.0,4.0,1.0,2.0,1.0
2417,24/06/2026,city scrape,Room Steps To Parliament Hill And UOttawa Train,Carlos,"Ottawa, Canada",f,t,Rideau-Vanier,Private room in rental unit,Private room,24/06/2026,24/07/2026,t,24/06/2026,10,10,7.0,6.0,3.0,6.0,2.0,45.0,-75.0,2.0,1.0,2.0,1.0,103.0,1626.0,103.0,30.0,365.0,12.0,29.0,53.0,235.5,22.0,1.0,1.0,4.0,4.0,4.0,4.0,4.0,4.0,1.0,2.0,1.0
2418,24/06/2026,city scrape,Penthouse Level Guest Room | Cinematic City Views,Ife,"Ottawa, Canada",t,t,Capital,Private room in condo,Private room,01/08/2026,31/08/2026,t,24/06/2026,10,10,8.0,4.0,7.0,0.0,2.0,45.0,-75.0,2.0,1.0,1.0,1.0,39.0,1177.0,39.0,30.0,365.0,0.0,22.0,52.0,327.0,0.0,0.0,0.0,4.0,4.0,4.0,4.0,4.0,4.0,1.0,2.0,0.0
2419,24/06/2026,city scrape,Wheelchair Accessible Mobile Home in Navan | Quiet,Natalie,"Ottawa, Canada",f,t,Cumberland,Entire guesthouse,Entire home/apt,01/07/2026,31/07/2026,t,24/06/2026,27/02/2026,27/02/2026,7.0,6.0,3.0,6.0,2.0,45.0,-75.0,2.0,1.0,2.0,1.0,103.0,1626.0,103.0,30.0,365.0,12.0,29.0,53.0,235.5,22.0,1.0,1.0,4.0,4.0,4.0,4.0,4.0,4.0,1.0,2.0,1.0
2420,24/06/2026,city scrape,Room 250 meters from Uottawa and Train Station,Carlos,"Ottawa, Canada",f,t,Rideau-Vanier,Private room in rental unit,Private room,24/06/2026,24/07/2026,t,24/06/2026,05/04/2026,05/04/2026,7.0,6.0,3.0,6.0,2.0,45.0,-75.0,2.0,1.0,2.0,1.0,103.0,1626.0,103.0,30.0,365.0,12.0,29.0,53.0,235.5,22.0,1.0,1.0,4.0,4.0,4.0,4.0,4.0,4.0,1.0,2.0,1.0
2421,24/06/2026,city scrape,riverflow,Meri,"Ottawa, Canada",f,t,Rideau-Vanier,Private room in rental unit,Private room,24/06/2026,25/07/2026,t,24/06/2026,10,10,0.0,6.0,0.0,6.0,7.0,45.0,-75.0,2.0,1.0,1.0,1.0,86.0,2695.0,86.0,31.0,365.0,30.0,60.0,90.0,365.0,0.0,0.0,0.0,4.0,4.0,4.0,4.0,4.0,4.0,1.0,7.0,4.0
2422,24/06/2026,city scrape,Strathmere Country Retreat - McGill King Studio,Strathmere Country Retreat,"Ottawa, Canada",f,t,Rideau-Goulbourn,Entire cabin,Entire home/apt,24/06/2026,26/06/2026,t,24/06/2026,03/05/2026,16/05/2026,7.0,6.0,3.0,6.0,2.0,45.0,-75.0,2.0,1.0,2.0,1.0,103.0,1626.0,103.0,30.0,365.0,12.0,29.0,53.0,235.5,22.0,1.0,1.0,4.0,4.0,4.0,4.0,4.0,4.0,1.0,2.0,1.0
2423,24/06/2026,city scrape,Strathmere Country Retreat - McGilll King Room,Strathmere Country Retreat,"Ottawa, Canada",f,t,Rideau-Goulbourn,Entire cabin,Entire home/apt,24/06/2026,26/06/2026,t,24/06/2026,10,10,7.0,6.0,3.0,6.0,2.0,45.0,-75.0,2.0,1.0,2.0,1.0,103.0,1626.0,103.0,30.0,365.0,12.0,29.0,53.0,235.5,22.0,1.0,1.0,4.0,4.0,4.0,4.0,4.0,4.0,1.0,2.0,1.0
2424,24/06/2026,city scrape,Private Room Across Uottawa and Train Station,Carlos,"Ottawa, Canada",f,t,Rideau-Vanier,Private room in rental unit,Private room,24/06/2026,24/07/2026,t,24/06/2026,10,10,7.0,6.0,3.0,6.0,2.0,45.0,-75.0,2.0,1.0,2.0,1.0,103.0,1626.0,103.0,30.0,365.0,12.0,29.0,53.0,235.5,22.0,1.0,1.0,4.0,4.0,4.0,4.0,4.0,4.0,1.0,2.0,1.0
2425,24/06/2026,city scrape,Bright & Peaceful 2 Bedroom Semi-detached home,Short And Suite BnB,"Ottawa, Canada",t,t,Bay,Entire home,Entire home/apt,05/07/2026,08/07/2026,t,24/06/2026,31/05/2026,10/06/2026,7.0,6.0,3.0,6.0,2.0,45.0,-75.0,2.0,1.0,2.0,1.0,103.0,1626.0,103.0,30.0,365.0,12.0,29.0,53.0,235.5,22.0,1.0,1.0,4.0,4.0,4.0,4.0,4.0,4.0,1.0,2.0,1.0
2426,24/06/2026,city scrape,Private Room single or Double Across UOttawa,Frits,"Mexicali, Mexico",f,t,Rideau-Vanier,Private room in rental unit,Private room,24/06/2026,24/07/2026,t,24/06/2026,10,10,7.0,6.0,3.0,6.0,2.0,45.0,-75.0,2.0,1.0,2.0,1.0,103.0,1626.0,103.0,30.0,365.0,12.0,29.0,53.0,235.5,22.0,1.0,1.0,4.0,4.0,4.0,4.0,4.0,4.0,1.0,2.0,1.0
2427,24/06/2026,city scrape,"Flora House - Centretown 3Bds, 2Bthrms, Parking",Marie-Danielle,"Ottawa, Canada",t,t,Somerset,Entire rental unit,Entire home/apt,05/10/2026,08/10/2026,t,24/06/2026,04/01/2026,18/06/2026,7.0,6.0,3.0,6.0,2.0,45.0,-75.0,2.0,1.0,2.0,1.0,103.0,1626.0,103.0,30.0,365.0,12.0,29.0,53.0,235.5,22.0,1.0,1.0,4.0,4.0,4.0,4.0,4.0,4.0,1.0,2.0,1.0
2428,24/06/2026,city scrape,Studio charmant au cœur de Westboro,Simon,"Ottawa, Canada",f,t,Kitchissippi,Private room in home,Private room,10/07/2026,12/07/2026,t,24/06/2026,08/03/2026,08/03/2026,7.0,6.0,3.0,6.0,2.0,45.0,-75.0,2.0,1.0,2.0,1.0,103.0,1626.0,103.0,30.0,365.0,12.0,29.0,53.0,235.5,22.0,1.0,1.0,4.0,4.0,4.0,4.0,4.0,4.0,1.0,2.0,1.0
2429,24/06/2026,city scrape,"Double bed, shared kitchen, living room, bathroom",Babette,"Ottawa, Canada",f,t,Beacon Hill-Cyrville,Private room in home,Private room,01/08/2026,02/08/2026,t,24/06/2026,08/04/2026,14/05/2026,6.0,4.0,1.0,2.0,4.0,45.0,-75.0,2.0,1.0,1.0,1.0,109.0,109.0,109.0,1.0,365.0,0.0,22.0,52.0,327.0,6.0,6.0,0.0,4.0,4.0,4.0,5.0,4.0,4.0,2.0,4.0,1.0
2430,24/06/2026,city scrape,"Twin Bed, shared kitchen, bathroom, living room",Babette,"Ottawa, Canada",f,t,Beacon Hill-Cyrville,Private room in home,Private room,01/08/2026,02/08/2026,t,24/06/2026,22/01/2026,02/06/2026,7.0,6.0,3.0,6.0,2.0,45.0,-75.0,2.0,1.0,2.0,1.0,103.0,1626.0,103.0,30.0,365.0,12.0,29.0,53.0,235.5,22.0,1.0,1.0,4.0,4.0,4.0,4.0,4.0,4.0,1.0,2.0,1.0
2431,24/06/2026,city scrape,"Private room, shared kitchen, bathroom, living rm",Babette,"Ottawa, Canada",f,t,Beacon Hill-Cyrville,Private room in home,Private room,01/08/2026,02/08/2026,t,24/06/2026,05/05/2026,05/06/2026,6.0,4.0,1.0,2.0,4.0,45.0,-75.0,1.0,1.0,1.0,1.0,80.0,80.0,80.0,1.0,365.0,0.0,22.0,52.0,327.0,3.0,3.0,0.0,4.0,4.0,5.0,5.0,4.0,4.0,1.0,4.0,1.0
2432,24/06/2026,city scrape,Room 1 in a Cozy single home in Westboro Ottawa,Ziad,"Ottawa, Canada",f,t,Kitchissippi,Private room in home,Private room,03/07/2026,06/07/2026,t,24/06/2026,20/01/2026,28/04/2026,7.0,6.0,3.0,6.0,2.0,45.0,-75.0,2.0,1.0,2.0,1.0,103.0,1626.0,103.0,30.0,365.0,12.0,29.0,53.0,235.5,22.0,1.0,1.0,4.0,4.0,4.0,4.0,4.0,4.0,1.0,2.0,1.0
2433,24/06/2026,city scrape,"Room 2 in a cozy single home in Westboro, Ottawa",Ziad,"Ottawa, Canada",f,t,Kitchissippi,Private room in home,Private room,01/07/2026,04/07/2026,t,24/06/2026,10,10,7.0,6.0,3.0,6.0,2.0,45.0,-75.0,2.0,1.0,2.0,1.0,103.0,1626.0,103.0,30.0,365.0,12.0,29.0,53.0,235.5,22.0,1.0,1.0,4.0,4.0,4.0,4.0,4.0,4.0,1.0,2.0,1.0
2434,24/06/2026,city scrape,Room 3 in a cozy single home in Westboro Ottawa,Ziad,"Ottawa, Canada",f,t,Kitchissippi,Private room in home,Private room,30/06/2026,03/07/2026,t,24/06/2026,19/01/2026,19/01/2026,7.0,6.0,3.0,6.0,2.0,45.0,-75.0,2.0,1.0,2.0,1.0,103.0,1626.0,103.0,30.0,365.0,12.0,29.0,53.0,235.5,22.0,1.0,1.0,4.0,4.0,4.0,4.0,4.0,4.0,1.0,2.0,1.0
2435,02/07/2026,previous scrape,Hintonburg/Westboro Spacious High-end Condo,Rami,"Ottawa, Canada",f,t,Kitchissippi,Entire rental unit,Entire home/apt,0000-00-00,"""0000-00-00""",t,02/07/2026,10,10,7.0,6.0,3.0,6.0,2.0,45.0,-75.0,2.0,1.0,2.0,1.0,103.0,1626.0,103.0,30.0,365.0,12.0,29.0,53.0,235.5,22.0,1.0,1.0,4.0,4.0,4.0,4.0,4.0,4.0,1.0,2.0,1.0
2436,24/06/2026,city scrape,"Cozy Private Room in a Warm, Welcoming Home",Emmanuel,"Ottawa, Canada",f,t,Rideau-Goulbourn,Private room in home,Private room,27/06/2026,28/06/2026,t,24/06/2026,10,10,1.0,0.0,0.0,5.0,3.0,45.0,-75.0,1.0,1.0,1.0,1.0,156.0,156.0,156.0,1.0,365.0,27.0,57.0,87.0,362.0,0.0,0.0,0.0,4.0,4.0,4.0,4.0,4.0,4.0,1.0,3.0,1.0
2437,24/06/2026,city scrape,Private Room in Quiet Home – Comfy & Convenient,Emmanuel,"Ottawa, Canada",f,t,Rideau-Goulbourn,Shared room in home,Shared room,27/06/2026,28/06/2026,t,24/06/2026,10,10,1.0,0.0,0.0,5.0,3.0,45.0,-75.0,1.0,1.0,2.0,1.0,156.0,156.0,156.0,1.0,365.0,27.0,57.0,87.0,362.0,0.0,0.0,0.0,4.0,4.0,4.0,4.0,4.0,4.0,1.0,3.0,1.0
2438,24/06/2026,city scrape,Small Room 200 Meters from University of Ottawa,Frits,"Mexicali, Mexico",f,t,Rideau-Vanier,Private room in rental unit,Private room,24/06/2026,24/07/2026,t,24/06/2026,10,10,7.0,6.0,3.0,6.0,2.0,45.0,-75.0,2.0,1.0,2.0,1.0,103.0,1626.0,103.0,30.0,365.0,12.0,29.0,53.0,235.5,22.0,1.0,1.0,4.0,4.0,4.0,4.0,4.0,4.0,1.0,2.0,1.0
2439,24/06/2026,city scrape,Gorgeous new home!,Fulvia,"Ottawa, Canada",f,t,Kanata South,Entire home,Entire home/apt,21/12/2026,20/01/2027,t,24/06/2026,10,10,7.0,6.0,3.0,6.0,2.0,45.0,-75.0,2.0,1.0,2.0,1.0,103.0,1626.0,103.0,30.0,365.0,12.0,29.0,53.0,235.5,22.0,1.0,1.0,4.0,4.0,4.0,4.0,4.0,4.0,1.0,2.0,1.0
2440,24/06/2026,city scrape,Wateridge Executive Condo,Darren,"Toronto, Canada",f,t,Rideau-Rockcliffe,Entire townhouse,Entire home/apt,02/12/2026,03/12/2026,t,24/06/2026,10,10,13.0,0.0,11.0,10.0,1.0,45.0,-75.0,2.0,1.0,1.0,2.0,236.0,236.0,236.0,1.0,30.0,0.0,0.0,0.0,204.0,0.0,0.0,0.0,4.0,4.0,4.0,4.0,4.0,4.0,1.0,1.0,1.0
2441,24/06/2026,city scrape,Lovely Ensuite Room + parking in Barrhaven Ottawa,Daniel,"Ottawa, Canada",f,t,Barrhaven,Private room in home,Private room,24/06/2026,25/06/2026,t,24/06/2026,15/02/2026,28/05/2026,7.0,6.0,3.0,6.0,2.0,45.0,-75.0,2.0,1.0,2.0,1.0,103.0,1626.0,103.0,30.0,365.0,12.0,29.0,53.0,235.5,22.0,1.0,1.0,4.0,4.0,4.0,4.0,4.0,4.0,1.0,2.0,1.0
2442,24/06/2026,city scrape,Downtown Apartments | No Shared Spaces,Oby,"Ottawa, Canada",f,t,Rideau-Rockcliffe,Entire home,Entire home/apt,25/06/2026,25/07/2026,t,24/06/2026,10,10,7.0,6.0,3.0,6.0,2.0,45.0,-75.0,2.0,1.0,2.0,1.0,103.0,1626.0,103.0,30.0,365.0,12.0,29.0,53.0,235.5,22.0,1.0,1.0,4.0,4.0,4.0,4.0,4.0,4.0,1.0,2.0,1.0
2443,02/07/2026,previous scrape,Central Victorian 2 BDRM Suite,Rhys,"Ottawa, Canada",f,t,Somerset,Entire rental unit,Entire home/apt,01/10/2026,30/11/2026,t,02/07/2026,10,10,7.0,6.0,1.0,0.0,2.0,45.0,-75.0,3.0,1.0,2.0,2.0,43.0,2598.0,43.0,60.0,365.0,30.0,30.0,30.0,209.0,0.0,0.0,0.0,4.0,4.0,4.0,4.0,4.0,4.0,1.0,2.0,2.0
2444,24/06/2026,city scrape,Stylish Room + Parking| Prime Location!,Cedric,"Ottawa, Canada",f,t,Osgoode,Private room in home,Private room,01/08/2026,31/08/2026,t,24/06/2026,10,10,4.0,1.0,0.0,2.0,4.0,45.0,-75.0,3.0,1.0,1.0,2.0,87.0,2628.0,87.0,30.0,365.0,3.0,25.0,55.0,330.0,0.0,0.0,0.0,4.0,4.0,4.0,4.0,4.0,4.0,1.0,4.0,1.0
2445,24/06/2026,city scrape,Private Ensuite Room - 30+ Day Stay in Barhaven,Lydia,"Ottawa, Canada",f,t,Rideau-Goulbourn,Private room in home,Private room,01/07/2026,31/07/2026,t,24/06/2026,10,10,0.0,5.0,0.0,5.0,1.0,45.0,-75.0,1.0,1.0,1.0,2.0,51.0,1530.0,51.0,30.0,90.0,23.0,53.0,83.0,173.0,0.0,0.0,0.0,4.0,4.0,4.0,4.0,4.0,4.0,1.0,1.0,0.0
2446,02/07/2026,previous scrape,Little Italy Home | 4BD | Parking,Luis,"Gatineau, Canada",t,t,Somerset,Entire home,Entire home/apt,0000-00-00,"""0000-00-00""",t,02/07/2026,25/01/2026,07/06/2026,7.0,6.0,3.0,6.0,2.0,45.0,-75.0,2.0,1.0,2.0,1.0,103.0,1626.0,103.0,30.0,365.0,12.0,29.0,53.0,235.5,22.0,1.0,1.0,4.0,4.0,4.0,4.0,4.0,4.0,1.0,2.0,1.0
2447,24/06/2026,city scrape,The Orléans Condo,Shady,"Ottawa, Canada",f,t,Orleans,Entire rental unit,Entire home/apt,21/08/2026,20/09/2026,t,24/06/2026,20/03/2026,17/06/2026,7.0,6.0,3.0,6.0,2.0,45.0,-75.0,2.0,1.0,2.0,1.0,103.0,1626.0,103.0,30.0,365.0,12.0,29.0,53.0,235.5,22.0,1.0,1.0,4.0,4.0,4.0,4.0,4.0,4.0,1.0,2.0,1.0
2448,24/06/2026,city scrape,Super classy place to stay in Ottawa,Mak,"Ottawa, Canada",f,t,Innes,Private room in home,Private room,24/06/2026,24/07/2026,t,24/06/2026,10,10,4.0,9.0,4.0,9.0,4.0,45.0,-75.0,2.0,1.0,1.0,1.0,45.0,1353.0,45.0,30.0,365.0,30.0,60.0,90.0,365.0,0.0,0.0,0.0,4.0,4.0,4.0,4.0,4.0,4.0,1.0,4.0,0.0
2449,24/06/2026,city scrape,Great Place to stay in Ottawa,Mak,"Ottawa, Canada",f,t,Innes,Private room in home,Private room,04/10/2026,03/11/2026,t,24/06/2026,10,10,4.0,9.0,4.0,9.0,4.0,45.0,-75.0,2.0,1.0,1.0,1.0,46.0,1394.0,46.0,30.0,365.0,0.0,0.0,0.0,263.0,0.0,0.0,0.0,4.0,4.0,4.0,4.0,4.0,4.0,1.0,4.0,0.0
2450,24/06/2026,city scrape,Ver beautiful place to stay in Ottawa,Mak,"Ottawa, Canada",f,t,Innes,Private room in home,Private room,24/06/2026,24/07/2026,t,24/06/2026,10,10,4.0,9.0,4.0,9.0,4.0,45.0,-75.0,2.0,1.0,1.0,1.0,46.0,1394.0,46.0,30.0,365.0,30.0,60.0,90.0,365.0,0.0,0.0,0.0,4.0,4.0,4.0,4.0,4.0,4.0,1.0,4.0,0.0
2451,24/06/2026,city scrape,Excellent Private Room with a Bath,Mak,"Ottawa, Canada",f,t,Innes,Private room in home,Private room,01/10/2026,31/10/2026,t,24/06/2026,10,10,4.0,9.0,4.0,9.0,4.0,45.0,-75.0,2.0,1.0,1.0,1.0,49.0,1489.0,49.0,30.0,365.0,0.0,0.0,0.0,266.0,0.0,0.0,0.0,4.0,4.0,4.0,4.0,4.0,4.0,1.0,4.0,0.0
2452,24/06/2026,city scrape,Room 4 in a Cozy single home in Westboro Ottawa,Ziad,"Ottawa, Canada",f,t,Kitchissippi,Private room in home,Private room,01/07/2026,04/07/2026,t,24/06/2026,17/01/2026,28/03/2026,7.0,6.0,3.0,6.0,2.0,45.0,-75.0,2.0,1.0,2.0,1.0,103.0,1626.0,103.0,30.0,365.0,12.0,29.0,53.0,235.5,22.0,1.0,1.0,4.0,4.0,4.0,4.0,4.0,4.0,1.0,2.0,1.0
2453,24/06/2026,city scrape,Brand New Luxury Home with Hot Tub • Near Airport,Hassan,"Ottawa, Canada",f,t,Gloucester-South Nepean,Entire home,Entire home/apt,29/06/2026,30/06/2026,t,24/06/2026,06/04/2026,15/06/2026,7.0,6.0,3.0,6.0,2.0,45.0,-75.0,2.0,1.0,2.0,1.0,103.0,1626.0,103.0,30.0,365.0,12.0,29.0,53.0,235.5,22.0,1.0,1.0,4.0,4.0,4.0,4.0,4.0,4.0,1.0,2.0,1.0
2454,24/06/2026,city scrape,Cozy Private Apartment in Orléans,Steve,"Ottawa, Canada",f,t,Cumberland,Entire rental unit,Entire home/apt,26/06/2026,26/07/2026,t,24/06/2026,10,10,5.0,3.0,0.0,5.0,1.0,45.0,-75.0,2.0,1.0,1.0,1.0,76.0,2300.0,76.0,30.0,365.0,28.0,58.0,88.0,88.0,0.0,0.0,0.0,4.0,4.0,4.0,4.0,4.0,4.0,1.0,1.0,1.0
2455,24/06/2026,city scrape,Private Room Not Entire Apt Across Uottawa,Carlos,"Ottawa, Canada",f,t,Rideau-Vanier,Private room in rental unit,Private room,24/06/2026,24/07/2026,t,24/06/2026,08/02/2026,07/03/2026,7.0,6.0,3.0,6.0,2.0,45.0,-75.0,2.0,1.0,2.0,1.0,103.0,1626.0,103.0,30.0,365.0,12.0,29.0,53.0,235.5,22.0,1.0,1.0,4.0,4.0,4.0,4.0,4.0,4.0,1.0,2.0,1.0
2456,24/06/2026,city scrape,Private single /double room Across Uottawa Train,Carlos,"Ottawa, Canada",f,t,Rideau-Vanier,Private room in rental unit,Private room,24/06/2026,24/07/2026,t,24/06/2026,18/02/2026,05/05/2026,7.0,6.0,3.0,6.0,2.0,45.0,-75.0,2.0,1.0,2.0,1.0,103.0,1626.0,103.0,30.0,365.0,12.0,29.0,53.0,235.5,22.0,1.0,1.0,4.0,4.0,4.0,4.0,4.0,4.0,1.0,2.0,1.0
2457,24/06/2026,city scrape,Modern & Cozy 2-Bedroom unit | 30+ Day Stay.,Lucinda,"Ottawa, Canada",f,t,Capital,Entire guest suite,Entire home/apt,26/06/2026,26/07/2026,t,24/06/2026,10,10,0.0,5.0,0.0,5.0,1.0,45.0,-75.0,4.0,1.0,2.0,2.0,90.0,2707.0,90.0,30.0,180.0,28.0,58.0,88.0,88.0,0.0,0.0,0.0,4.0,4.0,4.0,4.0,4.0,4.0,1.0,1.0,1.0
2458,24/06/2026,city scrape,Modern & Fully Furnished | 2 Bedroom | Urban local,Ryan,"Ottawa, Canada",f,t,Bay,Entire serviced apartment,Entire home/apt,07/09/2026,07/10/2026,t,24/06/2026,10,10,3.0,4.0,3.0,3.0,2.0,45.0,-75.0,4.0,1.0,2.0,3.0,135.0,4069.0,135.0,30.0,1125.0,1.0,1.0,16.0,196.0,0.0,0.0,0.0,4.0,4.0,4.0,4.0,4.0,4.0,1.0,2.0,2.0
2459,24/06/2026,city scrape,"""A peaceful bungalow""",Arian,"Ottawa, Canada",t,t,Knoxdale-Merivale,Entire home,Entire home/apt,29/06/2026,01/07/2026,t,24/06/2026,06/04/2026,24/05/2026,7.0,6.0,3.0,6.0,2.0,45.0,-75.0,2.0,1.0,2.0,1.0,103.0,1626.0,103.0,30.0,365.0,12.0,29.0,53.0,235.5,22.0,1.0,1.0,4.0,4.0,4.0,4.0,4.0,4.0,1.0,2.0,1.0
2460,24/06/2026,city scrape,Luxurious Townhome near Ottawa Airport YOW,Korosh,"Ottawa, Canada",f,t,Osgoode,Entire townhouse,Entire home/apt,16/07/2026,15/08/2026,t,24/06/2026,21/03/2026,21/03/2026,7.0,6.0,3.0,6.0,2.0,45.0,-75.0,2.0,1.0,2.0,1.0,103.0,1626.0,103.0,30.0,365.0,12.0,29.0,53.0,235.5,22.0,1.0,1.0,4.0,4.0,4.0,4.0,4.0,4.0,1.0,2.0,1.0
2461,24/06/2026,city scrape,Woodroffe Nest Room #1 ~5mins to Algonquin College,Aikay,"Ottawa, Canada",f,t,College,Private room in home,Private room,27/06/2026,27/07/2026,t,24/06/2026,10,10,0.0,5.0,0.0,5.0,2.0,45.0,-75.0,2.0,1.0,1.0,1.0,55.0,1660.0,55.0,30.0,365.0,27.0,57.0,87.0,362.0,0.0,0.0,0.0,4.0,4.0,4.0,4.0,4.0,4.0,1.0,2.0,0.0
2462,24/06/2026,city scrape,Woodroffe Nest Room #2 ~5mins to Algonquin College,Aikay,"Ottawa, Canada",f,t,College,Private room in home,Private room,31/08/2026,30/09/2026,t,24/06/2026,10,10,0.0,5.0,0.0,5.0,2.0,45.0,-75.0,2.0,1.0,1.0,1.0,55.0,1660.0,55.0,30.0,365.0,0.0,0.0,22.0,297.0,0.0,0.0,0.0,4.0,4.0,4.0,4.0,4.0,4.0,1.0,2.0,0.0
2463,24/06/2026,city scrape,Cozy Room with private bath in Ottawa,Ololade,"Ottawa, Canada",f,t,Rideau-Goulbourn,Private room in home,Private room,25/06/2026,26/06/2026,t,24/06/2026,10,10,2.0,1.0,0.0,5.0,1.0,45.0,-75.0,2.0,1.0,1.0,1.0,111.0,111.0,111.0,1.0,30.0,29.0,59.0,89.0,364.0,0.0,0.0,0.0,4.0,4.0,4.0,4.0,4.0,4.0,1.0,1.0,0.0
2464,24/06/2026,city scrape,Lovely 4bd home in great neighbourhood,Korosh,"Ottawa, Canada",f,t,Kanata North,Entire home,Entire home/apt,29/06/2026,02/07/2026,t,24/06/2026,23/05/2026,19/06/2026,7.0,6.0,3.0,6.0,2.0,45.0,-75.0,2.0,1.0,2.0,1.0,103.0,1626.0,103.0,30.0,365.0,12.0,29.0,53.0,235.5,22.0,1.0,1.0,4.0,4.0,4.0,4.0,4.0,4.0,1.0,2.0,1.0
2465,24/06/2026,city scrape,4 Bed in Barrhaven | *Includes Garage & Ping Pong*,Natalie,"Ottawa, Canada",f,t,Barrhaven,Entire home,Entire home/apt,16/08/2026,15/09/2026,t,24/06/2026,10,10,7.0,6.0,3.0,6.0,2.0,45.0,-75.0,2.0,1.0,2.0,1.0,103.0,1626.0,103.0,30.0,365.0,12.0,29.0,53.0,235.5,22.0,1.0,1.0,4.0,4.0,4.0,4.0,4.0,4.0,1.0,2.0,1.0
2466,24/06/2026,city scrape,"Open Studio in a Vibrant, Walkable Neighborhood",Roslind,"Ottawa, Canada",f,t,Somerset,Entire rental unit,Entire home/apt,05/08/2026,04/09/2026,t,24/06/2026,10,10,3.0,1.0,0.0,4.0,3.0,45.0,-75.0,2.0,1.0,2.0,1.0,62.0,1879.0,62.0,30.0,365.0,0.0,18.0,48.0,323.0,0.0,0.0,0.0,4.0,4.0,4.0,4.0,4.0,4.0,1.0,3.0,3.0
2467,02/07/2026,previous scrape,Quiet home near all amenities,Michal,"Ottawa, Canada",f,t,College,Entire home,Entire home/apt,0000-00-00,"""0000-00-00""",t,02/07/2026,01/05/2026,01/05/2026,7.0,6.0,3.0,6.0,2.0,45.0,-75.0,2.0,1.0,2.0,1.0,103.0,1626.0,103.0,30.0,365.0,12.0,29.0,53.0,235.5,22.0,1.0,1.0,4.0,4.0,4.0,4.0,4.0,4.0,1.0,2.0,1.0
2468,24/06/2026,city scrape,Alterra - McLeod Cozy Studio,Christopher,"Ottawa, Canada",f,t,Somerset,Entire rental unit,Entire home/apt,0000-00-00,"""0000-00-00""",t,24/06/2026,04/04/2026,04/04/2026,7.0,6.0,3.0,6.0,2.0,45.0,-75.0,2.0,1.0,2.0,1.0,103.0,1626.0,103.0,30.0,365.0,12.0,29.0,53.0,235.5,22.0,1.0,1.0,4.0,4.0,4.0,4.0,4.0,4.0,1.0,2.0,1.0
2469,24/06/2026,city scrape,The Pyrite Suite,Nenman,"Ottawa, Canada",t,t,Innes,Private room in home,Private room,03/07/2026,04/07/2026,t,24/06/2026,02/02/2026,16/06/2026,7.0,6.0,3.0,6.0,2.0,45.0,-75.0,2.0,1.0,2.0,1.0,103.0,1626.0,103.0,30.0,365.0,12.0,29.0,53.0,235.5,22.0,1.0,1.0,4.0,4.0,4.0,4.0,4.0,4.0,1.0,2.0,1.0
2470,24/06/2026,city scrape,Strathmere Country Retreat-Guest House King Studio,Strathmere Country Retreat,"Ottawa, Canada",f,t,Rideau-Goulbourn,Entire cabin,Entire home/apt,24/06/2026,26/06/2026,t,24/06/2026,02/05/2026,16/05/2026,7.0,6.0,3.0,6.0,2.0,45.0,-75.0,2.0,1.0,2.0,1.0,103.0,1626.0,103.0,30.0,365.0,12.0,29.0,53.0,235.5,22.0,1.0,1.0,4.0,4.0,4.0,4.0,4.0,4.0,1.0,2.0,1.0
2471,24/06/2026,city scrape,Strathmere Country Retreat-Guest House Double Room,Strathmere Country Retreat,"Ottawa, Canada",f,t,Rideau-Goulbourn,Entire cabin,Entire home/apt,24/06/2026,26/06/2026,t,24/06/2026,10,10,7.0,6.0,3.0,6.0,2.0,45.0,-75.0,2.0,1.0,2.0,1.0,103.0,1626.0,103.0,30.0,365.0,12.0,29.0,53.0,235.5,22.0,1.0,1.0,4.0,4.0,4.0,4.0,4.0,4.0,1.0,2.0,1.0
2472,24/06/2026,city scrape,Strathmere Country Retreat - Guest House King Room,Strathmere Country Retreat,"Ottawa, Canada",f,t,Rideau-Goulbourn,Entire cabin,Entire home/apt,24/06/2026,26/06/2026,t,24/06/2026,22/05/2026,22/05/2026,7.0,6.0,3.0,6.0,2.0,45.0,-75.0,2.0,1.0,2.0,1.0,103.0,1626.0,103.0,30.0,365.0,12.0,29.0,53.0,235.5,22.0,1.0,1.0,4.0,4.0,4.0,4.0,4.0,4.0,1.0,2.0,1.0
2473,24/06/2026,city scrape,3 Bedroom Apartment for Family or Couple,Victor,"Ottawa, Canada",f,t,Innes,Private room in home,Private room,01/08/2026,31/08/2026,t,24/06/2026,26/02/2026,26/02/2026,7.0,6.0,3.0,6.0,2.0,45.0,-75.0,2.0,1.0,2.0,1.0,103.0,1626.0,103.0,30.0,365.0,12.0,29.0,53.0,235.5,22.0,1.0,1.0,4.0,4.0,4.0,4.0,4.0,4.0,1.0,2.0,1.0
2474,24/06/2026,city scrape,New Mattresses. Spacious 4-bedroom New Build House,Saif,"Ottawa, Canada",f,t,Rideau-Goulbourn,Entire home,Entire home/apt,29/06/2026,30/06/2026,t,24/06/2026,03/02/2026,11/06/2026,7.0,6.0,3.0,6.0,2.0,45.0,-75.0,2.0,1.0,2.0,1.0,103.0,1626.0,103.0,30.0,365.0,12.0,29.0,53.0,235.5,22.0,1.0,1.0,4.0,4.0,4.0,4.0,4.0,4.0,1.0,2.0,1.0
2475,24/06/2026,city scrape,Cozy 1BR Nest • Quiet & Comfortable,Roslind,"Ottawa, Canada",f,t,Somerset,Entire rental unit,Entire home/apt,31/08/2026,30/09/2026,t,24/06/2026,17/06/2026,17/06/2026,7.0,6.0,3.0,6.0,2.0,45.0,-75.0,2.0,1.0,2.0,1.0,103.0,1626.0,103.0,30.0,365.0,12.0,29.0,53.0,235.5,22.0,1.0,1.0,4.0,4.0,4.0,4.0,4.0,4.0,1.0,2.0,1.0
2476,24/06/2026,city scrape,Kanata Room for Professionals - near Tech Park,Seraphine,"Ottawa, Canada",f,t,Kanata North,Private room in home,Private room,31/08/2026,30/09/2026,t,24/06/2026,10,10,7.0,6.0,3.0,6.0,2.0,45.0,-75.0,2.0,1.0,2.0,1.0,103.0,1626.0,103.0,30.0,365.0,12.0,29.0,53.0,235.5,22.0,1.0,1.0,4.0,4.0,4.0,4.0,4.0,4.0,1.0,2.0,1.0
2477,24/06/2026,city scrape,Private 2 BR unit in a greenspace house,Sarah,"Ottawa, Canada",f,t,Alta Vista,Entire guest suite,Entire home/apt,01/04/2027,01/05/2027,t,24/06/2026,10,10,13.0,9.0,8.0,11.0,1.0,45.0,-75.0,2.0,1.0,2.0,2.0,90.0,2707.0,90.0,30.0,365.0,0.0,0.0,0.0,84.0,0.0,0.0,0.0,4.0,4.0,4.0,4.0,4.0,4.0,1.0,1.0,1.0
2478,24/06/2026,city scrape,Charming Main-Floor Unit,Rabih,"Ottawa, Canada",f,t,Osgoode,Entire home,Entire home/apt,17/01/2027,16/02/2027,t,24/06/2026,01/04/2026,01/04/2026,7.0,6.0,3.0,6.0,2.0,45.0,-75.0,2.0,1.0,2.0,1.0,103.0,1626.0,103.0,30.0,365.0,12.0,29.0,53.0,235.5,22.0,1.0,1.0,4.0,4.0,4.0,4.0,4.0,4.0,1.0,2.0,1.0
2479,24/06/2026,city scrape,Central and Cozy 2 BED in the Byward Market,Jasmine,"Ottawa, Canada",t,t,Rideau-Vanier,Entire rental unit,Entire home/apt,13/07/2026,12/08/2026,t,24/06/2026,10,10,7.0,6.0,3.0,6.0,2.0,45.0,-75.0,2.0,1.0,2.0,1.0,103.0,1626.0,103.0,30.0,365.0,12.0,29.0,53.0,235.5,22.0,1.0,1.0,4.0,4.0,4.0,4.0,4.0,4.0,1.0,2.0,1.0
2480,24/06/2026,city scrape,Quiet Family Home: Tech Hub-Canadian Tire Centre,Baydaa,"Ottawa, Canada",f,t,Kanata North,Entire home,Entire home/apt,06/07/2026,06/08/2026,t,24/06/2026,10,10,7.0,6.0,3.0,6.0,2.0,45.0,-75.0,2.0,1.0,2.0,1.0,103.0,1626.0,103.0,30.0,365.0,12.0,29.0,53.0,235.5,22.0,1.0,1.0,4.0,4.0,4.0,4.0,4.0,4.0,1.0,2.0,1.0
2481,24/06/2026,city scrape,Stylish Retreat Near Lansdowne & Rideau Canal,Ikram,"Ottawa, Canada",f,t,Capital,Private room in home,Private room,25/06/2026,26/06/2026,t,24/06/2026,17/05/2026,14/06/2026,7.0,6.0,3.0,6.0,2.0,45.0,-75.0,2.0,1.0,2.0,1.0,103.0,1626.0,103.0,30.0,365.0,12.0,29.0,53.0,235.5,22.0,1.0,1.0,4.0,4.0,4.0,4.0,4.0,4.0,1.0,2.0,1.0
2482,24/06/2026,city scrape,Charming 2BR Apartment near Chinatown+Free Parking,Henry,"Ottawa, Canada",f,t,Somerset,Entire rental unit,Entire home/apt,29/06/2026,30/06/2026,t,24/06/2026,12/02/2026,04/06/2026,7.0,6.0,3.0,6.0,2.0,45.0,-75.0,2.0,1.0,2.0,1.0,103.0,1626.0,103.0,30.0,365.0,12.0,29.0,53.0,235.5,22.0,1.0,1.0,4.0,4.0,4.0,4.0,4.0,4.0,1.0,2.0,1.0
2483,24/06/2026,city scrape,Miley’s Home,Paula,"Ottawa, Canada",f,t,Rideau-Goulbourn,Private room in home,Private room,28/08/2026,27/09/2026,t,24/06/2026,10,10,1.0,0.0,0.0,4.0,1.0,45.0,-75.0,1.0,1.0,1.0,1.0,51.0,1548.0,51.0,30.0,365.0,23.0,29.0,54.0,329.0,0.0,0.0,0.0,4.0,4.0,4.0,4.0,4.0,4.0,1.0,1.0,0.0
2484,24/06/2026,city scrape,Female-Only Home Near Ottawa Airport,Bouchra,"Ottawa, Canada",f,t,Gloucester-Southgate,Private room in home,Private room,10/01/2027,12/01/2027,t,24/06/2026,29/05/2026,29/05/2026,7.0,6.0,3.0,6.0,2.0,45.0,-75.0,2.0,1.0,2.0,1.0,103.0,1626.0,103.0,30.0,365.0,12.0,29.0,53.0,235.5,22.0,1.0,1.0,4.0,4.0,4.0,4.0,4.0,4.0,1.0,2.0,1.0
2485,24/06/2026,city scrape,The Westboro Weekender,Laurie,"Ottawa, Canada",f,t,Kitchissippi,Entire home,Entire home/apt,06/07/2026,08/07/2026,t,24/06/2026,18/05/2026,11/06/2026,7.0,6.0,3.0,6.0,2.0,45.0,-75.0,2.0,1.0,2.0,1.0,103.0,1626.0,103.0,30.0,365.0,12.0,29.0,53.0,235.5,22.0,1.0,1.0,4.0,4.0,4.0,4.0,4.0,4.0,1.0,2.0,1.0
2486,24/06/2026,city scrape,Bright & Cozy Double Bedroom,Ritu,"Ottawa, Canada",t,t,Alta Vista,Private room in home,Private room,01/09/2026,01/10/2026,t,24/06/2026,31/03/2026,05/05/2026,7.0,6.0,3.0,6.0,2.0,45.0,-75.0,2.0,1.0,2.0,1.0,103.0,1626.0,103.0,30.0,365.0,12.0,29.0,53.0,235.5,22.0,1.0,1.0,4.0,4.0,4.0,4.0,4.0,4.0,1.0,2.0,1.0
2487,24/06/2026,city scrape,Newhaven,Julie,"Ottawa, Canada",f,t,Knoxdale-Merivale,Private room in home,Private room,01/09/2026,01/10/2026,f,24/06/2026,10,10,10.0,7.0,0.0,4.0,1.0,45.0,-75.0,2.0,1.0,1.0,1.0,173.0,2246.0,173.0,30.0,31.0,0.0,0.0,21.0,265.0,0.0,0.0,0.0,4.0,4.0,4.0,4.0,4.0,4.0,1.0,1.0,0.0
2488,24/06/2026,city scrape,Cozy Downtown Apartment,Mehdi,"Ottawa, Canada",f,t,Rideau-Vanier,Entire rental unit,Entire home/apt,25/06/2026,25/07/2026,f,24/06/2026,10,10,0.0,6.0,0.0,4.0,1.0,45.0,-75.0,2.0,1.0,1.0,1.0,173.0,2246.0,173.0,30.0,90.0,29.0,59.0,89.0,364.0,0.0,0.0,0.0,4.0,4.0,4.0,4.0,4.0,4.0,1.0,1.0,1.0
2489,24/06/2026,city scrape,Chao’s Full House,Chao,"Ottawa, Canada",f,t,Gloucester-South Nepean,Private room in home,Private room,01/11/2026,01/12/2026,t,24/06/2026,10,10,7.0,6.0,3.0,6.0,2.0,45.0,-75.0,2.0,1.0,2.0,1.0,103.0,1626.0,103.0,30.0,365.0,12.0,29.0,53.0,235.5,22.0,1.0,1.0,4.0,4.0,4.0,4.0,4.0,4.0,1.0,2.0,1.0
2490,24/06/2026,city scrape,"Modern Room | queen, Parking, Near uOttawa, DTown",Eissa,"Ottawa, Canada",f,t,Alta Vista,Private room in home,Private room,29/06/2026,30/06/2026,t,24/06/2026,14/02/2026,08/06/2026,7.0,6.0,3.0,6.0,2.0,45.0,-75.0,2.0,1.0,2.0,1.0,103.0,1626.0,103.0,30.0,365.0,12.0,29.0,53.0,235.5,22.0,1.0,1.0,4.0,4.0,4.0,4.0,4.0,4.0,1.0,2.0,1.0
2491,24/06/2026,city scrape,"Cozy Modern Suite in Southvale off Walkley, Ottawa",Moyinoluwa,"Ottawa, Canada",f,t,Alta Vista,Entire rental unit,Entire home/apt,01/07/2026,31/07/2026,t,24/06/2026,10,10,3.0,5.0,3.0,2.0,2.0,45.0,-75.0,4.0,1.0,1.0,1.0,85.0,2552.0,85.0,30.0,180.0,23.0,53.0,83.0,263.0,0.0,0.0,0.0,4.0,4.0,4.0,4.0,4.0,4.0,1.0,2.0,2.0
2492,24/06/2026,city scrape,Great House with mini-kitchen and Pvt Bath,Victor,"Ottawa, Canada",f,t,Barrhaven,Private room in home,Private room,24/06/2026,24/07/2026,t,24/06/2026,10,10,7.0,6.0,3.0,6.0,2.0,45.0,-75.0,2.0,1.0,2.0,1.0,103.0,1626.0,103.0,30.0,365.0,12.0,29.0,53.0,235.5,22.0,1.0,1.0,4.0,4.0,4.0,4.0,4.0,4.0,1.0,2.0,1.0
2493,24/06/2026,city scrape,林栖小院,Sunny,"Ottawa, Canada",f,t,Kanata South,Entire home,Entire home/apt,29/06/2026,01/07/2026,t,24/06/2026,05/03/2026,14/06/2026,7.0,6.0,3.0,6.0,2.0,45.0,-75.0,2.0,1.0,2.0,1.0,103.0,1626.0,103.0,30.0,365.0,12.0,29.0,53.0,235.5,22.0,1.0,1.0,4.0,4.0,4.0,4.0,4.0,4.0,1.0,2.0,1.0
2494,24/06/2026,city scrape,"Cozy haven! 1BR King size, private entrance",Micbet,"Ottawa, Canada",t,t,Barrhaven,Entire home,Entire home/apt,31/08/2026,30/09/2026,t,24/06/2026,31/03/2026,31/03/2026,7.0,6.0,3.0,6.0,2.0,45.0,-75.0,2.0,1.0,2.0,1.0,103.0,1626.0,103.0,30.0,365.0,12.0,29.0,53.0,235.5,22.0,1.0,1.0,4.0,4.0,4.0,4.0,4.0,4.0,1.0,2.0,1.0
2495,24/06/2026,city scrape,Comfy Room in Modern Home; Airport-Train-Casino-EY,Kris,"Ottawa, Canada",t,t,Gloucester-South Nepean,Private room in home,Private room,06/07/2026,07/07/2026,t,24/06/2026,25/02/2026,21/06/2026,7.0,6.0,3.0,6.0,2.0,45.0,-75.0,2.0,1.0,2.0,1.0,103.0,1626.0,103.0,30.0,365.0,12.0,29.0,53.0,235.5,22.0,1.0,1.0,4.0,4.0,4.0,4.0,4.0,4.0,1.0,2.0,1.0
2496,24/06/2026,city scrape,"3 Bedroom (4 beds), 2 Bathroom, Main level",Amanda,"Ottawa, Canada",f,t,West Carleton-March,Entire rental unit,Entire home/apt,19/08/2026,18/09/2026,t,24/06/2026,10,10,7.0,6.0,3.0,6.0,2.0,45.0,-75.0,2.0,1.0,2.0,1.0,103.0,1626.0,103.0,30.0,365.0,12.0,29.0,53.0,235.5,22.0,1.0,1.0,4.0,4.0,4.0,4.0,4.0,4.0,1.0,2.0,1.0
2497,24/06/2026,city scrape,All-Inclusive Studio | Gym & Riverfront Luxury,Meri,"Ottawa, Canada",f,t,Rideau-Vanier,Entire rental unit,Entire home/apt,24/06/2026,25/07/2026,t,24/06/2026,10,10,0.0,6.0,0.0,6.0,7.0,45.0,-75.0,4.0,1.0,2.0,1.0,90.0,2798.0,90.0,31.0,365.0,30.0,60.0,90.0,365.0,0.0,0.0,0.0,4.0,4.0,4.0,4.0,4.0,4.0,1.0,7.0,4.0
2498,24/06/2026,city scrape,Luxury Studio at Riverflow | Private & Furnished,Meri,"Ottawa, Canada",f,t,Rideau-Vanier,Entire rental unit,Entire home/apt,24/06/2026,25/07/2026,t,24/06/2026,10,10,0.0,6.0,0.0,6.0,7.0,45.0,-75.0,3.0,1.0,2.0,1.0,95.0,2947.0,95.0,31.0,365.0,30.0,60.0,90.0,365.0,0.0,0.0,0.0,4.0,4.0,4.0,4.0,4.0,4.0,1.0,7.0,4.0
2499,24/06/2026,city scrape,All-Inclusive Studio | Gym & Riverfront Luxury,Meri,"Ottawa, Canada",f,t,Rideau-Vanier,Entire rental unit,Entire home/apt,24/06/2026,25/07/2026,t,24/06/2026,10,10,0.0,6.0,0.0,6.0,7.0,45.0,-75.0,3.0,1.0,2.0,1.0,83.0,2580.0,83.0,31.0,365.0,30.0,60.0,64.0,332.0,0.0,0.0,0.0,4.0,4.0,4.0,4.0,4.0,4.0,1.0,7.0,4.0
2500,24/06/2026,city scrape,Modern Studio @ Riverflow | Gym & Arcade Access,Meri,"Ottawa, Canada",f,t,Rideau-Vanier,Entire rental unit,Entire home/apt,24/06/2026,25/07/2026,t,24/06/2026,10,10,0.0,6.0,0.0,6.0,7.0,45.0,-75.0,2.0,1.0,2.0,1.0,92.0,2868.0,92.0,31.0,365.0,30.0,60.0,90.0,365.0,0.0,0.0,0.0,4.0,4.0,4.0,4.0,4.0,4.0,1.0,7.0,4.0
2501,24/06/2026,city scrape,Cozy modern room,Emmanuel,"Ottawa, Canada",t,t,Stittsville-Kanata West,Private room in home,Private room,28/06/2026,29/06/2026,t,24/06/2026,15/02/2026,21/06/2026,7.0,6.0,3.0,6.0,2.0,45.0,-75.0,2.0,1.0,2.0,1.0,103.0,1626.0,103.0,30.0,365.0,12.0,29.0,53.0,235.5,22.0,1.0,1.0,4.0,4.0,4.0,4.0,4.0,4.0,1.0,2.0,1.0
2502,24/06/2026,city scrape,Quiet & Clean Stay Near Airport.,Adam,"Ottawa, Canada",f,t,Gloucester-Southgate,Private room in home,Private room,28/06/2026,29/06/2026,t,24/06/2026,21/03/2026,07/06/2026,0.0,9.0,0.0,7.0,5.0,45.0,-75.0,2.0,1.0,1.0,1.0,92.0,92.0,92.0,1.0,365.0,22.0,49.0,78.0,353.0,14.0,14.0,0.0,4.0,4.0,4.0,4.0,4.0,4.0,4.0,5.0,0.0
2503,24/06/2026,city scrape,Cozy room in a park-like setting,Ancuta,"Ottawa, Canada",f,t,Bay,Private room in home,Private room,24/06/2026,24/07/2026,t,24/06/2026,10,10,0.0,4.0,0.0,4.0,1.0,45.0,-75.0,1.0,1.0,1.0,1.0,67.0,2039.0,67.0,30.0,365.0,30.0,60.0,90.0,365.0,0.0,0.0,0.0,4.0,4.0,4.0,4.0,4.0,4.0,1.0,1.0,0.0
2504,24/06/2026,city scrape,Newly Renovated Studio Near ByWard Market,Roan,"Ottawa, Canada",t,t,Rideau-Vanier,Entire rental unit,Entire home/apt,25/06/2026,26/06/2026,t,24/06/2026,28/02/2026,17/06/2026,7.0,6.0,3.0,6.0,2.0,45.0,-75.0,2.0,1.0,2.0,1.0,103.0,1626.0,103.0,30.0,365.0,12.0,29.0,53.0,235.5,22.0,1.0,1.0,4.0,4.0,4.0,4.0,4.0,4.0,1.0,2.0,1.0
2505,24/06/2026,city scrape,Comfy Studio in Centretown,Short And Suite BnB,"Ottawa, Canada",t,t,Somerset,Entire rental unit,Entire home/apt,31/12/2026,30/01/2027,t,24/06/2026,10,10,7.0,6.0,3.0,6.0,2.0,45.0,-75.0,2.0,1.0,2.0,1.0,103.0,1626.0,103.0,30.0,365.0,12.0,29.0,53.0,235.5,22.0,1.0,1.0,4.0,4.0,4.0,4.0,4.0,4.0,1.0,2.0,1.0
2506,24/06/2026,city scrape,Comfortable Family‑Ready 2BR in Ottawa’s Core,Roslind,"Ottawa, Canada",f,t,Somerset,Entire rental unit,Entire home/apt,01/08/2026,31/08/2026,t,24/06/2026,16/05/2026,16/05/2026,7.0,6.0,3.0,6.0,2.0,45.0,-75.0,2.0,1.0,2.0,1.0,103.0,1626.0,103.0,30.0,365.0,12.0,29.0,53.0,235.5,22.0,1.0,1.0,4.0,4.0,4.0,4.0,4.0,4.0,1.0,2.0,1.0
2507,24/06/2026,city scrape,Executive townhome for short term rent,Evergiste,"Ottawa, Canada",f,t,Cumberland,Entire home,Entire home/apt,25/06/2026,25/07/2026,t,24/06/2026,10,10,7.0,6.0,3.0,6.0,2.0,45.0,-75.0,2.0,1.0,2.0,1.0,103.0,1626.0,103.0,30.0,365.0,12.0,29.0,53.0,235.5,22.0,1.0,1.0,4.0,4.0,4.0,4.0,4.0,4.0,1.0,2.0,1.0
2508,24/06/2026,city scrape,"Cozy, Friendly Comfort in Centretown",Deirdre,"Ottawa, Canada",t,t,Somerset,Private room in rental unit,Private room,07/07/2026,08/07/2026,t,24/06/2026,17/05/2026,19/06/2026,7.0,6.0,3.0,6.0,2.0,45.0,-75.0,2.0,1.0,2.0,1.0,103.0,1626.0,103.0,30.0,365.0,12.0,29.0,53.0,235.5,22.0,1.0,1.0,4.0,4.0,4.0,4.0,4.0,4.0,1.0,2.0,1.0
2509,24/06/2026,city scrape,Capital Comfort Stay,Binita,"Ottawa, Canada",f,t,Gloucester-Southgate,Entire guest suite,Entire home/apt,24/06/2026,25/06/2026,t,24/06/2026,26/04/2026,23/06/2026,7.0,6.0,3.0,6.0,2.0,45.0,-75.0,2.0,1.0,2.0,1.0,103.0,1626.0,103.0,30.0,365.0,12.0,29.0,53.0,235.5,22.0,1.0,1.0,4.0,4.0,4.0,4.0,4.0,4.0,1.0,2.0,1.0
2510,24/06/2026,city scrape,Quiet Manotick Retreat Near Ottawa•Women Only Room,Manuela,"Ottawa, Canada",f,t,Rideau-Goulbourn,Private room in home,Private room,27/06/2026,28/06/2026,t,24/06/2026,17/05/2026,06/06/2026,7.0,6.0,3.0,6.0,2.0,45.0,-75.0,2.0,1.0,2.0,1.0,103.0,1626.0,103.0,30.0,365.0,12.0,29.0,53.0,235.5,22.0,1.0,1.0,4.0,4.0,4.0,4.0,4.0,4.0,1.0,2.0,1.0
2511,24/06/2026,city scrape,Cozy suite with kitchen,Kiyara,"Ottawa, Canada",f,t,Rideau-Goulbourn,Private room in home,Private room,24/06/2026,24/07/2026,t,24/06/2026,10,10,0.0,4.0,0.0,4.0,1.0,45.0,-75.0,2.0,1.0,1.0,1.0,62.0,1872.0,62.0,30.0,365.0,30.0,60.0,90.0,365.0,0.0,0.0,0.0,4.0,4.0,4.0,4.0,4.0,4.0,1.0,1.0,0.0
2512,24/06/2026,city scrape,“Lavender Suite”- a cozy place near Ottawa Airport,Shrijana,"Ottawa, Canada",f,t,Gloucester-South Nepean,Private room in home,Private room,26/06/2026,27/06/2026,t,24/06/2026,25/04/2026,23/06/2026,7.0,6.0,3.0,6.0,2.0,45.0,-75.0,2.0,1.0,2.0,1.0,103.0,1626.0,103.0,30.0,365.0,12.0,29.0,53.0,235.5,22.0,1.0,1.0,4.0,4.0,4.0,4.0,4.0,4.0,1.0,2.0,1.0
2513,24/06/2026,city scrape,Bright Room in Modern Home;Airport-Train-Casino-EY,Kris,"Ottawa, Canada",t,t,Osgoode,Private room in home,Private room,29/06/2026,30/06/2026,t,24/06/2026,12/03/2026,22/06/2026,7.0,4.0,0.0,4.0,3.0,45.0,-75.0,2.0,1.0,1.0,1.0,88.0,88.0,88.0,1.0,29.0,17.0,20.0,20.0,20.0,17.0,17.0,0.0,4.0,4.0,4.0,4.0,4.0,4.0,4.0,3.0,0.0
2514,24/06/2026,city scrape,Quiet Apartment in Lovely Neighborhood-4people,Kelmany,"Ontario, Canada",t,t,Bay,Entire rental unit,Entire home/apt,12/07/2026,13/07/2026,t,24/06/2026,26/02/2026,10/06/2026,8.0,6.0,8.0,5.0,3.0,45.0,-75.0,4.0,1.0,2.0,2.0,223.0,223.0,223.0,1.0,365.0,8.0,29.0,58.0,328.0,22.0,22.0,0.0,4.0,4.0,4.0,4.0,4.0,4.0,5.0,3.0,1.0
2515,24/06/2026,city scrape,Private Room with Dedicated Bathroom in Kanata,Djiby,"Ottawa, Canada",f,t,Stittsville-Kanata West,Private room in home,Private room,07/07/2026,08/07/2026,t,24/06/2026,11/03/2026,24/06/2026,10.0,6.0,10.0,2.0,1.0,45.0,-75.0,2.0,1.0,1.0,1.0,83.0,83.0,83.0,1.0,10.0,6.0,26.0,56.0,56.0,15.0,15.0,0.0,4.0,4.0,4.0,5.0,4.0,4.0,4.0,1.0,0.0
2516,24/06/2026,city scrape,Room Available In Ottawa (all-inclusive),Vishal,"Ottawa, Canada",f,t,Cumberland,Private room in home,Private room,22/11/2026,22/12/2026,t,24/06/2026,10,10,6.0,5.0,4.0,8.0,1.0,45.0,-75.0,1.0,1.0,1.0,1.0,40.0,1228.0,40.0,30.0,365.0,6.0,6.0,6.0,220.0,0.0,0.0,0.0,4.0,4.0,4.0,4.0,4.0,4.0,1.0,1.0,0.0
2517,24/06/2026,city scrape,Downtown Ottawa Gem | ByWard Market 1BR,Jean Pierre Eric,"Ottawa, Canada",f,t,Rideau-Vanier,Entire home,Entire home/apt,28/02/2027,30/03/2027,t,24/06/2026,16/04/2026,16/04/2026,7.0,6.0,3.0,6.0,2.0,45.0,-75.0,2.0,1.0,2.0,1.0,103.0,1626.0,103.0,30.0,365.0,12.0,29.0,53.0,235.5,22.0,1.0,1.0,4.0,4.0,4.0,4.0,4.0,4.0,1.0,2.0,1.0
2518,24/06/2026,city scrape,Modern Luxury Studio • Walk to Everything,PARLOUR Hotel,"Ottawa, Canada",t,t,Rideau-Vanier,Entire rental unit,Entire home/apt,26/06/2026,27/06/2026,t,24/06/2026,12/06/2026,12/06/2026,7.0,6.0,3.0,6.0,2.0,45.0,-75.0,2.0,1.0,2.0,1.0,103.0,1626.0,103.0,30.0,365.0,12.0,29.0,53.0,235.5,22.0,1.0,1.0,4.0,4.0,4.0,4.0,4.0,4.0,1.0,2.0,1.0
2519,24/06/2026,city scrape,Tranquil Private Guest Suite | Kitchen & Bath,Sam,"Ottawa, Canada",t,t,Gloucester-South Nepean,Entire home,Entire home/apt,29/06/2026,30/06/2026,t,24/06/2026,04/03/2026,08/06/2026,7.0,6.0,3.0,6.0,2.0,45.0,-75.0,2.0,1.0,2.0,1.0,103.0,1626.0,103.0,30.0,365.0,12.0,29.0,53.0,235.5,22.0,1.0,1.0,4.0,4.0,4.0,4.0,4.0,4.0,1.0,2.0,1.0
2520,24/06/2026,city scrape,Large Luxury Loft | 2nd Floor | ByWard Market,PARLOUR Hotel,"Ottawa, Canada",t,t,Rideau-Vanier,Entire rental unit,Entire home/apt,24/06/2026,25/06/2026,t,24/06/2026,12/05/2026,12/05/2026,7.0,6.0,3.0,6.0,2.0,45.0,-75.0,2.0,1.0,2.0,1.0,103.0,1626.0,103.0,30.0,365.0,12.0,29.0,53.0,235.5,22.0,1.0,1.0,4.0,4.0,4.0,4.0,4.0,4.0,1.0,2.0,1.0
2521,24/06/2026,city scrape,Luxury 1BR Suite • High Ceilings • ByWard Market,PARLOUR Hotel,"Ottawa, Canada",t,t,Rideau-Vanier,Entire rental unit,Entire home/apt,25/06/2026,26/06/2026,t,24/06/2026,14/06/2026,14/06/2026,7.0,6.0,3.0,6.0,2.0,45.0,-75.0,2.0,1.0,2.0,1.0,103.0,1626.0,103.0,30.0,365.0,12.0,29.0,53.0,235.5,22.0,1.0,1.0,4.0,4.0,4.0,4.0,4.0,4.0,1.0,2.0,1.0
2522,24/06/2026,city scrape,Modern Luxury 1BR | Main Floor | Byward Market,PARLOUR Hotel,"Ottawa, Canada",t,t,Rideau-Vanier,Entire rental unit,Entire home/apt,28/06/2026,29/06/2026,t,24/06/2026,13/06/2026,13/06/2026,7.0,6.0,3.0,6.0,2.0,45.0,-75.0,2.0,1.0,2.0,1.0,103.0,1626.0,103.0,30.0,365.0,12.0,29.0,53.0,235.5,22.0,1.0,1.0,4.0,4.0,4.0,4.0,4.0,4.0,1.0,2.0,1.0
2523,24/06/2026,city scrape,Cozy 1BR Basement in Old Ottawa East,Katherine,"Ottawa, Canada",f,t,Capital,Entire rental unit,Entire home/apt,05/09/2026,05/10/2026,t,24/06/2026,10,10,15.0,3.0,4.0,4.0,1.0,45.0,-75.0,2.0,1.0,1.0,2.0,124.0,3734.0,124.0,30.0,365.0,0.0,0.0,17.0,279.0,0.0,0.0,0.0,4.0,4.0,4.0,4.0,4.0,4.0,1.0,1.0,1.0
2524,24/06/2026,city scrape,Stylish Urban Escape | Hotel-Style Bedroom,Julia,"Ottawa, Canada",f,t,Rideau-Vanier,Entire rental unit,Entire home/apt,22/10/2026,21/11/2026,t,24/06/2026,10,10,8.0,6.0,3.0,1.0,1.0,45.0,-75.0,2.0,1.0,1.0,1.0,98.0,2942.0,98.0,30.0,365.0,0.0,0.0,0.0,245.0,0.0,0.0,0.0,4.0,4.0,4.0,4.0,4.0,4.0,1.0,1.0,1.0
2525,24/06/2026,city scrape,All new- 4bdrm modern Kanata home with heated pool,Melanie,"Ottawa, Canada",f,t,Kanata South,Entire home,Entire home/apt,01/11/2026,01/12/2026,t,24/06/2026,10,10,7.0,6.0,3.0,6.0,2.0,45.0,-75.0,2.0,1.0,2.0,1.0,103.0,1626.0,103.0,30.0,365.0,12.0,29.0,53.0,235.5,22.0,1.0,1.0,4.0,4.0,4.0,4.0,4.0,4.0,1.0,2.0,1.0
2526,24/06/2026,city scrape,Modern 2BR Ottawa Stay | FREE WIFI | Parking,Nate,"Ottawa, Canada",f,t,Kanata South,Entire townhouse,Entire home/apt,08/07/2026,09/07/2026,t,24/06/2026,20/06/2026,20/06/2026,7.0,6.0,3.0,6.0,2.0,45.0,-75.0,2.0,1.0,2.0,1.0,103.0,1626.0,103.0,30.0,365.0,12.0,29.0,53.0,235.5,22.0,1.0,1.0,4.0,4.0,4.0,4.0,4.0,4.0,1.0,2.0,1.0
2527,24/06/2026,city scrape,Wyndham Rideau | King Studio | Water Front,Ramada By Wyndham - CAD,"Ottawa, Canada",f,t,Knoxdale-Merivale,Room in hotel,Hotel room,24/06/2026,25/06/2026,t,24/06/2026,10,10,7.0,6.0,3.0,6.0,2.0,45.0,-75.0,2.0,1.0,2.0,1.0,103.0,1626.0,103.0,30.0,365.0,12.0,29.0,53.0,235.5,22.0,1.0,1.0,4.0,4.0,4.0,4.0,4.0,4.0,1.0,2.0,1.0
2528,24/06/2026,city scrape,King Studio|Ramada On The Rideau|Rideau River Stay,Ramada By Wyndham - CAD,"Ottawa, Canada",f,t,Knoxdale-Merivale,Room in hotel,Hotel room,24/06/2026,25/06/2026,t,24/06/2026,10,10,7.0,6.0,3.0,6.0,2.0,45.0,-75.0,2.0,1.0,2.0,1.0,103.0,1626.0,103.0,30.0,365.0,12.0,29.0,53.0,235.5,22.0,1.0,1.0,4.0,4.0,4.0,4.0,4.0,4.0,1.0,2.0,1.0
2529,24/06/2026,city scrape,Wyndham Rideau | Dlx Queen Water Front,Ramada By Wyndham - CAD,"Ottawa, Canada",f,t,Knoxdale-Merivale,Room in hotel,Hotel room,24/06/2026,25/06/2026,t,24/06/2026,10,10,7.0,6.0,3.0,6.0,2.0,45.0,-75.0,2.0,1.0,2.0,1.0,103.0,1626.0,103.0,30.0,365.0,12.0,29.0,53.0,235.5,22.0,1.0,1.0,4.0,4.0,4.0,4.0,4.0,4.0,1.0,2.0,1.0
2530,24/06/2026,city scrape,Dlx Queen Water Front | Ramada On The Rideau,Ramada By Wyndham - CAD,"Ottawa, Canada",f,t,Knoxdale-Merivale,Room in hotel,Hotel room,24/06/2026,25/06/2026,t,24/06/2026,10,10,7.0,6.0,3.0,6.0,2.0,45.0,-75.0,2.0,1.0,2.0,1.0,103.0,1626.0,103.0,30.0,365.0,12.0,29.0,53.0,235.5,22.0,1.0,1.0,4.0,4.0,4.0,4.0,4.0,4.0,1.0,2.0,1.0
2531,24/06/2026,city scrape,Queen Water Front|Ramada On The Rideau| River Calm,Ramada By Wyndham - CAD,"Ottawa, Canada",f,t,Knoxdale-Merivale,Room in hotel,Hotel room,24/06/2026,25/06/2026,t,24/06/2026,10,10,7.0,6.0,3.0,6.0,2.0,45.0,-75.0,2.0,1.0,2.0,1.0,103.0,1626.0,103.0,30.0,365.0,12.0,29.0,53.0,235.5,22.0,1.0,1.0,4.0,4.0,4.0,4.0,4.0,4.0,1.0,2.0,1.0
2532,24/06/2026,city scrape,Wyndham Rideau | Queen Water Front | Green Getaway,Ramada By Wyndham - CAD,"Ottawa, Canada",f,t,Knoxdale-Merivale,Room in hotel,Hotel room,24/06/2026,25/06/2026,t,24/06/2026,10,10,7.0,6.0,3.0,6.0,2.0,45.0,-75.0,2.0,1.0,2.0,1.0,103.0,1626.0,103.0,30.0,365.0,12.0,29.0,53.0,235.5,22.0,1.0,1.0,4.0,4.0,4.0,4.0,4.0,4.0,1.0,2.0,1.0
2533,24/06/2026,city scrape,Wyndham Rideau | Dlx 2 Double Water Front,Ramada By Wyndham - CAD,"Ottawa, Canada",f,t,Knoxdale-Merivale,Room in hotel,Hotel room,24/06/2026,25/06/2026,t,24/06/2026,10,10,7.0,6.0,3.0,6.0,2.0,45.0,-75.0,2.0,1.0,2.0,1.0,103.0,1626.0,103.0,30.0,365.0,12.0,29.0,53.0,235.5,22.0,1.0,1.0,4.0,4.0,4.0,4.0,4.0,4.0,1.0,2.0,1.0
2534,24/06/2026,city scrape,Dlx 2 Double Water Front | Ramada On The Rideau,Ramada By Wyndham - CAD,"Ottawa, Canada",f,t,Knoxdale-Merivale,Room in hotel,Hotel room,24/06/2026,25/06/2026,t,24/06/2026,10,10,7.0,6.0,3.0,6.0,2.0,45.0,-75.0,2.0,1.0,2.0,1.0,103.0,1626.0,103.0,30.0,365.0,12.0,29.0,53.0,235.5,22.0,1.0,1.0,4.0,4.0,4.0,4.0,4.0,4.0,1.0,2.0,1.0
2535,24/06/2026,city scrape,Wyndham Rideau | 2 Double | Near Rideau River,Ramada By Wyndham - CAD,"Ottawa, Canada",f,t,Knoxdale-Merivale,Room in hotel,Hotel room,24/06/2026,25/06/2026,t,24/06/2026,10,10,7.0,6.0,3.0,6.0,2.0,45.0,-75.0,2.0,1.0,2.0,1.0,103.0,1626.0,103.0,30.0,365.0,12.0,29.0,53.0,235.5,22.0,1.0,1.0,4.0,4.0,4.0,4.0,4.0,4.0,1.0,2.0,1.0
2536,24/06/2026,city scrape,2 Double | Ramada On The Rideau | Airport Access,Ramada By Wyndham - CAD,"Ottawa, Canada",f,t,Knoxdale-Merivale,Room in hotel,Hotel room,24/06/2026,25/06/2026,t,24/06/2026,10,10,7.0,6.0,3.0,6.0,2.0,45.0,-75.0,2.0,1.0,2.0,1.0,103.0,1626.0,103.0,30.0,365.0,12.0,29.0,53.0,235.5,22.0,1.0,1.0,4.0,4.0,4.0,4.0,4.0,4.0,1.0,2.0,1.0
2537,24/06/2026,city scrape,Wyndham Rideau | 2 Double Water Front | Family,Ramada By Wyndham - CAD,"Ottawa, Canada",f,t,Knoxdale-Merivale,Room in hotel,Hotel room,24/06/2026,25/06/2026,t,24/06/2026,10,10,7.0,6.0,3.0,6.0,2.0,45.0,-75.0,2.0,1.0,2.0,1.0,103.0,1626.0,103.0,30.0,365.0,12.0,29.0,53.0,235.5,22.0,1.0,1.0,4.0,4.0,4.0,4.0,4.0,4.0,1.0,2.0,1.0
2538,24/06/2026,city scrape,2 Double Water Front|Ramada On The Rideau| Balcony,Ramada By Wyndham - CAD,"Ottawa, Canada",f,t,Knoxdale-Merivale,Room in hotel,Hotel room,24/06/2026,25/06/2026,t,24/06/2026,10,10,7.0,6.0,3.0,6.0,2.0,45.0,-75.0,2.0,1.0,2.0,1.0,103.0,1626.0,103.0,30.0,365.0,12.0,29.0,53.0,235.5,22.0,1.0,1.0,4.0,4.0,4.0,4.0,4.0,4.0,1.0,2.0,1.0
2539,24/06/2026,city scrape,MasterBedroom & Private Bathroom | Quiet & Central,Rachid,"Ottawa, Canada",t,t,River,Private room in rental unit,Private room,31/07/2026,30/08/2026,t,24/06/2026,10,10,11.0,11.0,6.0,0.0,5.0,45.0,-75.0,1.0,1.0,1.0,1.0,51.0,1543.0,51.0,30.0,150.0,0.0,23.0,52.0,327.0,0.0,0.0,0.0,4.0,4.0,4.0,4.0,4.0,4.0,1.0,5.0,0.0
2540,24/06/2026,city scrape,Large bedroom Only 4 min walk to Algonquin College,Rachid,"Ottawa, Canada",t,t,College,Private room in rental unit,Private room,01/02/2027,03/03/2027,t,24/06/2026,10,10,7.0,6.0,3.0,6.0,2.0,45.0,-75.0,2.0,1.0,2.0,1.0,103.0,1626.0,103.0,30.0,365.0,12.0,29.0,53.0,235.5,22.0,1.0,1.0,4.0,4.0,4.0,4.0,4.0,4.0,1.0,2.0,1.0
2541,24/06/2026,city scrape,Modern & Stylish Apartment in the Heart of Ottawa,Leticia,"Toronto, Canada",f,t,Rideau-Vanier,Entire rental unit,Entire home/apt,25/06/2026,26/06/2026,t,24/06/2026,10,10,7.0,6.0,3.0,6.0,2.0,45.0,-75.0,2.0,1.0,2.0,1.0,103.0,1626.0,103.0,30.0,365.0,12.0,29.0,53.0,235.5,22.0,1.0,1.0,4.0,4.0,4.0,4.0,4.0,4.0,1.0,2.0,1.0
2542,24/06/2026,city scrape,Carlton West Modern Living | Designer 1BR,Audrey,"Ottawa, Canada",f,t,Kitchissippi,Entire rental unit,Entire home/apt,04/01/2027,04/02/2027,t,24/06/2026,10,10,7.0,6.0,3.0,6.0,2.0,45.0,-75.0,2.0,1.0,2.0,1.0,103.0,1626.0,103.0,30.0,365.0,12.0,29.0,53.0,235.5,22.0,1.0,1.0,4.0,4.0,4.0,4.0,4.0,4.0,1.0,2.0,1.0
2543,24/06/2026,city scrape,Bedroom#2 for professionals or students,Bella,"Gatineau, Canada",f,t,Somerset,Private room in home,Private room,13/07/2026,19/07/2026,t,24/06/2026,31/05/2026,18/06/2026,7.0,6.0,3.0,6.0,2.0,45.0,-75.0,2.0,1.0,2.0,1.0,103.0,1626.0,103.0,30.0,365.0,12.0,29.0,53.0,235.5,22.0,1.0,1.0,4.0,4.0,4.0,4.0,4.0,4.0,1.0,2.0,1.0
2544,24/06/2026,city scrape,Carlton West Modern Living | Modern 1BR,Audrey,"Ottawa, Canada",f,t,Kitchissippi,Entire rental unit,Entire home/apt,23/07/2026,23/08/2026,t,24/06/2026,10,10,7.0,6.0,3.0,6.0,2.0,45.0,-75.0,2.0,1.0,2.0,1.0,103.0,1626.0,103.0,30.0,365.0,12.0,29.0,53.0,235.5,22.0,1.0,1.0,4.0,4.0,4.0,4.0,4.0,4.0,1.0,2.0,1.0
2545,24/06/2026,city scrape,Indoor Swimming Pool • Upscale 6BR Getaway,Frank,"Ottawa, Canada",f,t,Rideau-Rockcliffe,Entire home,Entire home/apt,29/06/2026,01/07/2026,t,24/06/2026,29/03/2026,19/06/2026,7.0,6.0,3.0,6.0,2.0,45.0,-75.0,2.0,1.0,2.0,1.0,103.0,1626.0,103.0,30.0,365.0,12.0,29.0,53.0,235.5,22.0,1.0,1.0,4.0,4.0,4.0,4.0,4.0,4.0,1.0,2.0,1.0
2546,24/06/2026,city scrape,Modern & Spacious 3BR Home | Free Parking & Wi-Fi,Eddy,"Ottawa, Canada",f,t,Rideau-Goulbourn,Entire townhouse,Entire home/apt,27/06/2026,27/07/2026,t,24/06/2026,10,10,7.0,6.0,3.0,6.0,2.0,45.0,-75.0,2.0,1.0,2.0,1.0,103.0,1626.0,103.0,30.0,365.0,12.0,29.0,53.0,235.5,22.0,1.0,1.0,4.0,4.0,4.0,4.0,4.0,4.0,1.0,2.0,1.0
2547,24/06/2026,city scrape,Snug Room in Modern Home; Airport-Train-Casino-EY,Kris,"Ottawa, Canada",t,t,Gloucester-South Nepean,Private room in home,Private room,06/07/2026,07/07/2026,t,24/06/2026,15/04/2026,08/06/2026,7.0,4.0,0.0,4.0,3.0,45.0,-75.0,1.0,1.0,1.0,1.0,78.0,78.0,78.0,1.0,1125.0,4.0,4.0,4.0,4.0,14.0,14.0,0.0,4.0,4.0,4.0,4.0,4.0,4.0,5.0,3.0,0.0
2548,24/06/2026,city scrape,Bright King Suite - Walkable to Civic Hospital,Jenn,"Ottawa, Canada",t,t,Kitchissippi,Private room in rental unit,Private room,05/08/2026,04/09/2026,t,24/06/2026,10,10,1.0,1.0,0.0,11.0,7.0,45.0,-75.0,1.0,1.0,1.0,1.0,72.0,2188.0,72.0,30.0,365.0,8.0,26.0,56.0,146.0,0.0,0.0,0.0,4.0,4.0,4.0,4.0,4.0,4.0,1.0,5.0,4.0
2549,02/07/2026,previous scrape,Barrhaven Suite,Akram,"Ottawa, Canada",f,t,Barrhaven,Entire rental unit,Entire home/apt,0000-00-00,"""0000-00-00""",t,02/07/2026,10,10,1.0,1.0,1.0,1.0,1.0,45.0,-75.0,5.0,1.0,2.0,2.0,173.0,2246.0,173.0,2.0,365.0,0.0,0.0,0.0,0.0,0.0,0.0,0.0,4.0,4.0,4.0,4.0,4.0,4.0,1.0,1.0,1.0
2550,24/06/2026,city scrape,"Private 1BDR suite, kitchenette, 46TV & work space",Charbel,"Ottawa, Canada",f,t,Orleans,Entire home,Entire home/apt,24/06/2026,26/06/2026,t,24/06/2026,09/06/2026,24/06/2026,11.0,10.0,0.0,0.0,1.0,45.0,-75.0,2.0,1.0,1.0,1.0,144.0,288.0,144.0,2.0,27.0,13.0,41.0,54.0,329.0,4.0,4.0,0.0,4.0,4.0,4.0,4.0,4.0,4.0,4.0,1.0,1.0
2551,24/06/2026,city scrape,Grand 2-Bedroom Spacious Basement | Hunt Club,Jasmine,"Ottawa, Canada",t,t,Knoxdale-Merivale,Entire rental unit,Entire home/apt,10/07/2026,09/08/2026,t,24/06/2026,21/04/2026,21/04/2026,7.0,6.0,3.0,6.0,2.0,45.0,-75.0,2.0,1.0,2.0,1.0,103.0,1626.0,103.0,30.0,365.0,12.0,29.0,53.0,235.5,22.0,1.0,1.0,4.0,4.0,4.0,4.0,4.0,4.0,1.0,2.0,1.0
2552,24/06/2026,city scrape,Carlton West Modern Living | Stylish 1BR,Audrey,"Ottawa, Canada",f,t,Kitchissippi,Entire rental unit,Entire home/apt,24/06/2026,25/07/2026,t,24/06/2026,10,10,7.0,6.0,3.0,6.0,2.0,45.0,-75.0,2.0,1.0,2.0,1.0,103.0,1626.0,103.0,30.0,365.0,12.0,29.0,53.0,235.5,22.0,1.0,1.0,4.0,4.0,4.0,4.0,4.0,4.0,1.0,2.0,1.0
2553,24/06/2026,city scrape,Room available near Elgin st,Juliana,"Ottawa, Canada",f,t,Somerset,Private room in rental unit,Private room,24/06/2026,24/07/2026,t,24/06/2026,10,10,9.0,0.0,0.0,0.0,1.0,45.0,-75.0,1.0,1.0,1.0,1.0,68.0,2063.0,68.0,30.0,365.0,30.0,60.0,90.0,365.0,0.0,0.0,0.0,4.0,4.0,4.0,4.0,4.0,4.0,1.0,1.0,0.0
2554,24/06/2026,city scrape,Annie’s Suite for everyone!,Anne,"Ottawa, Canada",f,t,Rideau-Vanier,Entire rental unit,Entire home/apt,25/06/2026,25/07/2026,t,24/06/2026,10,10,0.0,3.0,0.0,3.0,1.0,45.0,-75.0,4.0,1.0,1.0,2.0,85.0,2551.0,85.0,30.0,365.0,29.0,59.0,89.0,89.0,0.0,0.0,0.0,4.0,4.0,4.0,4.0,4.0,4.0,1.0,1.0,1.0
2555,24/06/2026,city scrape,Spacious Downtown 2BR Steps from Byward Market,Sandra,"Ottawa, Canada",t,t,Rideau-Vanier,Entire home,Entire home/apt,08/08/2026,12/08/2026,t,24/06/2026,03/04/2026,08/06/2026,7.0,6.0,3.0,6.0,2.0,45.0,-75.0,2.0,1.0,2.0,1.0,103.0,1626.0,103.0,30.0,365.0,12.0,29.0,53.0,235.5,22.0,1.0,1.0,4.0,4.0,4.0,4.0,4.0,4.0,1.0,2.0,1.0
2556,24/06/2026,city scrape,Carlton West Modern Living | Urban 1BR,Audrey,"Ottawa, Canada",f,t,Kitchissippi,Entire rental unit,Entire home/apt,31/07/2026,31/08/2026,t,24/06/2026,10,10,7.0,6.0,3.0,6.0,2.0,45.0,-75.0,2.0,1.0,2.0,1.0,103.0,1626.0,103.0,30.0,365.0,12.0,29.0,53.0,235.5,22.0,1.0,1.0,4.0,4.0,4.0,4.0,4.0,4.0,1.0,2.0,1.0
2557,24/06/2026,city scrape,Modern Condo in the Heart of Westboro,Luis,"Gatineau, Canada",t,t,Kitchissippi,Entire rental unit,Entire home/apt,04/07/2026,03/08/2026,t,24/06/2026,02/05/2026,02/05/2026,7.0,6.0,3.0,6.0,2.0,45.0,-75.0,2.0,1.0,2.0,1.0,103.0,1626.0,103.0,30.0,365.0,12.0,29.0,53.0,235.5,22.0,1.0,1.0,4.0,4.0,4.0,4.0,4.0,4.0,1.0,2.0,1.0
2558,24/06/2026,city scrape,Charming loft in Sandy Hill – Near U Ottawa,Luis,"Gatineau, Canada",t,t,Rideau-Vanier,Entire rental unit,Entire home/apt,01/08/2026,01/09/2026,t,24/06/2026,08/06/2026,08/06/2026,7.0,6.0,3.0,6.0,2.0,45.0,-75.0,2.0,1.0,2.0,1.0,103.0,1626.0,103.0,30.0,365.0,12.0,29.0,53.0,235.5,22.0,1.0,1.0,4.0,4.0,4.0,4.0,4.0,4.0,1.0,2.0,1.0
2559,24/06/2026,city scrape,Single room in a shared two bedroom,Oluwaseyi,"Ottawa, Canada",f,t,Beacon Hill-Cyrville,Private room in home,Private room,24/06/2026,24/07/2026,t,24/06/2026,10,10,8.0,10.0,3.0,4.0,1.0,45.0,-75.0,1.0,1.0,1.0,1.0,38.0,1165.0,38.0,30.0,365.0,30.0,60.0,90.0,365.0,0.0,0.0,0.0,4.0,4.0,4.0,4.0,4.0,4.0,1.0,1.0,0.0
2560,24/06/2026,city scrape,Cozy 1-Bedroom Apartment Suite,Burak,"Ottawa, Canada",f,t,Bay,Entire guest suite,Entire home/apt,25/06/2026,25/07/2026,f,24/06/2026,10,10,4.0,10.0,2.0,4.0,1.0,45.0,-75.0,2.0,1.0,1.0,1.0,173.0,2246.0,173.0,30.0,60.0,29.0,59.0,89.0,364.0,0.0,0.0,0.0,4.0,4.0,4.0,4.0,4.0,4.0,1.0,1.0,1.0
2561,24/06/2026,city scrape,3BR Central Location • Near All Amenities • Cozy,Natalie,"Ottawa, Canada",f,t,College,Entire rental unit,Entire home/apt,01/11/2026,01/12/2026,t,24/06/2026,10,10,7.0,6.0,3.0,6.0,2.0,45.0,-75.0,2.0,1.0,2.0,1.0,103.0,1626.0,103.0,30.0,365.0,12.0,29.0,53.0,235.5,22.0,1.0,1.0,4.0,4.0,4.0,4.0,4.0,4.0,1.0,2.0,1.0
2562,24/06/2026,city scrape,Clean and Quiet Stay Near the Airport.,Mina,"Ottawa, Canada",f,t,Gloucester-Southgate,Private room in home,Private room,24/06/2026,24/07/2026,t,24/06/2026,10,10,0.0,3.0,0.0,2.0,5.0,45.0,-75.0,2.0,1.0,1.0,1.0,76.0,2290.0,76.0,30.0,100.0,30.0,60.0,90.0,365.0,0.0,0.0,0.0,4.0,4.0,4.0,4.0,4.0,4.0,1.0,5.0,0.0
2563,24/06/2026,city scrape,Cozy room with private bathroom,Anna,"Ottawa, Canada",f,t,Rideau-Goulbourn,Private room in townhouse,Private room,28/06/2026,29/06/2026,t,24/06/2026,17/03/2026,14/06/2026,7.0,6.0,3.0,6.0,2.0,45.0,-75.0,2.0,1.0,2.0,1.0,103.0,1626.0,103.0,30.0,365.0,12.0,29.0,53.0,235.5,22.0,1.0,1.0,4.0,4.0,4.0,4.0,4.0,4.0,1.0,2.0,1.0
2564,24/06/2026,city scrape,Double Bed for 1 Guest in Peaceful Space,Kelmany,"Ontario, Canada",t,t,Bay,Private room in home,Private room,09/07/2026,10/07/2026,t,24/06/2026,19/03/2026,08/06/2026,7.0,6.0,3.0,6.0,2.0,45.0,-75.0,2.0,1.0,2.0,1.0,103.0,1626.0,103.0,30.0,365.0,12.0,29.0,53.0,235.5,22.0,1.0,1.0,4.0,4.0,4.0,4.0,4.0,4.0,1.0,2.0,1.0
2565,24/06/2026,city scrape,Newly Updated MCM 3Bdr Apartment,Stefania,"Ottawa, Canada",f,t,College,Entire rental unit,Entire home/apt,01/11/2026,01/12/2026,t,24/06/2026,10,10,12.0,11.0,0.0,10.0,2.0,45.0,-75.0,5.0,1.0,3.0,3.0,109.0,3291.0,109.0,30.0,365.0,0.0,17.0,22.0,257.0,0.0,0.0,0.0,4.0,4.0,4.0,4.0,4.0,4.0,1.0,2.0,2.0
2566,24/06/2026,city scrape,Elegant Townhouse • Sleeps 8 • Prime Location,Leen,"Ottawa, Canada",f,t,Gloucester-South Nepean,Entire home,Entire home/apt,28/10/2026,27/11/2026,t,24/06/2026,10,10,7.0,6.0,3.0,6.0,2.0,45.0,-75.0,2.0,1.0,2.0,1.0,103.0,1626.0,103.0,30.0,365.0,12.0,29.0,53.0,235.5,22.0,1.0,1.0,4.0,4.0,4.0,4.0,4.0,4.0,1.0,2.0,1.0
2567,24/06/2026,city scrape,Private Room + Washroom Near uOttawa & Downtown,Stelle,"Ottawa, Canada",f,t,Capital,Private room in rental unit,Private room,29/06/2026,30/06/2026,t,24/06/2026,03/04/2026,21/06/2026,7.0,6.0,3.0,6.0,2.0,45.0,-75.0,2.0,1.0,2.0,1.0,103.0,1626.0,103.0,30.0,365.0,12.0,29.0,53.0,235.5,22.0,1.0,1.0,4.0,4.0,4.0,4.0,4.0,4.0,1.0,2.0,1.0
2568,24/06/2026,city scrape,Carlton West Modern Living | Comfort Stay 1BR,Audrey,"Ottawa, Canada",f,t,Kitchissippi,Entire rental unit,Entire home/apt,18/07/2026,18/08/2026,t,24/06/2026,10,10,7.0,6.0,3.0,6.0,2.0,45.0,-75.0,2.0,1.0,2.0,1.0,103.0,1626.0,103.0,30.0,365.0,12.0,29.0,53.0,235.5,22.0,1.0,1.0,4.0,4.0,4.0,4.0,4.0,4.0,1.0,2.0,1.0
2569,24/06/2026,city scrape,"Entire 1BR Suite Near TOH, CHEO & Central",Berkay,"Ottawa, Canada",f,t,Alta Vista,Entire rental unit,Entire home/apt,30/06/2026,01/07/2026,t,24/06/2026,23/06/2026,23/06/2026,7.0,6.0,3.0,6.0,2.0,45.0,-75.0,2.0,1.0,2.0,1.0,103.0,1626.0,103.0,30.0,365.0,12.0,29.0,53.0,235.5,22.0,1.0,1.0,4.0,4.0,4.0,4.0,4.0,4.0,1.0,2.0,1.0
2570,24/06/2026,city scrape,"Luxury Retreat w/ Pool, Hot Tub & Fire Pit",Todd,"Ottawa, Canada",f,t,Osgoode,Entire home,Entire home/apt,25/06/2026,25/07/2026,t,24/06/2026,10,10,7.0,6.0,3.0,6.0,2.0,45.0,-75.0,2.0,1.0,2.0,1.0,103.0,1626.0,103.0,30.0,365.0,12.0,29.0,53.0,235.5,22.0,1.0,1.0,4.0,4.0,4.0,4.0,4.0,4.0,1.0,2.0,1.0
2571,24/06/2026,city scrape,"199 Cathcart St, Perfect Downtown Ottawa Stay",Daniel,"Gatineau, Canada",t,t,Rideau-Vanier,Entire rental unit,Entire home/apt,21/07/2026,21/08/2026,t,24/06/2026,23/03/2026,16/06/2026,7.0,6.0,3.0,6.0,2.0,45.0,-75.0,2.0,1.0,2.0,1.0,103.0,1626.0,103.0,30.0,365.0,12.0,29.0,53.0,235.5,22.0,1.0,1.0,4.0,4.0,4.0,4.0,4.0,4.0,1.0,2.0,1.0
2572,24/06/2026,city scrape,"Downtown heritage home: backyard, parking, balcony",Andrew,"Ottawa, Canada",f,t,Somerset,Entire home,Entire home/apt,08/07/2026,09/07/2026,t,24/06/2026,05/04/2026,23/06/2026,7.0,6.0,3.0,6.0,2.0,45.0,-75.0,2.0,1.0,2.0,1.0,103.0,1626.0,103.0,30.0,365.0,12.0,29.0,53.0,235.5,22.0,1.0,1.0,4.0,4.0,4.0,4.0,4.0,4.0,1.0,2.0,1.0
2573,24/06/2026,city scrape,Chambre de luxe propre & moderne + espace partagé,Sergio,"Ottawa, Canada",f,t,Rideau-Rockcliffe,Private room in rental unit,Private room,03/08/2026,02/09/2026,t,24/06/2026,02/05/2026,02/05/2026,7.0,6.0,3.0,6.0,2.0,45.0,-75.0,2.0,1.0,2.0,1.0,103.0,1626.0,103.0,30.0,365.0,12.0,29.0,53.0,235.5,22.0,1.0,1.0,4.0,4.0,4.0,4.0,4.0,4.0,1.0,2.0,1.0
2574,24/06/2026,city scrape,Bright Studio steps from University of Ottawa,Luis,"Gatineau, Canada",t,t,Rideau-Vanier,Entire rental unit,Entire home/apt,31/07/2026,30/08/2026,t,24/06/2026,10,10,7.0,6.0,3.0,6.0,2.0,45.0,-75.0,2.0,1.0,2.0,1.0,103.0,1626.0,103.0,30.0,365.0,12.0,29.0,53.0,235.5,22.0,1.0,1.0,4.0,4.0,4.0,4.0,4.0,4.0,1.0,2.0,1.0
2575,24/06/2026,city scrape,Possibliss !,Possibliss,"Ottawa, Canada",f,t,Rideau-Rockcliffe,Entire home,Entire home/apt,27/06/2026,27/07/2026,t,24/06/2026,10,10,9.0,1.0,0.0,2.0,1.0,45.0,-75.0,4.0,1.0,2.0,2.0,136.0,4084.0,136.0,30.0,365.0,27.0,57.0,87.0,362.0,0.0,0.0,0.0,4.0,4.0,4.0,4.0,4.0,4.0,1.0,1.0,1.0
2576,24/06/2026,city scrape,Renovated Family Home with Parking,Azar,"Ottawa, Canada",f,t,Gloucester-Southgate,Entire home,Entire home/apt,01/08/2026,31/08/2026,t,24/06/2026,01/06/2026,01/06/2026,7.0,6.0,3.0,6.0,2.0,45.0,-75.0,2.0,1.0,2.0,1.0,103.0,1626.0,103.0,30.0,365.0,12.0,29.0,53.0,235.5,22.0,1.0,1.0,4.0,4.0,4.0,4.0,4.0,4.0,1.0,2.0,1.0
2577,24/06/2026,city scrape,Modern Studio w/ parking in Ottawa,Guillaume,"Ottawa, Canada",f,t,Beacon Hill-Cyrville,Entire rental unit,Entire home/apt,20/10/2026,20/11/2026,t,24/06/2026,10,10,7.0,6.0,3.0,6.0,2.0,45.0,-75.0,2.0,1.0,2.0,1.0,103.0,1626.0,103.0,30.0,365.0,12.0,29.0,53.0,235.5,22.0,1.0,1.0,4.0,4.0,4.0,4.0,4.0,4.0,1.0,2.0,1.0
2578,24/06/2026,city scrape,"Chic Studio w/ pool, gym, lounge",Guillaume,"Ottawa, Canada",f,t,Beacon Hill-Cyrville,Entire rental unit,Entire home/apt,20/07/2026,20/08/2026,t,24/06/2026,10,10,7.0,6.0,3.0,6.0,2.0,45.0,-75.0,2.0,1.0,2.0,1.0,103.0,1626.0,103.0,30.0,365.0,12.0,29.0,53.0,235.5,22.0,1.0,1.0,4.0,4.0,4.0,4.0,4.0,4.0,1.0,2.0,1.0
2579,24/06/2026,city scrape,"Cozy Studio w/ Pool, Gym, Lounge",Guillaume,"Ottawa, Canada",f,t,Beacon Hill-Cyrville,Entire rental unit,Entire home/apt,21/10/2026,21/11/2026,t,24/06/2026,02/05/2026,14/06/2026,7.0,6.0,3.0,6.0,2.0,45.0,-75.0,2.0,1.0,2.0,1.0,103.0,1626.0,103.0,30.0,365.0,12.0,29.0,53.0,235.5,22.0,1.0,1.0,4.0,4.0,4.0,4.0,4.0,4.0,1.0,2.0,1.0
2580,24/06/2026,city scrape,All-included Studio w/ parking,Guillaume,"Ottawa, Canada",f,t,Beacon Hill-Cyrville,Entire rental unit,Entire home/apt,23/10/2026,23/11/2026,t,24/06/2026,19/06/2026,19/06/2026,7.0,6.0,3.0,6.0,2.0,45.0,-75.0,2.0,1.0,2.0,1.0,103.0,1626.0,103.0,30.0,365.0,12.0,29.0,53.0,235.5,22.0,1.0,1.0,4.0,4.0,4.0,4.0,4.0,4.0,1.0,2.0,1.0
2581,24/06/2026,city scrape,"Lovely studio w/ pool, gym, lounge",Guillaume,"Ottawa, Canada",f,t,Beacon Hill-Cyrville,Entire rental unit,Entire home/apt,23/10/2026,23/11/2026,t,24/06/2026,10,10,7.0,6.0,3.0,6.0,2.0,45.0,-75.0,2.0,1.0,2.0,1.0,103.0,1626.0,103.0,30.0,365.0,12.0,29.0,53.0,235.5,22.0,1.0,1.0,4.0,4.0,4.0,4.0,4.0,4.0,1.0,2.0,1.0
2582,24/06/2026,city scrape,"Charme et lumière, bel appartement confortable",Sonia,"Ottawa, Canada",f,t,Innes,Entire rental unit,Entire home/apt,01/09/2026,01/10/2026,t,24/06/2026,10,10,2.0,7.0,0.0,2.0,1.0,45.0,-75.0,4.0,1.0,1.0,1.0,91.0,2759.0,91.0,30.0,365.0,0.0,0.0,21.0,296.0,0.0,0.0,0.0,4.0,4.0,4.0,4.0,4.0,4.0,1.0,1.0,1.0
2583,24/06/2026,city scrape,Carlton West Modern Living | Executive Stay 1BR,Audrey,"Ottawa, Canada",f,t,Kitchissippi,Entire rental unit,Entire home/apt,01/08/2026,01/09/2026,t,24/06/2026,10,10,7.0,6.0,3.0,6.0,2.0,45.0,-75.0,2.0,1.0,2.0,1.0,103.0,1626.0,103.0,30.0,365.0,12.0,29.0,53.0,235.5,22.0,1.0,1.0,4.0,4.0,4.0,4.0,4.0,4.0,1.0,2.0,1.0
2584,24/06/2026,city scrape,Spacious Studio | Best location to explore Ottawa!,Luis,"Gatineau, Canada",t,t,Somerset,Entire rental unit,Entire home/apt,08/07/2026,07/08/2026,t,24/06/2026,29/05/2026,29/05/2026,7.0,6.0,3.0,6.0,2.0,45.0,-75.0,2.0,1.0,2.0,1.0,103.0,1626.0,103.0,30.0,365.0,12.0,29.0,53.0,235.5,22.0,1.0,1.0,4.0,4.0,4.0,4.0,4.0,4.0,1.0,2.0,1.0
2585,24/06/2026,city scrape,Cozy 1-Bed Retreat Steps from ByWard Market,Erwin,"Ottawa, Canada",f,t,Rideau-Vanier,Entire rental unit,Entire home/apt,01/10/2026,31/10/2026,t,24/06/2026,10,10,7.0,6.0,3.0,6.0,2.0,45.0,-75.0,2.0,1.0,2.0,1.0,103.0,1626.0,103.0,30.0,365.0,12.0,29.0,53.0,235.5,22.0,1.0,1.0,4.0,4.0,4.0,4.0,4.0,4.0,1.0,2.0,1.0
2586,24/06/2026,city scrape,Urban Chic Studio Near ByWard Market,Erwin,"Ottawa, Canada",f,t,Rideau-Vanier,Entire rental unit,Entire home/apt,31/07/2026,30/08/2026,t,24/06/2026,10,10,7.0,6.0,3.0,6.0,2.0,45.0,-75.0,2.0,1.0,2.0,1.0,103.0,1626.0,103.0,30.0,365.0,12.0,29.0,53.0,235.5,22.0,1.0,1.0,4.0,4.0,4.0,4.0,4.0,4.0,1.0,2.0,1.0
2587,02/07/2026,previous scrape,Entire Lower Suite • Private Entrance • Canal,Aurora,"Ottawa, Canada",t,t,Capital,Entire home,Entire home/apt,02/07/2026,03/07/2026,t,02/07/2026,10/04/2026,18/06/2026,9.0,9.0,9.0,8.0,3.0,45.0,-75.0,1.0,1.0,1.0,2.0,177.0,177.0,177.0,1.0,365.0,14.0,14.0,14.0,14.0,10.0,10.0,0.0,4.0,4.0,4.0,4.0,4.0,4.0,3.0,3.0,3.0
2588,24/06/2026,city scrape,Bright and modern room near to Ottawa airpot.,Cedric,"Ottawa, Canada",f,t,Osgoode,Private room in home,Private room,24/06/2026,24/07/2026,t,24/06/2026,10,10,4.0,1.0,0.0,2.0,4.0,45.0,-75.0,2.0,1.0,1.0,1.0,69.0,2097.0,69.0,30.0,365.0,30.0,60.0,90.0,365.0,0.0,0.0,0.0,4.0,4.0,4.0,4.0,4.0,4.0,1.0,4.0,1.0
2589,24/06/2026,city scrape,Authentique Stylish Room!,Cedric,"Ottawa, Canada",f,t,Osgoode,Private room in home,Private room,24/06/2026,24/07/2026,t,24/06/2026,10,10,4.0,1.0,0.0,2.0,4.0,45.0,-75.0,2.0,1.0,1.0,1.0,69.0,2097.0,69.0,30.0,365.0,30.0,60.0,90.0,365.0,0.0,0.0,0.0,4.0,4.0,4.0,4.0,4.0,4.0,1.0,4.0,1.0
2590,24/06/2026,city scrape,Living in comfort in a stylish 3BR home!,Cedric,"Ottawa, Canada",f,t,Osgoode,Entire home,Entire home/apt,31/07/2026,30/08/2026,t,24/06/2026,10,10,7.0,6.0,3.0,6.0,2.0,45.0,-75.0,2.0,1.0,2.0,1.0,103.0,1626.0,103.0,30.0,365.0,12.0,29.0,53.0,235.5,22.0,1.0,1.0,4.0,4.0,4.0,4.0,4.0,4.0,1.0,2.0,1.0
2591,24/06/2026,city scrape,Cozy Private Basement Suite in a New & Quiet Home,Lizzy,"Ottawa, Canada",f,t,West Carleton-March,Private room in home,Private room,28/06/2026,01/07/2026,t,24/06/2026,03/04/2026,21/06/2026,5.0,3.0,0.0,2.0,3.0,45.0,-75.0,2.0,1.0,1.0,2.0,123.0,371.0,123.0,3.0,28.0,20.0,50.0,80.0,170.0,15.0,15.0,0.0,4.0,4.0,4.0,5.0,4.0,4.0,5.0,3.0,0.0
2592,24/06/2026,city scrape,The Bordeaux House,Jessica,"Ottawa, Canada",f,t,Kanata South,Entire townhouse,Entire home/apt,16/08/2026,15/09/2026,t,24/06/2026,10,10,7.0,6.0,3.0,6.0,2.0,45.0,-75.0,2.0,1.0,2.0,1.0,103.0,1626.0,103.0,30.0,365.0,12.0,29.0,53.0,235.5,22.0,1.0,1.0,4.0,4.0,4.0,4.0,4.0,4.0,1.0,2.0,1.0
2593,24/06/2026,city scrape,Cozy 2bedroom in Carlington,Mackenzie,"Ottawa, Canada",f,t,River,Entire home,Entire home/apt,01/01/2027,31/01/2027,t,24/06/2026,10,10,7.0,6.0,3.0,6.0,2.0,45.0,-75.0,2.0,1.0,2.0,1.0,103.0,1626.0,103.0,30.0,365.0,12.0,29.0,53.0,235.5,22.0,1.0,1.0,4.0,4.0,4.0,4.0,4.0,4.0,1.0,2.0,1.0
2594,24/06/2026,city scrape,Luxury master suite with private bath,Omotoke,"Ottawa, Canada",f,t,Osgoode,Private room in home,Private room,25/06/2026,25/07/2026,t,24/06/2026,10,10,0.0,11.0,0.0,2.0,1.0,45.0,-75.0,2.0,1.0,1.0,1.0,52.0,1566.0,52.0,30.0,365.0,29.0,59.0,89.0,364.0,0.0,0.0,0.0,4.0,4.0,4.0,4.0,4.0,4.0,1.0,1.0,0.0
2595,24/06/2026,city scrape,Studio Room near Ottawa Int’ Airport,Monoara,"Ottawa, Canada",f,t,River,Private room in home,Private room,24/06/2026,25/06/2026,t,24/06/2026,24/05/2026,14/06/2026,7.0,6.0,3.0,6.0,2.0,45.0,-75.0,2.0,1.0,2.0,1.0,103.0,1626.0,103.0,30.0,365.0,12.0,29.0,53.0,235.5,22.0,1.0,1.0,4.0,4.0,4.0,4.0,4.0,4.0,1.0,2.0,1.0
2596,24/06/2026,city scrape,Private Centretown Suite,Michael,"Ottawa, Canada",f,t,Somerset,Private room in rental unit,Private room,03/09/2026,03/10/2026,f,24/06/2026,10,10,0.0,2.0,0.0,2.0,2.0,45.0,-75.0,1.0,1.0,2.0,1.0,173.0,2246.0,173.0,30.0,365.0,0.0,0.0,19.0,294.0,0.0,0.0,0.0,4.0,4.0,4.0,4.0,4.0,4.0,1.0,2.0,0.0
2597,24/06/2026,city scrape,One Bed Two Bath w Parking in the Glebe - On Canal,Marc And Amanda,"Ottawa, Canada",f,t,Capital,Entire rental unit,Entire home/apt,01/03/2027,31/03/2027,t,24/06/2026,10,10,7.0,6.0,3.0,6.0,2.0,45.0,-75.0,2.0,1.0,2.0,1.0,103.0,1626.0,103.0,30.0,365.0,12.0,29.0,53.0,235.5,22.0,1.0,1.0,4.0,4.0,4.0,4.0,4.0,4.0,1.0,2.0,1.0
2598,24/06/2026,city scrape,Brand New Ensuite Near Airport & Casino,Pratap,"Ottawa, Canada",f,t,Gloucester-South Nepean,Private room in townhouse,Private room,29/06/2026,30/06/2026,t,24/06/2026,10/06/2026,21/06/2026,7.0,6.0,3.0,6.0,2.0,45.0,-75.0,2.0,1.0,2.0,1.0,103.0,1626.0,103.0,30.0,365.0,12.0,29.0,53.0,235.5,22.0,1.0,1.0,4.0,4.0,4.0,4.0,4.0,4.0,1.0,2.0,1.0
2599,24/06/2026,city scrape,Pirate Cove - Fantastic Outdoor Space!,Earl,"Ottawa, Canada",t,t,West Carleton-March,Private room in guest suite,Private room,24/06/2026,24/07/2026,t,24/06/2026,10,10,7.0,6.0,3.0,6.0,2.0,45.0,-75.0,2.0,1.0,2.0,1.0,103.0,1626.0,103.0,30.0,365.0,12.0,29.0,53.0,235.5,22.0,1.0,1.0,4.0,4.0,4.0,4.0,4.0,4.0,1.0,2.0,1.0
2600,24/06/2026,city scrape,Home with great pool !,Earl,"Ottawa, Canada",t,t,West Carleton-March,Entire home,Entire home/apt,24/06/2026,24/07/2026,t,24/06/2026,10,10,7.0,6.0,3.0,6.0,2.0,45.0,-75.0,2.0,1.0,2.0,1.0,103.0,1626.0,103.0,30.0,365.0,12.0,29.0,53.0,235.5,22.0,1.0,1.0,4.0,4.0,4.0,4.0,4.0,4.0,1.0,2.0,1.0
2601,24/06/2026,city scrape,Spacious 2-bedroom apartment,Shohanur,"Ottawa, Canada",f,t,Rideau-Rockcliffe,Entire rental unit,Entire home/apt,03/07/2026,06/07/2026,t,24/06/2026,10/05/2026,22/06/2026,0.0,2.0,0.0,2.0,1.0,45.0,-75.0,4.0,1.0,2.0,2.0,192.0,2246.0,173.0,19.0,1125.0,0.0,0.0,0.0,0.0,6.0,6.0,0.0,4.0,4.0,4.0,5.0,4.0,4.0,3.0,1.0,1.0
2602,24/06/2026,city scrape,Modern 1BR Retreat-Fully Furnished | 30+ Day Stay,Rick,"Ottawa, Canada",f,t,Alta Vista,Entire rental unit,Entire home/apt,01/07/2026,31/07/2026,t,24/06/2026,10,10,0.0,2.0,0.0,2.0,2.0,45.0,-75.0,2.0,1.0,1.0,1.0,144.0,4330.0,144.0,30.0,365.0,23.0,53.0,83.0,358.0,0.0,0.0,0.0,4.0,4.0,4.0,4.0,4.0,4.0,1.0,2.0,2.0
2603,24/06/2026,city scrape,Modern Cozy Room in a New Home,Lizzy,"Ottawa, Canada",f,t,West Carleton-March,Private room in home,Private room,24/06/2026,26/06/2026,t,24/06/2026,18/04/2026,21/06/2026,5.0,3.0,0.0,2.0,3.0,45.0,-75.0,1.0,1.0,1.0,1.0,108.0,217.0,108.0,2.0,365.0,18.0,31.0,61.0,61.0,5.0,5.0,0.0,4.0,4.0,4.0,4.0,4.0,4.0,2.0,3.0,0.0
2604,24/06/2026,city scrape,1 Bedroom Modern Unit for Extended Stays (No pets),Rick,"Ottawa, Canada",f,t,Alta Vista,Entire rental unit,Entire home/apt,24/07/2026,23/08/2026,t,24/06/2026,10,10,0.0,2.0,0.0,2.0,2.0,45.0,-75.0,2.0,1.0,2.0,1.0,115.0,3453.0,115.0,30.0,365.0,0.0,30.0,60.0,335.0,0.0,0.0,0.0,4.0,4.0,4.0,4.0,4.0,4.0,1.0,2.0,2.0
2605,24/06/2026,city scrape,Room 200 meters To UOttawa Train Station,Carlos,"Ottawa, Canada",f,t,Rideau-Vanier,Private room in rental unit,Private room,24/06/2026,26/06/2026,t,24/06/2026,03/05/2026,14/05/2026,7.0,6.0,3.0,6.0,2.0,45.0,-75.0,2.0,1.0,2.0,1.0,103.0,1626.0,103.0,30.0,365.0,12.0,29.0,53.0,235.5,22.0,1.0,1.0,4.0,4.0,4.0,4.0,4.0,4.0,1.0,2.0,1.0
2606,24/06/2026,city scrape,Award-Winning 2BR Hilltop Suite in Nepean | WFH,Ata,"Ottawa, Canada",f,t,Knoxdale-Merivale,Entire home,Entire home/apt,29/06/2026,02/07/2026,t,24/06/2026,20/04/2026,18/06/2026,7.0,6.0,3.0,6.0,2.0,45.0,-75.0,2.0,1.0,2.0,1.0,103.0,1626.0,103.0,30.0,365.0,12.0,29.0,53.0,235.5,22.0,1.0,1.0,4.0,4.0,4.0,4.0,4.0,4.0,1.0,2.0,1.0
2607,24/06/2026,city scrape,Modern 1-Bed Apartment Near ByWard Market,Erwin,"Ottawa, Canada",f,t,Rideau-Vanier,Entire rental unit,Entire home/apt,01/05/2027,31/05/2027,t,24/06/2026,31/05/2026,31/05/2026,7.0,6.0,3.0,6.0,2.0,45.0,-75.0,2.0,1.0,2.0,1.0,103.0,1626.0,103.0,30.0,365.0,12.0,29.0,53.0,235.5,22.0,1.0,1.0,4.0,4.0,4.0,4.0,4.0,4.0,1.0,2.0,1.0
2608,24/06/2026,city scrape,Rideau Gardens Home,Anne,"Ottawa, Canada",f,t,Capital,Entire home,Entire home/apt,13/04/2027,13/05/2027,t,24/06/2026,10,10,7.0,6.0,3.0,6.0,2.0,45.0,-75.0,2.0,1.0,2.0,1.0,103.0,1626.0,103.0,30.0,365.0,12.0,29.0,53.0,235.5,22.0,1.0,1.0,4.0,4.0,4.0,4.0,4.0,4.0,1.0,2.0,1.0
2609,24/06/2026,city scrape,"Private, Modern Guest Suite in Ottawa",Erick,"Ottawa, Canada",t,t,Gloucester-South Nepean,Entire guest suite,Entire home/apt,29/06/2026,30/06/2026,t,24/06/2026,26/04/2026,19/06/2026,7.0,6.0,3.0,6.0,2.0,45.0,-75.0,2.0,1.0,2.0,1.0,103.0,1626.0,103.0,30.0,365.0,12.0,29.0,53.0,235.5,22.0,1.0,1.0,4.0,4.0,4.0,4.0,4.0,4.0,1.0,2.0,1.0
2610,24/06/2026,city scrape,5 BR House in Nepean–Near Algonquin College,Sarah And Sy,"Ottawa, Canada",t,t,College,Entire bungalow,Entire home/apt,17/07/2026,16/08/2026,t,24/06/2026,10,10,7.0,6.0,3.0,6.0,2.0,45.0,-75.0,2.0,1.0,2.0,1.0,103.0,1626.0,103.0,30.0,365.0,12.0,29.0,53.0,235.5,22.0,1.0,1.0,4.0,4.0,4.0,4.0,4.0,4.0,1.0,2.0,1.0
2611,24/06/2026,city scrape,Tiny Room 220 meters from University Of Ottawa,Carlos,"Ottawa, Canada",f,t,Rideau-Vanier,Private room in rental unit,Private room,24/06/2026,26/06/2026,t,24/06/2026,24/05/2026,30/05/2026,7.0,6.0,3.0,6.0,2.0,45.0,-75.0,2.0,1.0,2.0,1.0,103.0,1626.0,103.0,30.0,365.0,12.0,29.0,53.0,235.5,22.0,1.0,1.0,4.0,4.0,4.0,4.0,4.0,4.0,1.0,2.0,1.0
2612,24/06/2026,city scrape,Super one bedroom unit to relax,Victor,"Ottawa, Canada",f,t,Innes,Entire home,Entire home/apt,24/06/2026,24/07/2026,t,24/06/2026,10,10,7.0,6.0,3.0,6.0,2.0,45.0,-75.0,2.0,1.0,2.0,1.0,103.0,1626.0,103.0,30.0,365.0,12.0,29.0,53.0,235.5,22.0,1.0,1.0,4.0,4.0,4.0,4.0,4.0,4.0,1.0,2.0,1.0
2613,24/06/2026,city scrape,Sapling Grove Escape,Christo,"Ottawa, Canada",f,t,Barrhaven,Entire home,Entire home/apt,11/08/2026,10/09/2026,t,24/06/2026,29/05/2026,29/05/2026,7.0,6.0,3.0,6.0,2.0,45.0,-75.0,2.0,1.0,2.0,1.0,103.0,1626.0,103.0,30.0,365.0,12.0,29.0,53.0,235.5,22.0,1.0,1.0,4.0,4.0,4.0,4.0,4.0,4.0,1.0,2.0,1.0
2614,24/06/2026,city scrape,Stylish Bedroom in Findlay Creek (brand new house),Simon,"Ottawa, Canada",f,t,Osgoode,Private room in home,Private room,25/06/2026,25/07/2026,t,24/06/2026,10,10,0.0,8.0,0.0,8.0,2.0,45.0,-75.0,1.0,1.0,2.0,1.0,48.0,1453.0,48.0,30.0,180.0,29.0,59.0,89.0,364.0,0.0,0.0,0.0,4.0,4.0,4.0,4.0,4.0,4.0,1.0,2.0,1.0
2615,24/06/2026,city scrape,Downtown Studio | 5 Mins to U Ottawa,Luis,"Gatineau, Canada",t,t,Rideau-Vanier,Entire rental unit,Entire home/apt,16/07/2026,15/08/2026,t,24/06/2026,10,10,7.0,6.0,3.0,6.0,2.0,45.0,-75.0,2.0,1.0,2.0,1.0,103.0,1626.0,103.0,30.0,365.0,12.0,29.0,53.0,235.5,22.0,1.0,1.0,4.0,4.0,4.0,4.0,4.0,4.0,1.0,2.0,1.0
2616,24/06/2026,city scrape,Cozy Downtown Studio | 5 min to U of Ottawa,Luis,"Gatineau, Canada",t,t,Rideau-Vanier,Entire rental unit,Entire home/apt,24/06/2026,24/07/2026,t,24/06/2026,10,10,7.0,6.0,3.0,6.0,2.0,45.0,-75.0,2.0,1.0,2.0,1.0,103.0,1626.0,103.0,30.0,365.0,12.0,29.0,53.0,235.5,22.0,1.0,1.0,4.0,4.0,4.0,4.0,4.0,4.0,1.0,2.0,1.0
2617,24/06/2026,city scrape,Tiny Room 200 Meter From Campus and UOttawa Train,Carlos,"Ottawa, Canada",f,t,Rideau-Vanier,Private room in rental unit,Private room,24/06/2026,27/06/2026,t,24/06/2026,03/05/2026,11/05/2026,7.0,6.0,3.0,6.0,2.0,45.0,-75.0,2.0,1.0,2.0,1.0,103.0,1626.0,103.0,30.0,365.0,12.0,29.0,53.0,235.5,22.0,1.0,1.0,4.0,4.0,4.0,4.0,4.0,4.0,1.0,2.0,1.0
2618,24/06/2026,city scrape,KASHY HOMES-Stunning single family home,Kashy,"Ottawa, Canada",t,t,Cumberland,Entire home,Entire home/apt,01/07/2026,31/07/2026,t,24/06/2026,10,10,7.0,6.0,3.0,6.0,2.0,45.0,-75.0,2.0,1.0,2.0,1.0,103.0,1626.0,103.0,30.0,365.0,12.0,29.0,53.0,235.5,22.0,1.0,1.0,4.0,4.0,4.0,4.0,4.0,4.0,1.0,2.0,1.0
2619,24/06/2026,city scrape,Home Sweet Home,Etin,"Ottawa, Canada",t,t,Stittsville-Kanata West,Entire home,Entire home/apt,07/07/2026,06/08/2026,t,24/06/2026,10,10,7.0,6.0,3.0,6.0,2.0,45.0,-75.0,2.0,1.0,2.0,1.0,103.0,1626.0,103.0,30.0,365.0,12.0,29.0,53.0,235.5,22.0,1.0,1.0,4.0,4.0,4.0,4.0,4.0,4.0,1.0,2.0,1.0
2620,24/06/2026,city scrape,Central Ottawa Studio | AC | Near U Ottawa,Luis,"Gatineau, Canada",t,t,Rideau-Vanier,Entire rental unit,Entire home/apt,14/08/2026,13/09/2026,t,24/06/2026,10,10,7.0,6.0,3.0,6.0,2.0,45.0,-75.0,2.0,1.0,2.0,1.0,103.0,1626.0,103.0,30.0,365.0,12.0,29.0,53.0,235.5,22.0,1.0,1.0,4.0,4.0,4.0,4.0,4.0,4.0,1.0,2.0,1.0
2621,24/06/2026,city scrape,"Big and Clean Room, Perfect Lighting,",Mina,"Ottawa, Canada",f,t,Gloucester-Southgate,Private room in home,Private room,24/06/2026,24/07/2026,t,24/06/2026,10,10,0.0,3.0,0.0,2.0,5.0,45.0,-75.0,2.0,1.0,1.0,1.0,65.0,1958.0,65.0,30.0,100.0,30.0,60.0,90.0,365.0,0.0,0.0,0.0,4.0,4.0,4.0,4.0,4.0,4.0,1.0,5.0,0.0
2622,24/06/2026,city scrape,"Clean, big room in a nice neighbourhood.",Mina,"Ottawa, Canada",f,t,Gloucester-Southgate,Private room in home,Private room,24/06/2026,24/07/2026,t,24/06/2026,10,10,0.0,3.0,0.0,2.0,5.0,45.0,-75.0,2.0,1.0,1.0,1.0,65.0,1958.0,65.0,30.0,100.0,30.0,60.0,90.0,365.0,0.0,0.0,0.0,4.0,4.0,4.0,4.0,4.0,4.0,1.0,5.0,0.0
2623,24/06/2026,city scrape,Cozy room in a convenient neighborhood.,Mina,"Ottawa, Canada",f,t,Gloucester-Southgate,Private room in home,Private room,24/06/2026,24/07/2026,t,24/06/2026,10,10,0.0,3.0,0.0,2.0,5.0,45.0,-75.0,2.0,1.0,1.0,1.0,65.0,1958.0,65.0,30.0,100.0,30.0,60.0,90.0,365.0,0.0,0.0,0.0,4.0,4.0,4.0,4.0,4.0,4.0,1.0,5.0,0.0
2624,24/06/2026,city scrape,Spacious room in a beautiful house,Mina,"Ottawa, Canada",f,t,Gloucester-Southgate,Private room in home,Private room,24/06/2026,24/07/2026,t,24/06/2026,10,10,0.0,3.0,0.0,2.0,5.0,45.0,-75.0,2.0,1.0,1.0,1.0,65.0,1958.0,65.0,30.0,100.0,30.0,60.0,90.0,365.0,0.0,0.0,0.0,4.0,4.0,4.0,4.0,4.0,4.0,1.0,5.0,0.0
2625,24/06/2026,city scrape,"Chambre privée , centre‑ville proche UOttawa",Nissrine,"Ottawa, Canada",f,t,Rideau-Vanier,Private room in rental unit,Private room,24/06/2026,24/07/2026,t,24/06/2026,10,10,0.0,2.0,0.0,2.0,1.0,45.0,-75.0,1.0,1.0,1.0,1.0,35.0,1061.0,35.0,30.0,90.0,30.0,60.0,90.0,90.0,0.0,0.0,0.0,4.0,4.0,4.0,4.0,4.0,4.0,1.0,1.0,0.0
2626,24/06/2026,city scrape,Carlton West Modern Living | Signature 1BR,Audrey,"Ottawa, Canada",f,t,Kitchissippi,Entire rental unit,Entire home/apt,24/07/2026,24/08/2026,t,24/06/2026,10,10,7.0,6.0,3.0,6.0,2.0,45.0,-75.0,2.0,1.0,2.0,1.0,103.0,1626.0,103.0,30.0,365.0,12.0,29.0,53.0,235.5,22.0,1.0,1.0,4.0,4.0,4.0,4.0,4.0,4.0,1.0,2.0,1.0
2627,24/06/2026,city scrape,Boutique Style Ensuite Room Near Ottawa,Manuela,"Ottawa, Canada",f,t,Rideau-Goulbourn,Private room in home,Private room,26/07/2026,27/07/2026,t,24/06/2026,08/05/2026,22/06/2026,7.0,6.0,3.0,6.0,2.0,45.0,-75.0,2.0,1.0,2.0,1.0,103.0,1626.0,103.0,30.0,365.0,12.0,29.0,53.0,235.5,22.0,1.0,1.0,4.0,4.0,4.0,4.0,4.0,4.0,1.0,2.0,1.0
2628,24/06/2026,city scrape,"Home near parliament, Nonsmoker Only",Audet,"Ottawa, Canada",f,t,Somerset,Entire rental unit,Entire home/apt,24/06/2026,29/06/2026,t,24/06/2026,10,10,2.0,2.0,1.0,4.0,2.0,45.0,-75.0,1.0,1.0,1.0,1.0,182.0,912.0,182.0,5.0,60.0,30.0,60.0,90.0,365.0,0.0,0.0,0.0,4.0,4.0,4.0,4.0,4.0,4.0,1.0,2.0,2.0
2629,24/06/2026,city scrape,A beautiful Oasis in a quiet area,Juliana,"Clarence-Rockland, Canada",f,t,Innes,Entire rental unit,Entire home/apt,24/06/2026,24/07/2026,f,24/06/2026,10,10,6.0,7.0,1.0,10.0,1.0,45.0,-75.0,2.0,1.0,1.0,1.0,173.0,2246.0,173.0,30.0,365.0,30.0,60.0,90.0,365.0,0.0,0.0,0.0,4.0,4.0,4.0,4.0,4.0,4.0,1.0,1.0,1.0
2630,24/06/2026,city scrape,Comfortable and private stay for weeks or months.,Mohtashim,"Ottawa, Canada",f,t,Kanata South,Entire home,Entire home/apt,24/06/2026,24/07/2026,t,24/06/2026,10,10,8.0,10.0,2.0,11.0,1.0,45.0,-75.0,4.0,1.0,3.0,2.0,123.0,3691.0,123.0,30.0,365.0,30.0,60.0,90.0,365.0,0.0,0.0,0.0,4.0,4.0,4.0,4.0,4.0,4.0,1.0,1.0,1.0
2631,24/06/2026,city scrape,Home Away from Home |Beautiful Cozy Room,Lizzy,"Ottawa, Canada",f,t,West Carleton-March,Private room in home,Private room,03/07/2026,05/07/2026,t,24/06/2026,16/05/2026,03/06/2026,7.0,6.0,3.0,6.0,2.0,45.0,-75.0,2.0,1.0,2.0,1.0,103.0,1626.0,103.0,30.0,365.0,12.0,29.0,53.0,235.5,22.0,1.0,1.0,4.0,4.0,4.0,4.0,4.0,4.0,1.0,2.0,1.0
2632,24/06/2026,city scrape,Rideau Canal Townhouse,Melissa And Will,"Ottawa, Canada",f,t,River,Private room in home,Private room,25/06/2026,25/07/2026,t,24/06/2026,10,10,10.0,0.0,8.0,4.0,2.0,45.0,-75.0,4.0,1.0,1.0,2.0,45.0,1353.0,45.0,30.0,365.0,29.0,59.0,89.0,179.0,0.0,0.0,0.0,4.0,4.0,4.0,4.0,4.0,4.0,1.0,1.0,0.0
2633,24/06/2026,city scrape,Bachelor room,Kien,"Ottawa, Canada",f,t,Stittsville-Kanata West,Private room in home,Private room,17/09/2026,17/10/2026,t,24/06/2026,10,10,10.0,4.0,8.0,7.0,1.0,45.0,-75.0,2.0,1.0,1.0,1.0,49.0,1484.0,49.0,30.0,365.0,9.0,9.0,14.0,289.0,0.0,0.0,0.0,4.0,4.0,4.0,4.0,4.0,4.0,1.0,1.0,0.0
2634,24/06/2026,city scrape,Convenient & Travel-Friendly,Tina,"Ottawa, Canada",f,t,Rideau-Vanier,Entire rental unit,Entire home/apt,01/08/2026,03/08/2026,t,24/06/2026,10,10,0.0,1.0,0.0,1.0,1.0,45.0,-75.0,2.0,1.0,1.0,1.0,129.0,258.0,129.0,2.0,365.0,0.0,15.0,45.0,318.0,0.0,0.0,0.0,4.0,4.0,4.0,4.0,4.0,4.0,1.0,1.0,1.0
2635,24/06/2026,city scrape,2-BR Tropical Boho-Chic Gem in Ottawa's Heart,Y,"Ottawa, Canada",f,t,Rideau-Rockcliffe,Entire rental unit,Entire home/apt,31/07/2026,30/08/2026,t,24/06/2026,10,10,0.0,1.0,0.0,1.0,1.0,45.0,-75.0,4.0,1.0,2.0,2.0,122.0,3674.0,122.0,30.0,365.0,7.0,30.0,60.0,335.0,0.0,0.0,0.0,4.0,4.0,4.0,4.0,4.0,4.0,1.0,1.0,1.0
2636,24/06/2026,city scrape,1 Guest in Quiet Home - Double Bed/Shared Bathroom,Kelmany,"Ontario, Canada",t,t,Bay,Private room in home,Private room,08/07/2026,09/07/2026,t,24/06/2026,08/05/2026,07/06/2026,7.0,6.0,3.0,6.0,2.0,45.0,-75.0,2.0,1.0,2.0,1.0,103.0,1626.0,103.0,30.0,365.0,12.0,29.0,53.0,235.5,22.0,1.0,1.0,4.0,4.0,4.0,4.0,4.0,4.0,1.0,2.0,1.0
2637,24/06/2026,city scrape,Updated 4 BR Home + Garage - CHEO/General Hospital,Debbie,"Ottawa, Canada",f,t,Alta Vista,Entire home,Entire home/apt,13/10/2026,12/11/2026,t,24/06/2026,10,10,7.0,6.0,3.0,6.0,2.0,45.0,-75.0,2.0,1.0,2.0,1.0,103.0,1626.0,103.0,30.0,365.0,12.0,29.0,53.0,235.5,22.0,1.0,1.0,4.0,4.0,4.0,4.0,4.0,4.0,1.0,2.0,1.0
2638,24/06/2026,city scrape,Family Bungalow-Dwtn 16 min-Shops 2-Monthly Rental,Mohammad,"Ottawa, Canada",t,t,Knoxdale-Merivale,Entire home,Entire home/apt,31/07/2026,31/08/2026,t,24/06/2026,10,10,7.0,6.0,3.0,6.0,2.0,45.0,-75.0,2.0,1.0,2.0,1.0,103.0,1626.0,103.0,30.0,365.0,12.0,29.0,53.0,235.5,22.0,1.0,1.0,4.0,4.0,4.0,4.0,4.0,4.0,1.0,2.0,1.0
2639,24/06/2026,city scrape,Stylish 1BR Retreat Minutes to Downtown Ottawa,Chloe,"Ottawa, Canada",f,t,Rideau-Rockcliffe,Entire rental unit,Entire home/apt,03/08/2026,02/09/2026,t,24/06/2026,10,10,6.0,4.0,0.0,1.0,1.0,45.0,-75.0,4.0,1.0,1.0,2.0,78.0,2346.0,78.0,30.0,92.0,0.0,20.0,50.0,140.0,0.0,0.0,0.0,4.0,4.0,4.0,4.0,4.0,4.0,1.0,1.0,1.0
2640,24/06/2026,city scrape,Budget home: Dwtn 16 min. Shops 2. Monthly Rental.,Mohammad,"Ottawa, Canada",t,t,Knoxdale-Merivale,Entire rental unit,Entire home/apt,01/07/2026,01/08/2026,t,24/06/2026,10,10,7.0,6.0,3.0,6.0,2.0,45.0,-75.0,2.0,1.0,2.0,1.0,103.0,1626.0,103.0,30.0,365.0,12.0,29.0,53.0,235.5,22.0,1.0,1.0,4.0,4.0,4.0,4.0,4.0,4.0,1.0,2.0,1.0
2641,24/06/2026,city scrape,Steps to Uottawa,Carlos,"Ottawa, Canada",f,t,Rideau-Vanier,Private room in rental unit,Private room,24/06/2026,24/07/2026,t,24/06/2026,10,10,7.0,6.0,3.0,6.0,2.0,45.0,-75.0,2.0,1.0,2.0,1.0,103.0,1626.0,103.0,30.0,365.0,12.0,29.0,53.0,235.5,22.0,1.0,1.0,4.0,4.0,4.0,4.0,4.0,4.0,1.0,2.0,1.0
2642,24/06/2026,city scrape,Room single bed few meters away from Uottawa,Carlos,"Ottawa, Canada",f,t,Rideau-Vanier,Private room in rental unit,Private room,24/06/2026,25/06/2026,t,24/06/2026,14/05/2026,21/05/2026,7.0,6.0,3.0,6.0,2.0,45.0,-75.0,2.0,1.0,2.0,1.0,103.0,1626.0,103.0,30.0,365.0,12.0,29.0,53.0,235.5,22.0,1.0,1.0,4.0,4.0,4.0,4.0,4.0,4.0,1.0,2.0,1.0
2643,24/06/2026,city scrape,Votre nid douillet à proximité d'absolument tout.,Brigitte,"Ottawa, Canada",f,t,Rideau-Vanier,Entire rental unit,Entire home/apt,15/07/2026,14/08/2026,t,24/06/2026,10,10,10.0,4.0,3.0,11.0,1.0,45.0,-75.0,2.0,1.0,1.0,2.0,76.0,2298.0,76.0,30.0,1125.0,9.0,39.0,48.0,198.0,0.0,0.0,0.0,4.0,4.0,4.0,4.0,4.0,4.0,1.0,1.0,1.0
2644,24/06/2026,city scrape,"New Fresh 2BR Apt, Free Parking, Prime Location",Anna,"Richmond Hill, Canada",f,t,Kitchissippi,Entire rental unit,Entire home/apt,08/08/2026,07/09/2026,t,24/06/2026,10,10,12.0,3.0,2.0,10.0,1.0,45.0,-75.0,5.0,1.0,2.0,3.0,148.0,4462.0,148.0,30.0,365.0,0.0,15.0,45.0,225.0,0.0,0.0,0.0,4.0,4.0,4.0,4.0,4.0,4.0,1.0,1.0,1.0
2645,24/06/2026,city scrape,A lovely room with a private washroom in basement,Olushola,"Ottawa, Canada",f,t,Gloucester-South Nepean,Private room in home,Private room,28/06/2026,29/06/2026,t,24/06/2026,10/05/2026,24/05/2026,7.0,6.0,3.0,6.0,2.0,45.0,-75.0,2.0,1.0,2.0,1.0,103.0,1626.0,103.0,30.0,365.0,12.0,29.0,53.0,235.5,22.0,1.0,1.0,4.0,4.0,4.0,4.0,4.0,4.0,1.0,2.0,1.0
2646,24/06/2026,city scrape,"Cozy apartment near DT/St-Laurent - Wi-fi, Parking",Yann,"Ottawa, Canada",t,t,Alta Vista,Entire home,Entire home/apt,06/07/2026,07/07/2026,t,24/06/2026,10/06/2026,10/06/2026,7.0,6.0,3.0,6.0,2.0,45.0,-75.0,2.0,1.0,2.0,1.0,103.0,1626.0,103.0,30.0,365.0,12.0,29.0,53.0,235.5,22.0,1.0,1.0,4.0,4.0,4.0,4.0,4.0,4.0,1.0,2.0,1.0
2647,24/06/2026,city scrape,Carlton West Modern Living | Vista 1BR,Audrey,"Ottawa, Canada",f,t,Kitchissippi,Entire rental unit,Entire home/apt,31/12/2026,31/01/2027,t,24/06/2026,10,10,7.0,6.0,3.0,6.0,2.0,45.0,-75.0,2.0,1.0,2.0,1.0,103.0,1626.0,103.0,30.0,365.0,12.0,29.0,53.0,235.5,22.0,1.0,1.0,4.0,4.0,4.0,4.0,4.0,4.0,1.0,2.0,1.0
2648,24/06/2026,city scrape,Luxury Living in the Heart of Westboro,Bianca,"Ottawa, Canada",f,t,Kitchissippi,Entire home,Entire home/apt,24/06/2026,24/07/2026,t,24/06/2026,10,10,7.0,6.0,3.0,6.0,2.0,45.0,-75.0,2.0,1.0,2.0,1.0,103.0,1626.0,103.0,30.0,365.0,12.0,29.0,53.0,235.5,22.0,1.0,1.0,4.0,4.0,4.0,4.0,4.0,4.0,1.0,2.0,1.0
2649,24/06/2026,city scrape,Comfortable double room meters away from Uottawa,Carlos,"Ottawa, Canada",f,t,Rideau-Vanier,Private room in rental unit,Private room,27/06/2026,29/06/2026,t,24/06/2026,10,10,7.0,6.0,3.0,6.0,2.0,45.0,-75.0,2.0,1.0,2.0,1.0,103.0,1626.0,103.0,30.0,365.0,12.0,29.0,53.0,235.5,22.0,1.0,1.0,4.0,4.0,4.0,4.0,4.0,4.0,1.0,2.0,1.0
2650,24/06/2026,city scrape,Boutique Style Suite in The Glebe,Short And Suite BnB,"Ottawa, Canada",t,t,Capital,Entire rental unit,Entire home/apt,01/01/2027,31/01/2027,t,24/06/2026,10,10,7.0,6.0,3.0,6.0,2.0,45.0,-75.0,2.0,1.0,2.0,1.0,103.0,1626.0,103.0,30.0,365.0,12.0,29.0,53.0,235.5,22.0,1.0,1.0,4.0,4.0,4.0,4.0,4.0,4.0,1.0,2.0,1.0
2651,24/06/2026,city scrape,Lovely 3 - Bed Townhouse.,Favour Janada,"Ottawa, Canada",f,t,Cumberland,Entire home,Entire home/apt,30/08/2026,29/09/2026,t,24/06/2026,10,10,7.0,6.0,3.0,6.0,2.0,45.0,-75.0,2.0,1.0,2.0,1.0,103.0,1626.0,103.0,30.0,365.0,12.0,29.0,53.0,235.5,22.0,1.0,1.0,4.0,4.0,4.0,4.0,4.0,4.0,1.0,2.0,1.0
2652,24/06/2026,city scrape,Condo in the heart of Westboro,Luis,"Gatineau, Canada",t,t,Kitchissippi,Entire rental unit,Entire home/apt,17/07/2026,16/08/2026,t,24/06/2026,10,10,7.0,6.0,3.0,6.0,2.0,45.0,-75.0,2.0,1.0,2.0,1.0,103.0,1626.0,103.0,30.0,365.0,12.0,29.0,53.0,235.5,22.0,1.0,1.0,4.0,4.0,4.0,4.0,4.0,4.0,1.0,2.0,1.0
2653,24/06/2026,city scrape,Parking Included- Studio in the Heart of Ottawa,Luis,"Gatineau, Canada",t,t,Somerset,Entire rental unit,Entire home/apt,15/07/2026,14/08/2026,t,24/06/2026,10,10,7.0,6.0,3.0,6.0,2.0,45.0,-75.0,2.0,1.0,2.0,1.0,103.0,1626.0,103.0,30.0,365.0,12.0,29.0,53.0,235.5,22.0,1.0,1.0,4.0,4.0,4.0,4.0,4.0,4.0,1.0,2.0,1.0
2654,02/07/2026,previous scrape,"Duplex near the Parliament Hill, Non Smoker",Audet,"Ottawa, Canada",f,t,Somerset,Entire home,Entire home/apt,02/07/2026,07/07/2026,t,02/07/2026,10,10,2.0,2.0,1.0,4.0,2.0,45.0,-75.0,2.0,1.0,1.0,2.0,166.0,833.0,166.0,5.0,180.0,30.0,60.0,90.0,270.0,0.0,0.0,0.0,4.0,4.0,4.0,4.0,4.0,4.0,1.0,2.0,2.0
2655,24/06/2026,city scrape,Executive Condo Suite,Nancy,"Victoria, Canada",f,t,Rideau-Vanier,Entire rental unit,Entire home/apt,21/08/2026,20/09/2026,t,24/06/2026,10,10,7.0,6.0,3.0,6.0,2.0,45.0,-75.0,2.0,1.0,2.0,1.0,103.0,1626.0,103.0,30.0,365.0,12.0,29.0,53.0,235.5,22.0,1.0,1.0,4.0,4.0,4.0,4.0,4.0,4.0,1.0,2.0,1.0
2656,24/06/2026,city scrape,Settle in: A serene bedroom + workstation,Funmi,"Ottawa, Canada",t,t,Stittsville-Kanata West,Private room in home,Private room,05/07/2026,12/07/2026,t,24/06/2026,10,10,5.0,2.0,2.0,7.0,6.0,45.0,-75.0,2.0,1.0,1.0,1.0,75.0,529.0,75.0,7.0,365.0,23.0,47.0,77.0,352.0,0.0,0.0,0.0,4.0,4.0,4.0,4.0,4.0,4.0,1.0,6.0,0.0
2657,24/06/2026,city scrape,Condo in the heart of Westboro,Luis,"Gatineau, Canada",t,t,Kitchissippi,Entire rental unit,Entire home/apt,31/07/2026,30/08/2026,t,24/06/2026,10,10,7.0,6.0,3.0,6.0,2.0,45.0,-75.0,2.0,1.0,2.0,1.0,103.0,1626.0,103.0,30.0,365.0,12.0,29.0,53.0,235.5,22.0,1.0,1.0,4.0,4.0,4.0,4.0,4.0,4.0,1.0,2.0,1.0
2658,24/06/2026,city scrape,Spacious Apartment near University of Ottawa,Luis,"Gatineau, Canada",t,t,Rideau-Vanier,Entire rental unit,Entire home/apt,22/05/2027,21/06/2027,t,24/06/2026,10,10,7.0,6.0,3.0,6.0,2.0,45.0,-75.0,2.0,1.0,2.0,1.0,103.0,1626.0,103.0,30.0,365.0,12.0,29.0,53.0,235.5,22.0,1.0,1.0,4.0,4.0,4.0,4.0,4.0,4.0,1.0,2.0,1.0
2659,24/06/2026,city scrape,Room A - Private Room in House Near Mooney’s Bay,Samer,"Ottawa, Canada",f,t,River,Private room in home,Private room,29/06/2026,01/07/2026,t,24/06/2026,21/06/2026,21/06/2026,7.0,6.0,3.0,6.0,2.0,45.0,-75.0,2.0,1.0,2.0,1.0,103.0,1626.0,103.0,30.0,365.0,12.0,29.0,53.0,235.5,22.0,1.0,1.0,4.0,4.0,4.0,4.0,4.0,4.0,1.0,2.0,1.0
2660,24/06/2026,city scrape,"Private & separate guest room, free street parking",Omid,"Ottawa, Canada",t,t,West Carleton-March,Private room in home,Private room,28/06/2026,30/06/2026,t,24/06/2026,31/05/2026,19/06/2026,7.0,6.0,3.0,6.0,2.0,45.0,-75.0,2.0,1.0,2.0,1.0,103.0,1626.0,103.0,30.0,365.0,12.0,29.0,53.0,235.5,22.0,1.0,1.0,4.0,4.0,4.0,4.0,4.0,4.0,1.0,2.0,1.0
2661,24/06/2026,city scrape,Entire Bsmt Suite w/ Private Bath | Near Airport,Franck Kapoko,"Ottawa, Canada",f,t,Gloucester-South Nepean,Private room in home,Private room,27/06/2026,28/06/2026,t,24/06/2026,16/05/2026,12/06/2026,7.0,6.0,3.0,6.0,2.0,45.0,-75.0,2.0,1.0,2.0,1.0,103.0,1626.0,103.0,30.0,365.0,12.0,29.0,53.0,235.5,22.0,1.0,1.0,4.0,4.0,4.0,4.0,4.0,4.0,1.0,2.0,1.0
2662,24/06/2026,city scrape,Sleek Studio in Sandy Hill,Erwin,"Ottawa, Canada",f,t,Rideau-Vanier,Entire rental unit,Entire home/apt,17/09/2026,17/10/2026,t,24/06/2026,10,10,7.0,6.0,3.0,6.0,2.0,45.0,-75.0,2.0,1.0,2.0,1.0,103.0,1626.0,103.0,30.0,365.0,12.0,29.0,53.0,235.5,22.0,1.0,1.0,4.0,4.0,4.0,4.0,4.0,4.0,1.0,2.0,1.0
2663,24/06/2026,city scrape,"Chic, cozy, and family-friendly.",Lindsay,"Ottawa, Canada",t,t,Innes,Entire home,Entire home/apt,28/07/2026,27/08/2026,t,24/06/2026,10,10,3.0,7.0,3.0,7.0,4.0,45.0,-75.0,4.0,1.0,2.0,2.0,94.0,2849.0,94.0,30.0,365.0,0.0,26.0,56.0,56.0,0.0,0.0,0.0,4.0,4.0,4.0,4.0,4.0,4.0,1.0,3.0,3.0
2664,24/06/2026,city scrape,Modern Suite with Patio & Parkside Retreat,Gino,"Ottawa, Canada",f,t,Barrhaven,Entire rental unit,Entire home/apt,16/10/2026,15/11/2026,t,24/06/2026,10,10,9.0,5.0,1.0,8.0,2.0,45.0,-75.0,4.0,1.0,2.0,1.0,103.0,3102.0,103.0,30.0,365.0,6.0,15.0,15.0,266.0,0.0,0.0,0.0,4.0,4.0,4.0,4.0,4.0,4.0,1.0,2.0,2.0
2665,24/06/2026,city scrape,Beautiful Entire Modern Home*Sleeps 10! 5BR NFLX,Micbet,"Ottawa, Canada",t,t,Barrhaven,Entire home,Entire home/apt,28/10/2026,27/11/2026,t,24/06/2026,10,10,7.0,6.0,3.0,6.0,2.0,45.0,-75.0,2.0,1.0,2.0,1.0,103.0,1626.0,103.0,30.0,365.0,12.0,29.0,53.0,235.5,22.0,1.0,1.0,4.0,4.0,4.0,4.0,4.0,4.0,1.0,2.0,1.0
2666,24/06/2026,city scrape,New Studio Hintonburg,Ameer,"Ottawa, Canada",f,t,Kitchissippi,Entire rental unit,Entire home/apt,17/07/2026,16/08/2026,t,24/06/2026,10,10,7.0,6.0,3.0,6.0,2.0,45.0,-75.0,2.0,1.0,2.0,1.0,103.0,1626.0,103.0,30.0,365.0,12.0,29.0,53.0,235.5,22.0,1.0,1.0,4.0,4.0,4.0,4.0,4.0,4.0,1.0,2.0,1.0
2667,24/06/2026,city scrape,Townhouse in Ottawa,Hooman,"Ottawa, Canada",f,t,Barrhaven,Entire home,Entire home/apt,01/05/2027,31/05/2027,t,24/06/2026,10,10,4.0,11.0,0.0,1.0,1.0,45.0,-75.0,2.0,1.0,1.0,2.0,127.0,3822.0,127.0,30.0,60.0,3.0,3.0,3.0,57.0,0.0,0.0,0.0,4.0,4.0,4.0,4.0,4.0,4.0,1.0,1.0,1.0
2668,24/06/2026,city scrape,"Luxury Group Stay w/ Sauna, Hot Tub & Parking",Miles,"Ottawa, Canada",t,t,College,Entire home,Entire home/apt,29/06/2026,30/06/2026,t,24/06/2026,10,10,7.0,6.0,3.0,6.0,2.0,45.0,-75.0,2.0,1.0,2.0,1.0,103.0,1626.0,103.0,30.0,365.0,12.0,29.0,53.0,235.5,22.0,1.0,1.0,4.0,4.0,4.0,4.0,4.0,4.0,1.0,2.0,1.0
2669,24/06/2026,city scrape,Chic Urban 1BR Apt with Skyline Views,Corporate Stays,"Montreal, Canada",f,f,Rideau-Vanier,Entire rental unit,Entire home/apt,27/09/2026,27/10/2026,t,24/06/2026,10,10,7.0,6.0,3.0,6.0,2.0,45.0,-75.0,2.0,1.0,2.0,1.0,103.0,1626.0,103.0,30.0,365.0,12.0,29.0,53.0,235.5,22.0,1.0,1.0,4.0,4.0,4.0,4.0,4.0,4.0,1.0,2.0,1.0
2670,24/06/2026,city scrape,Chic Urban 1BR Apt with Balcony and Skyline Views,Corporate Stays,"Montreal, Canada",f,f,Rideau-Vanier,Entire rental unit,Entire home/apt,05/09/2026,05/10/2026,t,24/06/2026,10,10,7.0,6.0,3.0,6.0,2.0,45.0,-75.0,2.0,1.0,2.0,1.0,103.0,1626.0,103.0,30.0,365.0,12.0,29.0,53.0,235.5,22.0,1.0,1.0,4.0,4.0,4.0,4.0,4.0,4.0,1.0,2.0,1.0
2671,24/06/2026,city scrape,Carlton West Modern Living | Zen 1BR,Audrey,"Ottawa, Canada",f,t,Kitchissippi,Entire rental unit,Entire home/apt,05/07/2026,05/08/2026,t,24/06/2026,10,10,7.0,6.0,3.0,6.0,2.0,45.0,-75.0,2.0,1.0,2.0,1.0,103.0,1626.0,103.0,30.0,365.0,12.0,29.0,53.0,235.5,22.0,1.0,1.0,4.0,4.0,4.0,4.0,4.0,4.0,1.0,2.0,1.0
2672,24/06/2026,city scrape,2 Bedroom (or 1bdrm + office): Ottawa East Central,Paul,"Ottawa, Canada",f,t,Rideau-Vanier,Entire home,Entire home/apt,16/08/2026,15/09/2026,t,24/06/2026,10,10,7.0,6.0,3.0,6.0,2.0,45.0,-75.0,2.0,1.0,2.0,1.0,103.0,1626.0,103.0,30.0,365.0,12.0,29.0,53.0,235.5,22.0,1.0,1.0,4.0,4.0,4.0,4.0,4.0,4.0,1.0,2.0,1.0
2673,24/06/2026,city scrape,Bright Minimalist Studio Near Downtown,Erwin,"Ottawa, Canada",f,t,Rideau-Vanier,Entire rental unit,Entire home/apt,24/06/2026,24/07/2026,t,24/06/2026,10,10,7.0,6.0,3.0,6.0,2.0,45.0,-75.0,2.0,1.0,2.0,1.0,103.0,1626.0,103.0,30.0,365.0,12.0,29.0,53.0,235.5,22.0,1.0,1.0,4.0,4.0,4.0,4.0,4.0,4.0,1.0,2.0,1.0
2674,24/06/2026,city scrape,Modern Studio in the Heart of Ottawa,Luis,"Gatineau, Canada",t,t,Somerset,Entire rental unit,Entire home/apt,24/06/2026,24/07/2026,t,24/06/2026,10,10,7.0,6.0,3.0,6.0,2.0,45.0,-75.0,2.0,1.0,2.0,1.0,103.0,1626.0,103.0,30.0,365.0,12.0,29.0,53.0,235.5,22.0,1.0,1.0,4.0,4.0,4.0,4.0,4.0,4.0,1.0,2.0,1.0
2675,24/06/2026,city scrape,Cozy Downtown Studio Near Everything,Luis,"Gatineau, Canada",t,t,Somerset,Entire rental unit,Entire home/apt,25/06/2026,25/07/2026,t,24/06/2026,10,10,7.0,6.0,3.0,6.0,2.0,45.0,-75.0,2.0,1.0,2.0,1.0,103.0,1626.0,103.0,30.0,365.0,12.0,29.0,53.0,235.5,22.0,1.0,1.0,4.0,4.0,4.0,4.0,4.0,4.0,1.0,2.0,1.0
2676,24/06/2026,city scrape,Your Westboro Home Away From Home,Luis,"Gatineau, Canada",t,t,Kitchissippi,Entire rental unit,Entire home/apt,09/08/2026,08/09/2026,t,24/06/2026,10,10,7.0,6.0,3.0,6.0,2.0,45.0,-75.0,2.0,1.0,2.0,1.0,103.0,1626.0,103.0,30.0,365.0,12.0,29.0,53.0,235.5,22.0,1.0,1.0,4.0,4.0,4.0,4.0,4.0,4.0,1.0,2.0,1.0
2677,24/06/2026,city scrape,"Stewart St Retreat in Downtown Ottawa, 1BDR",Tatiana,"Mississauga, Canada",t,t,Rideau-Vanier,Entire rental unit,Entire home/apt,08/07/2026,07/08/2026,t,24/06/2026,10,10,6.0,0.0,6.0,0.0,2.0,45.0,-75.0,2.0,1.0,1.0,1.0,70.0,2122.0,70.0,30.0,90.0,16.0,46.0,63.0,63.0,0.0,0.0,0.0,4.0,4.0,4.0,4.0,4.0,4.0,1.0,1.0,1.0
2678,24/06/2026,city scrape,Modern New Build in Hintonburg,Ameer,"Ottawa, Canada",f,t,Kitchissippi,Entire home,Entire home/apt,24/06/2026,24/07/2026,t,24/06/2026,10,10,7.0,6.0,3.0,6.0,2.0,45.0,-75.0,2.0,1.0,2.0,1.0,103.0,1626.0,103.0,30.0,365.0,12.0,29.0,53.0,235.5,22.0,1.0,1.0,4.0,4.0,4.0,4.0,4.0,4.0,1.0,2.0,1.0
2679,24/06/2026,city scrape,Beautifully Designed Executive Home in Ottawa,Korosh,"Ottawa, Canada",f,t,Stittsville-Kanata West,Entire home,Entire home/apt,28/06/2026,01/07/2026,t,24/06/2026,14/06/2026,18/06/2026,7.0,6.0,3.0,6.0,2.0,45.0,-75.0,2.0,1.0,2.0,1.0,103.0,1626.0,103.0,30.0,365.0,12.0,29.0,53.0,235.5,22.0,1.0,1.0,4.0,4.0,4.0,4.0,4.0,4.0,1.0,2.0,1.0
2680,24/06/2026,city scrape,Studio near University of Ottawa,Luis,"Gatineau, Canada",t,t,Rideau-Vanier,Entire rental unit,Entire home/apt,31/07/2026,30/08/2026,t,24/06/2026,10,10,7.0,6.0,3.0,6.0,2.0,45.0,-75.0,2.0,1.0,2.0,1.0,103.0,1626.0,103.0,30.0,365.0,12.0,29.0,53.0,235.5,22.0,1.0,1.0,4.0,4.0,4.0,4.0,4.0,4.0,1.0,2.0,1.0
2681,24/06/2026,city scrape,Have 65 inches big TV in the bedroom and loft,Indu,"Ottawa, Canada",f,t,Bay,Private room in home,Private room,24/06/2026,25/06/2026,t,24/06/2026,10,10,1.0,6.0,1.0,0.0,2.0,45.0,-75.0,2.0,1.0,1.0,1.0,123.0,123.0,123.0,1.0,365.0,30.0,60.0,90.0,365.0,0.0,0.0,0.0,4.0,4.0,4.0,4.0,4.0,4.0,1.0,2.0,0.0
2682,24/06/2026,city scrape,Nepean | Quaint 5 Bedroom Home w. Huge Backyard,Natalie,"Ottawa, Canada",f,t,College,Entire home,Entire home/apt,22/08/2026,21/09/2026,t,24/06/2026,10,10,7.0,6.0,3.0,6.0,2.0,45.0,-75.0,2.0,1.0,2.0,1.0,103.0,1626.0,103.0,30.0,365.0,12.0,29.0,53.0,235.5,22.0,1.0,1.0,4.0,4.0,4.0,4.0,4.0,4.0,1.0,2.0,1.0
2683,24/06/2026,city scrape,Beautiful Private Basement Suite in Nepean Ottawa,Daniel,"Ottawa, Canada",f,t,Barrhaven,Entire home,Entire home/apt,08/07/2026,09/07/2026,t,24/06/2026,21/06/2026,21/06/2026,7.0,6.0,3.0,6.0,2.0,45.0,-75.0,2.0,1.0,2.0,1.0,103.0,1626.0,103.0,30.0,365.0,12.0,29.0,53.0,235.5,22.0,1.0,1.0,4.0,4.0,4.0,4.0,4.0,4.0,1.0,2.0,1.0
2684,24/06/2026,city scrape,Stylish 2BR Retreat Near Downtown Ottawa,Corporate Stays,"Montreal, Canada",f,f,Kitchissippi,Entire rental unit,Entire home/apt,14/08/2026,13/09/2026,t,24/06/2026,10,10,7.0,6.0,3.0,6.0,2.0,45.0,-75.0,2.0,1.0,2.0,1.0,103.0,1626.0,103.0,30.0,365.0,12.0,29.0,53.0,235.5,22.0,1.0,1.0,4.0,4.0,4.0,4.0,4.0,4.0,1.0,2.0,1.0
2685,24/06/2026,city scrape,"Modern 4BR Retreat w/ Patio, Free Parking | Ottawa",Victoria,"Ottawa, Canada",f,t,Gloucester-South Nepean,Entire home,Entire home/apt,24/06/2026,24/07/2026,t,24/06/2026,10,10,7.0,6.0,3.0,6.0,2.0,45.0,-75.0,2.0,1.0,2.0,1.0,103.0,1626.0,103.0,30.0,365.0,12.0,29.0,53.0,235.5,22.0,1.0,1.0,4.0,4.0,4.0,4.0,4.0,4.0,1.0,2.0,1.0
2686,24/06/2026,city scrape,5 Bedroom Townhouse in Sandyhill,Short And Suite BnB,"Ottawa, Canada",t,t,Rideau-Vanier,Entire rental unit,Entire home/apt,31/07/2026,30/08/2026,t,24/06/2026,10,10,7.0,6.0,3.0,6.0,2.0,45.0,-75.0,2.0,1.0,2.0,1.0,103.0,1626.0,103.0,30.0,365.0,12.0,29.0,53.0,235.5,22.0,1.0,1.0,4.0,4.0,4.0,4.0,4.0,4.0,1.0,2.0,1.0
2687,24/06/2026,city scrape,Furnished 3BR Kanata Home | Tech Hub & Top Schools,Tanya,"Ottawa, Canada",f,t,Kanata North,Entire home,Entire home/apt,24/07/2026,23/08/2026,t,24/06/2026,10,10,7.0,6.0,3.0,6.0,2.0,45.0,-75.0,2.0,1.0,2.0,1.0,103.0,1626.0,103.0,30.0,365.0,12.0,29.0,53.0,235.5,22.0,1.0,1.0,4.0,4.0,4.0,4.0,4.0,4.0,1.0,2.0,1.0
2688,24/06/2026,city scrape,Luxury Furnished 3-Bedroom Home Alta Vista,John,"Ottawa, Canada",t,t,Alta Vista,Entire home,Entire home/apt,08/08/2026,07/09/2026,t,24/06/2026,10,10,10.0,5.0,0.0,7.0,3.0,45.0,-75.0,6.0,1.0,3.0,3.0,187.0,5612.0,187.0,30.0,1125.0,9.0,24.0,54.0,329.0,0.0,0.0,0.0,4.0,4.0,4.0,4.0,4.0,4.0,1.0,3.0,3.0
2689,24/06/2026,city scrape,All-Inclusive Studio | Full Kitchen,Guillaume,"Ottawa, Canada",f,t,Beacon Hill-Cyrville,Entire rental unit,Entire home/apt,24/09/2026,24/10/2026,t,24/06/2026,10,10,7.0,6.0,3.0,6.0,2.0,45.0,-75.0,2.0,1.0,2.0,1.0,103.0,1626.0,103.0,30.0,365.0,12.0,29.0,53.0,235.5,22.0,1.0,1.0,4.0,4.0,4.0,4.0,4.0,4.0,1.0,2.0,1.0
2690,24/06/2026,city scrape,"New Apartment 2 Bedroom, 3 Beds 1 Bussroom",Nadya,"Ottawa, Canada",f,t,Kitchissippi,Entire rental unit,Entire home/apt,07/08/2026,06/09/2026,t,24/06/2026,10,10,2.0,9.0,0.0,10.0,2.0,45.0,-75.0,5.0,1.0,2.0,2.0,113.0,3410.0,113.0,30.0,365.0,0.0,16.0,46.0,321.0,0.0,0.0,0.0,4.0,4.0,4.0,4.0,4.0,4.0,1.0,2.0,2.0
2691,24/06/2026,city scrape,"Clean, fresh, modern living next to Rideau Cottage",Roya,"Brussels, Belgium",f,t,Rideau-Rockcliffe,Entire rental unit,Entire home/apt,01/11/2026,01/12/2026,t,24/06/2026,10,10,13.0,0.0,12.0,11.0,1.0,45.0,-75.0,2.0,1.0,1.0,1.0,76.0,2290.0,76.0,30.0,120.0,10.0,19.0,24.0,74.0,0.0,0.0,0.0,4.0,4.0,4.0,4.0,4.0,4.0,1.0,1.0,1.0
2692,24/06/2026,city scrape,Ottawa's Peaceful Southeast End,Molly,"Ottawa, Canada",f,t,Gloucester-South Nepean,Entire home,Entire home/apt,23/07/2026,22/08/2026,t,24/06/2026,10,10,7.0,6.0,3.0,6.0,2.0,45.0,-75.0,2.0,1.0,2.0,1.0,103.0,1626.0,103.0,30.0,365.0,12.0,29.0,53.0,235.5,22.0,1.0,1.0,4.0,4.0,4.0,4.0,4.0,4.0,1.0,2.0,1.0
2693,24/06/2026,city scrape,Modern Home by Barrhaven Marketplace 5BR 3.5Bath,Morenike,"Ottawa, Canada",f,t,Barrhaven,Entire home,Entire home/apt,29/06/2026,01/07/2026,t,24/06/2026,10,10,7.0,6.0,3.0,6.0,2.0,45.0,-75.0,2.0,1.0,2.0,1.0,103.0,1626.0,103.0,30.0,365.0,12.0,29.0,53.0,235.5,22.0,1.0,1.0,4.0,4.0,4.0,4.0,4.0,4.0,1.0,2.0,1.0
2694,24/06/2026,city scrape,BR. New Luxury 4 BR Home with Premium Upgrades,Nadya,"Ottawa, Canada",f,t,Kitchissippi,Entire home,Entire home/apt,12/08/2026,11/09/2026,t,24/06/2026,10,10,7.0,6.0,3.0,6.0,2.0,45.0,-75.0,2.0,1.0,2.0,1.0,103.0,1626.0,103.0,30.0,365.0,12.0,29.0,53.0,235.5,22.0,1.0,1.0,4.0,4.0,4.0,4.0,4.0,4.0,1.0,2.0,1.0
2695,24/06/2026,city scrape,Carlton West Modern 2BR Condo | Prime Location,Audrey,"Ottawa, Canada",f,t,Kitchissippi,Entire rental unit,Entire home/apt,31/10/2026,01/12/2026,t,24/06/2026,10,10,7.0,6.0,3.0,6.0,2.0,45.0,-75.0,2.0,1.0,2.0,1.0,103.0,1626.0,103.0,30.0,365.0,12.0,29.0,53.0,235.5,22.0,1.0,1.0,4.0,4.0,4.0,4.0,4.0,4.0,1.0,2.0,1.0
2696,24/06/2026,city scrape,Sandy Hill Downtown Guesthouse,Luis,"Gatineau, Canada",t,t,Rideau-Vanier,Entire home,Entire home/apt,16/07/2026,15/08/2026,t,24/06/2026,10,10,7.0,6.0,3.0,6.0,2.0,45.0,-75.0,2.0,1.0,2.0,1.0,103.0,1626.0,103.0,30.0,365.0,12.0,29.0,53.0,235.5,22.0,1.0,1.0,4.0,4.0,4.0,4.0,4.0,4.0,1.0,2.0,1.0
2697,24/06/2026,city scrape,"Modern Private Suite, Self Check-In & Relaxing",Stacie,"Ottawa, Canada",f,t,River,Entire home,Entire home/apt,22/07/2026,21/08/2026,t,24/06/2026,10,10,2.0,1.0,0.0,0.0,1.0,45.0,-75.0,4.0,1.0,1.0,2.0,122.0,3667.0,122.0,30.0,365.0,2.0,32.0,62.0,337.0,0.0,0.0,0.0,4.0,4.0,4.0,4.0,4.0,4.0,1.0,1.0,1.0
2698,24/06/2026,city scrape,Spacious Family Home | Airport • Downtown,Sara,"Ottawa, Canada",f,t,Gloucester-South Nepean,Entire home,Entire home/apt,04/09/2026,04/10/2026,t,24/06/2026,10,10,7.0,6.0,3.0,6.0,2.0,45.0,-75.0,2.0,1.0,2.0,1.0,103.0,1626.0,103.0,30.0,365.0,12.0,29.0,53.0,235.5,22.0,1.0,1.0,4.0,4.0,4.0,4.0,4.0,4.0,1.0,2.0,1.0
2699,24/06/2026,city scrape,Bright & Comfortable Stay,Tayo,"Ottawa, Canada",f,t,Innes,Private room in home,Private room,24/06/2026,24/07/2026,t,24/06/2026,10,10,3.0,6.0,0.0,6.0,5.0,45.0,-75.0,2.0,1.0,1.0,1.0,46.0,1381.0,46.0,30.0,90.0,30.0,60.0,90.0,270.0,0.0,0.0,0.0,4.0,4.0,4.0,4.0,4.0,4.0,1.0,4.0,0.0
2700,24/06/2026,city scrape,Serene Retreat Surrounded by Green Space,Ray,"Ottawa, Canada",f,t,Gloucester-South Nepean,Private room in bungalow,Private room,19/07/2026,18/08/2026,t,24/06/2026,10,10,9.0,10.0,0.0,2.0,4.0,45.0,-75.0,2.0,1.0,1.0,1.0,67.0,2039.0,67.0,30.0,1125.0,5.0,35.0,65.0,340.0,0.0,0.0,0.0,4.0,4.0,4.0,4.0,4.0,4.0,1.0,4.0,1.0
2701,24/06/2026,city scrape,Quiet Retreat Near Airport in Green Surroundings,Ray,"Ottawa, Canada",f,t,Gloucester-South Nepean,Private room in bungalow,Private room,19/07/2026,18/08/2026,t,24/06/2026,10,10,9.0,10.0,0.0,2.0,4.0,45.0,-75.0,2.0,1.0,1.0,1.0,71.0,2153.0,71.0,30.0,1125.0,5.0,35.0,65.0,340.0,0.0,0.0,0.0,4.0,4.0,4.0,4.0,4.0,4.0,1.0,4.0,1.0
2702,24/06/2026,city scrape,Large Private Room Near Ottawa Airport,Ray,"Ottawa, Canada",f,t,Gloucester-South Nepean,Private room in bungalow,Private room,19/07/2026,18/08/2026,t,24/06/2026,10,10,9.0,10.0,0.0,2.0,4.0,45.0,-75.0,2.0,1.0,1.0,1.0,87.0,2610.0,87.0,30.0,1125.0,5.0,35.0,65.0,340.0,0.0,0.0,0.0,4.0,4.0,4.0,4.0,4.0,4.0,1.0,4.0,1.0
2703,24/06/2026,city scrape,Room B - Private Room Near Mooney’s Bay,Samer,"Ottawa, Canada",f,t,River,Private room in home,Private room,29/06/2026,01/07/2026,t,24/06/2026,14/06/2026,21/06/2026,7.0,6.0,3.0,6.0,2.0,45.0,-75.0,2.0,1.0,2.0,1.0,103.0,1626.0,103.0,30.0,365.0,12.0,29.0,53.0,235.5,22.0,1.0,1.0,4.0,4.0,4.0,4.0,4.0,4.0,1.0,2.0,1.0
2704,24/06/2026,city scrape,Hintonburg Hideaway · Cozy Ground-Floor Studio,Jillian,"Ottawa, Canada",f,t,Kitchissippi,Entire rental unit,Entire home/apt,24/06/2026,24/07/2026,t,24/06/2026,10,10,11.0,2.0,2.0,4.0,1.0,45.0,-75.0,2.0,1.0,2.0,1.0,95.0,2874.0,95.0,30.0,365.0,30.0,60.0,90.0,270.0,0.0,0.0,0.0,4.0,4.0,4.0,4.0,4.0,4.0,1.0,1.0,1.0
2705,24/06/2026,city scrape,1br Apartment in The Glebe,Kayla,"Ottawa, Canada",t,t,Capital,Entire rental unit,Entire home/apt,11/09/2026,11/10/2026,t,24/06/2026,10,10,11.0,2.0,3.0,11.0,2.0,45.0,-75.0,2.0,1.0,1.0,1.0,61.0,1832.0,61.0,30.0,365.0,4.0,4.0,15.0,62.0,0.0,0.0,0.0,4.0,4.0,4.0,4.0,4.0,4.0,1.0,1.0,1.0
2706,24/06/2026,city scrape,"Deluxe bungalow 4 bdroom, 3 bath - min 30 day",Mahmoud,"Ottawa, Canada",f,t,Beacon Hill-Cyrville,Entire bungalow,Entire home/apt,21/07/2026,20/08/2026,t,24/06/2026,10,10,7.0,6.0,3.0,6.0,2.0,45.0,-75.0,2.0,1.0,2.0,1.0,103.0,1626.0,103.0,30.0,365.0,12.0,29.0,53.0,235.5,22.0,1.0,1.0,4.0,4.0,4.0,4.0,4.0,4.0,1.0,2.0,1.0
2707,24/06/2026,city scrape,4-Bedroom Group Stay • Free Parking,EasyStayPM,"Ottawa, Canada",t,t,Innes,Entire home,Entire home/apt,06/07/2026,09/07/2026,t,24/06/2026,10,10,7.0,6.0,3.0,6.0,2.0,45.0,-75.0,2.0,1.0,2.0,1.0,103.0,1626.0,103.0,30.0,365.0,12.0,29.0,53.0,235.5,22.0,1.0,1.0,4.0,4.0,4.0,4.0,4.0,4.0,1.0,2.0,1.0
2708,24/06/2026,city scrape,Private Suite in Centretown,Michael,"Ottawa, Canada",f,t,Somerset,Private room in rental unit,Private room,08/01/2027,08/02/2027,f,24/06/2026,10,10,0.0,2.0,0.0,2.0,2.0,45.0,-75.0,1.0,1.0,1.0,1.0,173.0,2246.0,173.0,31.0,365.0,0.0,0.0,0.0,167.0,0.0,0.0,0.0,4.0,4.0,4.0,4.0,4.0,4.0,1.0,2.0,0.0
2709,24/06/2026,city scrape,Carlton West Spacious Condo | 2BR,Audrey,"Ottawa, Canada",f,t,Kitchissippi,Entire rental unit,Entire home/apt,09/08/2026,09/09/2026,t,24/06/2026,10,10,7.0,6.0,3.0,6.0,2.0,45.0,-75.0,2.0,1.0,2.0,1.0,103.0,1626.0,103.0,30.0,365.0,12.0,29.0,53.0,235.5,22.0,1.0,1.0,4.0,4.0,4.0,4.0,4.0,4.0,1.0,2.0,1.0
2710,24/06/2026,city scrape,Deluxe Bungalow 4bdroom 3bathroom for 30 days min,Mahmoud,"Ottawa, Canada",f,t,Beacon Hill-Cyrville,Entire home,Entire home/apt,24/06/2026,24/07/2026,t,24/06/2026,10,10,7.0,6.0,3.0,6.0,2.0,45.0,-75.0,2.0,1.0,2.0,1.0,103.0,1626.0,103.0,30.0,365.0,12.0,29.0,53.0,235.5,22.0,1.0,1.0,4.0,4.0,4.0,4.0,4.0,4.0,1.0,2.0,1.0
2711,24/06/2026,city scrape,Carlton West Stylish Comfort | 2BR,Audrey,"Ottawa, Canada",f,t,Kitchissippi,Entire rental unit,Entire home/apt,24/06/2026,25/07/2026,t,24/06/2026,10,10,7.0,6.0,3.0,6.0,2.0,45.0,-75.0,2.0,1.0,2.0,1.0,103.0,1626.0,103.0,30.0,365.0,12.0,29.0,53.0,235.5,22.0,1.0,1.0,4.0,4.0,4.0,4.0,4.0,4.0,1.0,2.0,1.0
2712,24/06/2026,city scrape,Renfrew,Sean,"Ottawa, Canada",t,t,Capital,Entire home,Entire home/apt,24/06/2026,24/07/2026,t,24/06/2026,10,10,7.0,6.0,3.0,6.0,2.0,45.0,-75.0,2.0,1.0,2.0,1.0,103.0,1626.0,103.0,30.0,365.0,12.0,29.0,53.0,235.5,22.0,1.0,1.0,4.0,4.0,4.0,4.0,4.0,4.0,1.0,2.0,1.0
2713,24/06/2026,city scrape,Cozy 2BR in the heart of Ottawa,Ramsey,"Ottawa, Canada",f,t,Capital,Entire rental unit,Entire home/apt,01/11/2026,01/12/2026,t,24/06/2026,10,10,9.0,11.0,0.0,0.0,1.0,45.0,-75.0,4.0,1.0,2.0,3.0,110.0,3319.0,110.0,30.0,365.0,0.0,0.0,0.0,235.0,0.0,0.0,0.0,4.0,4.0,4.0,4.0,4.0,4.0,1.0,1.0,1.0
2714,24/06/2026,city scrape,Love your stay in a trendy&central neighborhood!,Gilda,"Ottawa, Canada",t,t,Kitchissippi,Private room in home,Private room,04/07/2026,03/08/2026,t,24/06/2026,10,10,10.0,1.0,9.0,10.0,2.0,45.0,-75.0,1.0,1.0,1.0,1.0,60.0,1813.0,60.0,30.0,365.0,20.0,50.0,80.0,355.0,0.0,0.0,0.0,4.0,4.0,4.0,4.0,4.0,4.0,1.0,2.0,0.0
2715,24/06/2026,city scrape,Prime Ottawa Location 1BR Apartment,Luis,"Gatineau, Canada",t,t,Kitchissippi,Entire rental unit,Entire home/apt,24/06/2026,24/07/2026,t,24/06/2026,10,10,7.0,6.0,3.0,6.0,2.0,45.0,-75.0,2.0,1.0,2.0,1.0,103.0,1626.0,103.0,30.0,365.0,12.0,29.0,53.0,235.5,22.0,1.0,1.0,4.0,4.0,4.0,4.0,4.0,4.0,1.0,2.0,1.0
2716,24/06/2026,city scrape,Single-Family 3BR in the Heart of Wellington West,Dave,"Ottawa, Canada",f,t,Kitchissippi,Entire home,Entire home/apt,25/06/2026,25/07/2026,t,24/06/2026,10,10,7.0,6.0,3.0,6.0,2.0,45.0,-75.0,2.0,1.0,2.0,1.0,103.0,1626.0,103.0,30.0,365.0,12.0,29.0,53.0,235.5,22.0,1.0,1.0,4.0,4.0,4.0,4.0,4.0,4.0,1.0,2.0,1.0
2717,24/06/2026,city scrape,Modern Studio Steps from uOttawa & ByWard Market,Erwin,"Ottawa, Canada",f,t,Rideau-Vanier,Entire rental unit,Entire home/apt,24/06/2026,24/07/2026,t,24/06/2026,10,10,7.0,6.0,3.0,6.0,2.0,45.0,-75.0,2.0,1.0,2.0,1.0,103.0,1626.0,103.0,30.0,365.0,12.0,29.0,53.0,235.5,22.0,1.0,1.0,4.0,4.0,4.0,4.0,4.0,4.0,1.0,2.0,1.0
2718,24/06/2026,city scrape,Studio in Downtown | Near ByWard Market & UOttawa,OĞUzhan,"Ottawa, Canada",f,t,Rideau-Vanier,Entire rental unit,Entire home/apt,23/07/2026,22/08/2026,t,24/06/2026,10,10,2.0,1.0,0.0,0.0,2.0,45.0,-75.0,2.0,1.0,1.0,1.0,57.0,1726.0,57.0,30.0,365.0,1.0,31.0,56.0,266.0,0.0,0.0,0.0,4.0,4.0,4.0,4.0,4.0,4.0,1.0,2.0,2.0
2719,24/06/2026,city scrape,Fully Furnished 2BR/2BA Suite For Monthly Stays,Tiffany,"Ottawa, Canada",f,t,College,Entire rental unit,Entire home/apt,17/07/2026,16/08/2026,t,24/06/2026,10,10,7.0,6.0,3.0,6.0,2.0,45.0,-75.0,2.0,1.0,2.0,1.0,103.0,1626.0,103.0,30.0,365.0,12.0,29.0,53.0,235.5,22.0,1.0,1.0,4.0,4.0,4.0,4.0,4.0,4.0,1.0,2.0,1.0
2720,24/06/2026,city scrape,Warm & Welcoming Stay in Ottawa Near Amenities,Tayo,"Ottawa, Canada",f,t,Innes,Private room in home,Private room,24/06/2026,24/07/2026,t,24/06/2026,10,10,3.0,6.0,0.0,6.0,5.0,45.0,-75.0,2.0,1.0,1.0,1.0,46.0,1381.0,46.0,30.0,90.0,30.0,60.0,90.0,270.0,0.0,0.0,0.0,4.0,4.0,4.0,4.0,4.0,4.0,1.0,4.0,0.0
2721,24/06/2026,city scrape,Chic 3BR Unit in DT Ottawa (Sandyhill) w/Parking*,Jaybird,"Ottawa, Canada",t,t,Rideau-Vanier,Entire rental unit,Entire home/apt,26/06/2026,28/06/2026,t,24/06/2026,10,10,7.0,6.0,3.0,6.0,2.0,45.0,-75.0,2.0,1.0,2.0,1.0,103.0,1626.0,103.0,30.0,365.0,12.0,29.0,53.0,235.5,22.0,1.0,1.0,4.0,4.0,4.0,4.0,4.0,4.0,1.0,2.0,1.0
2722,24/06/2026,city scrape,Entire 3 Bedroom Home | Park-facing | Private,Rajal,"Ottawa, Canada",f,t,Rideau-Goulbourn,Entire home,Entire home/apt,01/08/2026,31/08/2026,t,24/06/2026,10,10,7.0,6.0,3.0,6.0,2.0,45.0,-75.0,2.0,1.0,2.0,1.0,103.0,1626.0,103.0,30.0,365.0,12.0,29.0,53.0,235.5,22.0,1.0,1.0,4.0,4.0,4.0,4.0,4.0,4.0,1.0,2.0,1.0
2723,24/06/2026,city scrape,Ferngully - A Quiet Room,Shayne,"Ottawa, Canada",f,f,Stittsville-Kanata West,Private room in home,Private room,24/06/2026,24/07/2026,t,24/06/2026,10,10,1.0,11.0,1.0,11.0,2.0,45.0,-75.0,1.0,1.0,1.0,1.0,48.0,1442.0,48.0,30.0,90.0,30.0,60.0,90.0,365.0,0.0,0.0,0.0,4.0,4.0,4.0,4.0,4.0,4.0,1.0,2.0,1.0
2724,24/06/2026,city scrape,Studio Steps from University of Ottawa-Sandy Hill,OĞUzhan,"Ottawa, Canada",f,t,Rideau-Vanier,Entire home,Entire home/apt,24/06/2026,24/07/2026,t,24/06/2026,10,10,2.0,1.0,0.0,0.0,2.0,45.0,-75.0,2.0,1.0,1.0,1.0,57.0,1726.0,57.0,30.0,365.0,30.0,60.0,90.0,365.0,0.0,0.0,0.0,4.0,4.0,4.0,4.0,4.0,4.0,1.0,2.0,2.0
2725,24/06/2026,city scrape,The Town Home in Downtown Ottawa,Andre,"Ottawa, Canada",f,t,Somerset,Entire home,Entire home/apt,31/08/2026,01/09/2026,t,24/06/2026,10,10,7.0,6.0,3.0,6.0,2.0,45.0,-75.0,2.0,1.0,2.0,1.0,103.0,1626.0,103.0,30.0,365.0,12.0,29.0,53.0,235.5,22.0,1.0,1.0,4.0,4.0,4.0,4.0,4.0,4.0,1.0,2.0,1.0
2726,24/06/2026,city scrape,Modern 1BR in the Heart of Ottawa,Luis,"Gatineau, Canada",t,t,Somerset,Entire rental unit,Entire home/apt,24/06/2026,24/07/2026,t,24/06/2026,10,10,7.0,6.0,3.0,6.0,2.0,45.0,-75.0,2.0,1.0,2.0,1.0,103.0,1626.0,103.0,30.0,365.0,12.0,29.0,53.0,235.5,22.0,1.0,1.0,4.0,4.0,4.0,4.0,4.0,4.0,1.0,2.0,1.0
